tenth_percentage,twelfth_percentage,cgpa,backlogs,gap_years,java_skill,python_skill,dsa_level,web_dev,db_knowledge,projects_count,internship_experience,internship_count,aptitude_score,coding_score,communication_skill,hackathons_count,certifications_count,mock_interviews,placement_training_attended,placed
74.14,65.33,8.67,6,0,0,1,3,0,0,5,0,2,51.32,78.26,4,3,6,2,1,0
86.5,57.99,5.59,6,0,1,1,3,1,1,1,1,2,48.97,37.47,4,2,0,3,0,1
64.12,61.86,6.23,6,0,0,0,2,0,0,2,1,2,39.43,61.88,2,3,1,1,1,1
92.45,56.6,8.52,5,0,0,1,4,1,1,4,1,1,7.43,43.59,5,4,4,9,1,1
58.6,60.37,7.33,2,1,1,1,4,0,1,2,0,0,82.55,85.61,5,4,5,4,0,0
92.02,73.01,6.37,4,1,1,0,2,1,0,0,0,3,14.92,72.7,4,2,3,9,0,0
60.29,95.99,9.01,1,1,0,1,4,1,0,3,1,3,79.38,1.68,1,0,4,1,1,0
50.5,79.12,5.55,6,2,0,1,5,1,1,2,1,2,0.45,37.28,4,3,5,10,0,1
74.48,66.98,6.77,5,0,1,0,2,0,0,5,0,1,28.08,95.88,3,0,2,0,1,1
52.15,80.63,5.51,3,2,1,0,1,1,1,1,0,3,98.19,59.43,1,3,3,1,1,0
99.33,97.75,7.14,4,1,1,0,1,0,1,3,0,1,8.23,59.29,3,5,3,7,1,0
60.54,70.15,6.26,1,1,0,0,1,0,1,5,0,1,24.55,97.32,4,0,1,2,1,0
58.29,67.11,6.8,6,0,0,0,2,1,0,1,0,2,41.82,51.77,3,2,5,3,1,1
58.81,72.89,7.68,3,1,1,1,1,0,1,4,0,2,11.3,12.01,4,0,1,6,1,0
55.27,55.62,9.17,6,1,0,1,1,0,0,2,0,1,58.35,39.88,5,1,0,2,0,1
97.14,78.94,9.47,5,0,1,1,4,0,1,4,1,0,21.04,27.63,5,3,3,10,0,0
69.44,58.7,6.96,1,2,1,0,1,1,0,5,0,1,66.94,60.82,1,1,0,7,1,0
85.18,67.74,5.8,4,0,1,0,5,0,1,0,1,0,13.53,7.92,1,0,5,8,1,1
85.66,67.11,6.97,3,1,0,0,3,1,0,5,0,0,63.98,70.0,4,3,2,7,1,0
53.34,91.95,9.86,2,2,1,0,3,1,0,1,1,2,96.74,93.47,5,1,1,6,1,0
73.34,63.35,5.87,1,0,1,1,2,1,0,0,0,2,92.01,73.87,1,4,6,2,0,1
70.79,91.45,8.87,0,1,0,1,4,0,0,3,1,0,48.39,38.25,4,1,4,0,0,1
71.66,74.76,9.75,2,2,1,1,4,1,0,4,0,3,46.39,8.54,3,2,4,8,1,0
57.93,57.25,5.75,2,0,0,1,2,0,0,0,0,1,36.55,49.65,5,2,0,9,1,1
62.04,66.48,8.02,6,1,1,1,3,0,1,3,0,3,21.0,47.63,2,3,6,10,1,0
98.54,62.63,9.39,6,2,1,0,4,0,0,1,1,1,8.31,3.24,3,5,0,10,1,1
74.34,92.05,7.92,1,1,1,0,3,0,1,0,0,3,55.27,69.77,4,1,2,10,0,0
86.42,65.99,6.74,2,0,1,1,5,0,1,2,1,1,15.88,57.5,3,1,6,4,1,0
91.1,56.73,6.76,6,0,0,1,2,0,0,5,0,0,88.94,82.21,5,0,0,3,1,1
65.71,56.05,9.46,4,2,1,0,5,1,1,2,1,1,95.64,32.37,3,4,3,5,1,1
60.92,85.19,6.41,1,0,0,1,2,1,0,5,1,3,84.13,40.86,3,4,4,8,1,0
73.78,64.08,7.19,0,0,0,0,2,1,1,5,0,2,56.86,65.07,3,4,2,10,1,0
68.82,91.45,7.52,5,0,1,0,1,1,0,5,1,3,4.92,93.38,1,3,4,8,1,0
69.23,77.31,9.35,1,2,0,1,4,0,1,5,0,0,16.62,34.0,1,2,6,6,0,0
84.43,61.53,6.31,0,2,0,1,5,1,1,5,0,2,13.1,89.77,2,1,3,6,1,0
82.84,75.81,8.61,2,1,1,1,5,0,0,4,1,2,71.19,96.77,3,3,5,8,1,1
90.32,58.79,5.68,1,1,1,0,1,1,1,1,0,0,39.57,40.35,1,4,1,7,0,0
90.62,74.78,9.19,4,1,0,0,1,1,0,2,0,2,96.03,92.01,4,3,3,1,1,0
94.38,90.76,8.63,5,2,1,1,2,0,1,1,0,1,75.35,81.14,1,3,4,0,1,0
82.68,98.33,9.24,6,0,0,0,3,0,0,1,0,3,58.12,55.25,4,1,1,6,1,1
87.73,53.37,9.12,1,2,1,0,5,1,0,2,0,0,87.53,73.74,1,5,6,0,0,1
79.25,95.34,8.43,0,0,0,1,5,1,1,2,0,3,24.03,0.23,2,1,1,9,0,1
93.28,87.84,7.03,3,0,1,0,4,0,0,2,0,2,11.08,54.15,2,1,1,0,1,1
66.9,69.09,7.96,1,0,0,1,2,1,0,1,1,2,27.84,24.5,1,0,3,7,0,0
91.14,61.64,7.38,1,1,0,0,4,1,1,5,1,1,81.37,66.38,4,5,3,6,0,0
73.46,88.96,9.5,5,1,1,1,5,1,1,2,0,0,83.49,36.03,1,3,5,3,1,0
67.45,93.59,6.7,1,2,0,1,1,1,1,5,1,3,29.41,30.97,1,2,1,5,1,0
96.04,54.41,6.06,6,2,1,0,4,0,1,0,1,2,38.06,29.44,1,4,5,4,0,1
77.03,57.04,7.11,0,1,0,0,4,0,0,2,1,2,9.29,0.02,5,2,2,4,1,0
69.37,82.34,6.41,4,2,0,1,2,0,0,4,0,0,54.09,41.08,1,5,1,10,0,1
62.39,65.49,9.53,4,1,0,0,2,1,1,5,1,0,8.5,95.93,2,4,3,9,1,0
61.36,91.67,6.0,3,2,0,1,4,0,1,2,1,1,43.97,70.55,2,2,5,2,1,1
50.36,85.71,9.33,2,2,0,0,1,0,0,4,1,2,29.76,1.83,2,5,6,0,0,0
94.1,62.84,6.85,6,2,0,0,4,0,0,3,1,1,96.26,31.66,5,4,2,9,0,0
80.33,98.05,8.06,6,0,1,0,4,0,0,2,0,3,68.82,75.85,1,1,4,5,1,1
64.73,71.11,6.97,6,0,1,0,3,1,0,0,1,0,67.26,33.2,3,1,6,8,0,1
71.67,86.78,8.54,5,0,0,0,3,0,0,3,0,3,30.29,59.66,4,5,0,5,0,1
71.06,79.56,6.81,2,0,0,1,5,1,1,4,1,2,75.96,63.32,4,5,3,1,1,0
91.88,74.49,9.57,3,0,1,0,2,1,0,0,0,3,84.24,42.88,2,0,0,8,1,0
99.82,55.69,5.92,2,2,0,1,2,1,0,4,1,0,56.46,82.46,5,1,0,7,1,0
52.89,76.15,7.48,0,2,1,1,1,0,1,0,0,1,17.93,98.16,3,3,4,9,1,0
68.97,82.54,8.37,1,1,1,0,3,0,0,4,0,0,93.58,25.21,2,0,6,0,0,0
69.16,50.1,8.12,3,1,0,0,4,1,0,4,1,1,0.19,34.03,4,5,1,3,0,0
86.86,56.57,8.85,3,0,0,1,1,1,0,0,1,2,1.92,57.49,1,0,3,5,0,0
53.61,67.71,5.23,2,1,1,0,3,1,0,5,0,1,58.24,57.04,3,1,6,1,0,1
76.78,80.14,7.61,4,2,0,0,3,0,0,2,0,0,79.8,49.4,4,1,6,6,0,1
72.92,67.46,6.36,1,0,1,1,1,0,1,4,1,0,83.82,23.63,2,4,4,9,1,0
51.38,94.23,7.78,1,1,1,1,3,0,1,3,1,3,77.92,36.75,5,4,1,7,0,0
75.27,52.37,6.39,5,0,0,1,5,0,0,5,1,0,74.68,65.36,2,2,2,8,1,0
60.88,98.21,5.93,1,2,1,1,5,0,1,3,1,0,88.03,5.87,5,1,3,10,0,0
81.5,60.28,9.67,4,2,1,0,3,1,1,3,0,0,43.0,78.47,5,4,5,8,1,1
86.82,70.17,6.57,4,1,0,0,1,0,0,4,1,1,65.92,96.93,4,0,6,10,1,0
60.98,88.75,8.17,3,2,0,0,2,1,0,5,0,3,18.23,68.29,1,3,6,10,1,1
84.91,91.36,5.04,4,0,0,1,2,0,0,3,0,2,78.64,57.71,5,0,5,10,0,0
64.95,95.52,8.56,5,2,1,0,5,0,1,0,1,3,37.08,75.13,3,1,4,9,1,0
80.43,61.85,7.36,6,2,1,1,2,0,1,1,1,2,28.94,13.78,2,4,2,9,0,1
77.59,82.72,8.65,4,0,1,0,5,1,0,4,0,3,84.91,89.9,3,0,2,0,1,0
76.16,97.26,6.41,4,2,0,1,2,1,0,0,0,1,25.74,81.85,4,2,0,9,0,1
81.4,78.29,7.34,3,0,0,1,4,0,0,5,0,0,63.38,84.47,1,3,4,0,1,0
72.22,71.21,7.45,2,0,0,0,1,1,0,3,0,3,36.42,72.96,2,2,6,2,0,0
59.99,87.7,7.99,5,2,0,0,4,1,0,3,0,3,38.8,85.76,1,3,5,5,0,1
78.04,90.83,6.71,3,1,0,1,4,1,0,3,1,3,60.99,83.84,1,0,5,5,0,0
91.87,85.46,6.61,2,2,0,0,4,0,0,5,0,3,25.51,41.41,4,5,3,2,1,0
88.01,74.54,6.6,4,0,0,0,1,0,0,4,0,2,94.44,17.84,2,1,6,10,0,0
85.11,83.81,5.58,4,2,1,1,1,1,0,0,0,1,85.65,75.8,1,5,4,9,1,1
54.01,67.44,7.23,3,2,0,0,1,0,1,1,1,3,48.88,16.8,2,0,1,9,0,0
62.01,98.51,7.31,2,2,1,1,2,0,1,2,1,0,60.14,40.92,2,4,4,6,1,1
86.32,59.17,6.04,1,0,1,1,1,0,1,4,0,2,96.34,78.55,5,1,1,3,0,1
55.34,81.8,5.01,2,1,0,1,1,1,1,1,0,0,29.66,53.65,2,5,6,7,0,0
78.25,98.43,8.3,0,2,1,0,2,1,1,0,0,2,49.49,56.03,1,4,3,4,1,0
86.98,59.25,8.89,6,2,0,1,2,0,1,3,1,0,79.04,18.14,5,4,3,9,1,1
74.16,97.59,8.35,5,2,0,1,4,0,0,4,1,0,69.3,80.53,2,2,1,8,1,0
99.28,85.97,7.8,2,2,0,1,1,0,0,0,0,0,28.09,85.4,2,5,1,6,1,1
74.57,94.4,9.08,3,0,0,1,3,1,1,2,1,1,49.47,95.86,5,0,5,1,0,0
86.17,63.43,8.81,6,2,1,1,4,1,0,5,1,2,53.15,13.48,3,5,4,2,1,1
54.89,97.42,9.15,6,2,0,0,5,1,0,2,1,1,6.15,64.88,4,5,3,0,0,1
67.55,61.01,8.54,1,0,1,1,1,0,1,0,1,0,42.88,1.63,2,3,4,8,1,0
51.05,93.4,5.25,6,0,0,0,2,1,1,5,0,0,83.82,5.89,1,3,0,0,1,1
94.79,93.58,9.38,3,2,1,0,3,1,0,0,1,0,61.95,49.38,4,2,0,6,1,0
76.99,89.48,8.73,5,0,0,0,4,0,0,4,1,1,65.79,46.19,5,0,5,2,1,0
78.28,92.78,6.33,4,0,0,0,2,0,0,4,0,2,21.65,9.86,1,5,5,9,0,0
62.73,64.19,5.19,6,2,0,0,4,1,0,5,1,1,85.99,24.26,2,1,3,5,1,1
74.4,83.94,9.8,1,0,0,1,5,1,0,2,1,1,27.44,37.23,4,5,3,2,0,1
78.13,96.4,8.9,6,1,0,0,2,0,0,3,0,2,92.42,46.08,3,2,1,2,0,1
83.5,69.74,9.92,3,2,0,1,2,0,1,2,0,1,74.51,31.48,5,4,1,1,0,1
75.95,69.57,8.84,1,0,1,0,2,1,1,2,0,3,84.49,33.04,1,1,6,4,1,1
85.3,60.32,6.33,6,1,0,1,1,1,1,1,1,3,55.55,19.03,5,3,3,3,0,1
62.62,76.37,8.98,3,1,1,1,2,1,0,5,0,3,42.59,15.56,3,3,5,4,0,0
74.03,97.94,9.02,5,2,1,0,3,1,1,5,1,1,48.9,13.61,4,4,4,10,1,0
76.19,69.43,7.32,0,2,0,0,1,1,1,3,0,0,35.41,95.26,4,2,5,6,1,1
82.05,67.93,9.17,1,1,0,1,4,1,1,4,1,2,31.17,93.46,4,4,0,3,0,1
75.39,58.2,8.56,0,1,0,0,3,1,0,0,1,2,53.7,29.43,4,2,6,2,0,0
83.3,80.16,6.91,4,2,1,0,4,1,0,4,1,3,50.41,22.7,2,5,0,5,0,0
76.83,91.6,8.93,3,0,1,0,1,0,0,2,1,0,25.98,19.83,1,1,2,0,1,1
97.24,57.6,5.17,0,2,0,0,5,0,1,0,0,2,69.17,80.14,3,4,6,5,1,0
99.62,52.61,5.58,0,0,0,1,5,0,0,1,1,3,17.7,37.09,4,0,3,5,1,0
86.61,95.23,8.27,5,0,0,1,2,1,0,4,0,2,6.05,87.91,2,2,2,10,0,0
55.26,87.63,9.86,5,0,1,0,4,0,1,1,0,1,38.67,66.12,3,5,4,6,1,1
68.41,81.67,8.37,2,0,0,1,5,0,1,2,1,3,75.13,31.4,5,2,1,6,0,1
84.14,91.68,7.93,2,1,0,0,3,0,0,4,1,1,75.38,70.62,1,3,1,6,0,0
73.45,65.46,10.0,2,1,1,1,5,1,0,1,0,1,80.21,81.56,5,4,2,4,0,1
70.68,60.0,8.13,5,2,1,0,3,1,1,4,0,3,20.9,62.87,3,2,4,0,0,1
72.61,74.15,9.55,0,1,1,1,4,0,1,4,0,3,22.44,37.37,4,1,0,10,1,1
70.24,94.85,9.09,0,1,0,1,1,0,1,4,1,2,77.43,21.67,5,5,2,4,1,1
91.09,99.8,7.95,2,2,0,0,4,1,0,4,0,2,16.17,99.17,3,3,2,1,0,1
86.54,68.67,7.49,5,1,0,0,3,0,1,4,1,3,69.65,85.68,1,2,2,10,0,0
81.02,92.34,6.82,3,2,1,1,3,1,1,2,1,3,96.02,55.14,3,0,2,0,1,0
54.3,55.29,9.69,5,1,0,1,1,0,1,1,0,0,28.81,10.58,2,4,4,3,0,1
98.03,95.56,5.25,4,1,0,0,1,1,0,1,0,0,75.92,12.95,1,1,6,4,1,0
53.9,82.6,6.8,3,1,0,1,5,1,1,0,0,0,88.96,68.44,1,3,3,9,1,0
96.16,67.88,8.14,0,1,1,0,1,0,1,1,0,1,20.17,94.35,1,4,6,9,1,1
78.77,53.98,9.28,6,0,0,1,3,1,1,1,0,2,50.61,41.02,5,1,3,9,0,0
81.34,86.08,7.41,6,0,0,0,5,1,0,3,0,3,31.4,18.74,1,4,4,7,1,0
51.7,93.4,9.36,2,0,0,0,2,0,0,1,0,1,49.71,77.46,2,4,2,7,0,0
92.54,73.26,8.4,6,1,1,1,1,0,1,2,0,3,29.63,40.67,5,4,5,3,0,0
57.42,98.47,9.93,3,1,0,0,3,0,0,5,0,1,29.98,96.37,1,4,4,8,1,0
95.47,75.34,7.05,2,0,1,1,5,0,1,3,1,0,50.75,95.76,5,5,2,3,1,0
81.31,67.9,7.3,4,1,0,1,2,0,0,4,0,1,63.37,87.52,5,2,6,1,1,0
84.14,71.57,8.51,4,1,1,0,4,1,0,5,1,1,50.2,3.06,5,5,6,7,0,0
91.94,53.66,7.59,1,2,0,1,1,1,0,5,0,2,73.91,9.32,1,0,3,10,0,1
99.04,72.08,5.42,5,2,0,1,2,1,1,4,0,2,89.91,65.73,4,0,0,6,1,1
68.81,59.3,5.81,5,2,0,0,4,1,0,5,1,2,24.89,99.54,3,0,5,5,0,1
64.48,59.37,9.97,3,1,1,0,2,1,0,2,0,3,52.37,43.82,3,0,3,8,1,0
92.1,89.83,5.73,2,0,1,1,5,0,1,5,0,1,93.23,18.12,2,2,4,2,1,0
90.34,56.49,5.31,3,0,1,0,4,0,1,2,0,0,51.98,98.52,5,3,0,1,0,1
60.73,53.1,9.36,6,1,1,0,2,0,0,4,1,3,65.74,67.11,4,2,6,2,0,1
85.59,91.29,7.5,3,1,1,1,4,0,0,3,1,3,48.95,69.74,4,5,4,8,1,1
81.13,56.8,6.28,2,1,0,1,1,0,0,0,0,1,55.33,18.57,2,5,3,6,1,0
65.4,99.07,7.73,2,0,0,0,3,0,1,5,1,2,52.02,49.22,3,1,5,6,0,0
92.38,66.68,7.58,5,0,1,1,1,1,1,0,0,1,30.0,8.94,4,0,2,10,0,0
52.59,95.57,9.77,2,1,1,0,2,0,1,4,1,1,86.92,95.58,2,3,0,4,0,1
79.07,94.73,9.68,5,1,0,0,4,0,0,0,0,2,35.59,64.19,4,3,0,0,0,1
66.93,54.91,8.35,1,2,1,1,2,0,1,1,0,1,26.58,98.51,1,0,5,0,1,0
83.61,83.2,7.76,1,1,1,0,3,0,0,5,0,2,10.97,92.73,5,0,0,3,0,0
75.63,70.96,6.42,5,2,1,1,3,1,0,0,0,2,45.33,12.41,2,0,1,7,1,1
75.84,73.28,5.71,3,0,1,1,2,1,0,0,0,2,14.94,19.76,3,4,5,7,0,0
95.89,55.9,8.79,3,1,1,1,3,1,1,0,1,1,31.69,50.29,2,5,2,0,0,0
72.16,61.29,5.14,2,1,0,0,4,0,0,3,1,1,12.73,60.68,3,5,5,1,0,0
69.44,91.52,8.4,6,2,1,0,3,0,1,0,1,3,76.26,97.86,3,4,3,6,1,1
64.56,57.06,7.64,0,2,1,1,5,1,1,1,0,3,81.25,35.05,3,4,2,1,0,0
80.79,52.15,7.72,3,0,1,1,4,0,0,4,1,3,65.66,94.66,3,5,5,10,1,0
59.15,74.14,5.29,2,1,1,0,2,1,0,3,1,3,80.15,39.05,1,5,2,1,1,1
52.85,52.81,8.42,2,0,0,1,2,1,1,3,0,2,55.59,28.22,3,4,2,10,1,0
50.12,85.75,7.68,5,0,1,1,4,0,1,0,1,1,42.22,94.56,4,2,1,8,0,1
96.33,92.63,5.88,0,0,1,1,5,1,0,1,0,2,75.36,28.73,5,3,2,1,1,0
97.26,88.02,5.87,4,1,1,0,3,1,0,2,1,0,84.71,67.16,4,2,5,2,1,1
97.15,53.47,7.98,2,0,1,0,3,0,0,1,0,1,94.38,67.9,2,0,6,7,1,0
54.15,60.11,9.0,1,1,0,1,1,1,1,5,1,3,35.47,8.12,2,2,0,10,0,1
71.9,56.32,5.86,2,1,1,0,2,1,1,1,1,2,2.2,29.61,5,5,0,1,1,1
58.92,73.3,8.09,1,1,1,1,2,1,0,1,1,1,39.74,6.08,5,4,0,8,0,1
50.64,83.55,7.59,4,2,0,1,2,0,1,1,0,3,69.59,14.61,1,3,5,6,1,1
52.01,79.84,5.41,0,0,0,0,1,1,0,3,0,3,92.59,8.72,2,2,1,6,0,0
89.12,95.02,9.73,6,2,0,0,1,1,0,4,1,1,19.01,22.59,2,4,4,10,1,0
81.05,97.97,5.41,4,1,0,0,2,0,0,2,0,2,9.73,49.05,4,1,1,2,0,0
71.11,64.75,6.93,5,2,1,1,4,1,0,4,1,2,15.01,37.71,3,0,6,10,0,0
75.82,52.64,7.16,6,1,0,1,1,0,0,2,1,3,30.02,80.79,1,2,0,10,1,0
60.56,99.55,9.34,6,1,1,1,3,0,0,5,1,1,14.98,44.1,1,2,3,0,0,1
68.55,98.81,5.68,1,2,1,0,5,1,1,5,1,2,77.72,80.64,3,2,4,7,0,0
50.44,78.33,6.86,6,0,0,0,1,1,0,1,0,1,63.64,30.88,2,5,3,8,1,1
61.28,77.01,8.05,4,2,0,1,5,0,1,2,1,0,18.08,31.81,4,3,3,1,1,0
51.9,72.58,7.34,2,1,1,0,4,0,1,1,1,3,93.75,25.68,4,5,3,2,1,0
87.45,98.35,8.99,1,0,0,0,4,0,1,2,1,1,78.15,26.0,4,0,0,6,1,1
52.0,96.71,8.78,6,0,0,0,3,0,0,2,0,0,14.79,36.84,2,0,2,2,1,1
67.42,50.96,7.73,3,1,1,1,3,0,0,1,1,0,96.9,97.89,4,3,5,6,1,0
93.27,56.51,7.28,5,0,0,0,1,0,1,3,1,0,44.62,92.1,2,2,3,7,0,1
94.3,51.32,8.21,2,1,0,0,2,1,1,2,1,1,95.4,62.27,5,0,3,5,1,0
91.72,76.05,5.86,0,0,1,1,2,0,0,3,0,3,5.5,78.54,2,4,1,9,1,1
69.09,69.89,9.8,4,0,0,0,5,0,1,2,0,0,47.64,42.65,3,5,0,9,0,0
52.69,62.18,5.16,2,2,0,0,3,1,1,5,0,2,5.0,36.28,3,3,4,4,1,1
66.19,60.92,7.61,3,2,0,1,4,0,1,5,0,2,8.7,0.82,1,0,3,5,1,0
50.96,61.26,8.47,4,1,0,0,2,0,0,5,1,3,52.83,88.58,4,0,1,4,0,0
50.38,97.48,5.66,4,2,1,1,4,1,1,1,0,0,65.41,56.59,5,5,3,3,1,0
62.02,66.94,6.78,5,0,1,1,1,0,1,3,1,2,35.72,98.34,5,1,3,1,0,0
96.96,51.43,7.46,3,0,1,0,1,1,1,3,1,0,14.58,57.99,1,2,0,9,0,1
57.57,88.33,8.23,2,2,1,1,5,1,0,4,0,1,3.83,12.43,2,2,6,10,0,0
88.72,84.14,7.19,1,0,1,1,3,0,1,0,1,3,88.04,29.84,3,1,4,0,0,0
69.44,64.27,8.88,2,1,0,1,5,1,0,1,0,3,32.05,57.0,3,5,3,6,0,0
73.79,84.61,8.91,0,0,1,0,3,1,0,5,0,2,58.79,4.02,3,4,0,1,1,1
66.25,87.09,5.81,3,2,1,1,2,1,0,0,1,1,80.36,3.97,5,0,3,10,1,0
91.57,61.89,9.03,5,1,1,0,2,0,0,1,0,3,71.02,25.49,5,4,2,2,1,1
96.66,75.73,6.72,6,1,0,1,3,1,0,4,1,3,57.46,17.54,1,0,5,6,0,1
87.13,50.59,7.14,6,1,1,0,3,0,1,0,1,0,65.35,26.76,4,3,2,2,0,1
78.5,89.14,9.58,5,0,0,1,1,0,1,2,1,3,27.76,67.73,3,0,1,7,1,1
63.37,57.14,9.74,4,2,0,1,2,1,0,5,0,1,20.75,41.34,3,2,3,1,1,1
95.59,86.58,7.13,4,2,1,0,5,0,0,4,1,0,45.94,75.45,1,0,6,0,1,1
55.2,93.76,8.56,4,2,1,1,3,0,1,5,1,2,76.48,69.4,3,0,4,8,0,0
68.77,77.52,5.21,1,1,1,0,2,1,0,5,1,0,17.94,69.13,4,2,2,4,0,1
82.15,90.89,6.39,5,0,1,0,2,1,0,0,1,2,32.4,63.77,3,4,2,5,0,1
86.76,53.1,7.84,2,2,1,0,2,0,0,1,1,1,73.23,66.09,4,0,0,1,0,1
56.4,85.86,8.35,2,0,1,0,5,1,1,4,0,1,19.51,15.86,4,1,1,1,1,1
80.36,95.07,8.38,1,2,0,0,2,0,0,1,1,1,4.47,73.32,5,4,2,7,1,1
59.95,86.73,8.25,0,0,0,1,4,1,1,5,0,0,50.13,98.27,1,2,6,10,0,1
58.12,91.14,6.61,4,1,0,1,4,1,0,4,0,3,29.21,6.09,4,3,4,10,1,0
98.39,98.3,9.76,6,2,1,0,4,0,0,3,1,1,13.25,73.35,3,5,6,9,0,0
76.86,72.76,9.02,1,2,1,1,4,0,1,1,1,0,48.11,43.25,1,3,1,5,0,0
73.47,81.14,9.45,4,0,1,0,1,0,1,3,1,3,85.23,5.25,5,4,5,6,0,1
69.97,61.06,7.69,6,2,0,0,3,1,1,1,0,0,98.39,36.47,4,4,4,8,0,1
80.6,67.44,6.12,3,2,0,0,4,1,1,2,0,1,78.1,76.03,3,4,5,9,0,1
74.98,79.6,7.11,1,0,1,0,1,0,0,1,0,1,72.72,64.08,5,5,4,8,1,1
83.08,95.53,5.98,0,0,1,0,3,0,0,5,0,2,84.44,5.5,4,5,5,7,0,0
78.4,56.49,7.66,4,1,1,1,4,0,0,3,1,0,40.81,74.15,4,5,0,3,1,0
89.64,57.15,5.82,4,2,1,1,3,0,0,1,0,0,18.89,15.05,1,5,3,8,1,1
83.65,81.96,8.86,0,0,1,1,3,1,0,4,1,3,63.96,1.32,5,1,3,8,1,1
89.75,57.17,8.64,1,1,0,0,1,0,0,1,0,3,46.46,87.08,3,4,2,10,0,0
94.0,68.39,9.98,6,2,0,1,1,1,0,5,0,0,37.41,28.53,4,2,5,2,1,0
79.65,64.21,7.42,1,1,0,0,1,1,1,0,1,2,28.35,3.61,4,5,1,5,1,1
90.28,91.24,6.2,2,1,1,0,1,1,1,0,1,3,26.32,85.42,1,3,4,9,0,0
87.6,65.0,9.12,6,2,0,1,2,1,1,0,1,0,18.76,96.28,3,1,0,7,0,1
68.29,82.36,7.66,1,2,0,0,1,0,0,2,1,3,17.38,47.63,2,4,1,8,1,1
59.39,75.37,8.89,1,2,0,0,2,1,1,4,0,1,13.95,75.31,1,3,4,10,1,1
99.11,56.98,9.93,2,2,0,1,5,1,0,0,1,0,71.85,11.79,5,1,6,5,0,0
86.41,77.72,5.13,3,2,1,0,5,1,0,1,1,0,96.0,39.76,1,4,2,6,0,1
64.73,65.02,6.21,5,1,1,0,4,1,1,2,1,3,27.56,53.08,1,3,3,6,1,0
57.63,54.4,8.57,2,2,1,0,1,1,1,2,0,2,70.98,77.32,5,0,1,5,1,1
90.13,84.1,7.82,2,1,1,1,1,0,0,3,0,2,68.04,19.98,5,3,6,9,0,0
84.82,53.84,7.93,6,0,0,1,4,0,0,4,0,3,92.32,88.64,2,2,3,1,1,0
60.0,97.04,8.39,3,0,1,1,4,0,0,0,1,3,84.92,15.78,3,1,4,2,1,1
78.89,52.34,7.24,5,0,0,0,4,1,1,4,0,3,24.54,47.61,3,2,1,3,0,0
71.73,55.25,5.07,2,2,1,1,2,1,0,4,0,0,67.09,39.91,4,5,1,4,1,0
56.03,78.49,6.69,4,0,1,1,1,1,0,2,1,1,55.12,12.87,2,0,1,1,1,1
89.99,53.54,7.51,6,1,0,0,2,1,1,2,1,0,74.2,66.61,2,3,3,5,1,0
91.13,70.26,9.7,4,1,1,1,3,0,1,3,0,1,50.53,68.8,3,1,4,9,0,0
57.52,57.64,5.24,2,0,0,1,3,1,1,4,1,1,77.24,10.89,1,3,3,1,0,1
77.73,91.6,7.6,2,2,0,0,3,0,0,4,1,1,27.04,74.96,4,2,2,10,1,0
89.72,68.55,9.88,0,0,1,0,5,1,0,5,1,1,28.08,88.48,4,4,2,6,1,1
59.45,52.32,9.86,0,0,0,0,2,1,1,0,1,1,66.43,14.58,4,4,4,9,1,0
61.57,53.8,6.04,2,2,0,0,2,0,1,5,1,3,25.84,90.79,3,0,0,7,0,1
55.59,62.41,9.13,3,0,1,1,5,0,0,3,1,1,58.28,44.92,4,1,4,10,0,0
65.51,72.66,5.34,1,1,1,1,3,0,0,0,0,3,3.27,87.67,4,2,4,10,0,1
72.87,77.59,6.33,0,1,1,0,4,1,1,5,0,2,33.87,17.39,3,1,3,10,1,0
77.16,66.04,6.52,5,2,1,1,1,0,1,4,0,2,16.01,19.08,4,0,1,0,0,1
54.87,50.22,6.81,6,1,1,1,2,0,0,0,0,3,1.14,36.29,4,4,4,10,1,1
64.04,68.69,7.3,1,1,1,1,2,0,0,1,1,2,5.56,7.59,4,2,0,5,1,0
53.47,83.31,9.33,4,0,0,0,1,0,1,0,0,0,55.03,4.74,3,1,1,7,0,1
93.91,81.27,8.05,6,0,1,0,3,0,1,0,0,1,84.65,85.75,1,2,5,0,1,1
68.98,77.34,9.58,6,0,1,1,5,0,1,4,0,1,63.63,7.94,3,3,3,9,1,0
52.31,89.83,6.01,4,1,1,0,1,0,0,1,1,0,50.44,19.49,1,3,3,6,0,0
94.13,66.27,9.73,0,0,1,0,5,0,1,2,1,1,32.5,26.87,5,5,1,4,1,0
80.0,72.12,7.67,5,2,0,0,4,1,1,5,0,1,64.56,51.89,3,5,6,3,1,1
51.25,89.94,6.38,5,1,1,0,4,1,1,0,1,1,14.73,11.12,4,2,4,9,1,1
76.15,58.72,8.16,2,0,1,1,4,1,1,4,1,3,70.26,18.44,3,3,0,6,0,1
56.44,83.11,5.82,4,0,1,0,4,1,0,2,1,3,33.77,20.55,4,1,2,3,0,0
68.73,95.35,7.68,6,1,0,0,5,0,1,2,0,1,66.86,24.22,1,2,5,2,1,1
81.49,83.0,9.37,3,0,1,0,2,1,1,1,1,2,81.36,24.49,4,2,1,8,1,1
57.67,67.98,7.47,6,0,0,0,1,0,0,5,1,2,44.78,46.36,5,2,1,8,0,0
60.7,86.39,9.49,1,2,0,1,2,1,0,1,1,1,69.8,48.62,5,5,6,2,1,0
94.22,60.99,8.85,4,0,1,0,2,0,1,2,1,0,86.06,25.95,2,5,1,10,0,0
57.76,78.09,6.27,2,0,0,0,4,1,1,4,1,0,8.45,17.33,4,1,3,7,1,0
74.12,83.6,6.56,0,1,0,1,3,1,0,0,0,3,24.84,98.41,4,3,2,2,0,0
80.72,78.62,9.89,6,2,0,0,5,1,0,2,0,1,69.91,26.06,1,1,0,9,1,1
96.72,59.18,7.5,5,1,0,0,4,1,1,3,1,2,18.26,71.82,2,4,3,9,0,0
96.98,72.63,6.77,1,0,0,0,5,0,0,0,1,3,94.16,50.68,2,3,6,4,1,1
77.1,50.62,8.99,0,0,0,1,4,0,1,3,0,2,90.33,96.45,5,3,6,6,1,0
59.88,97.08,8.22,2,2,0,1,5,1,0,3,0,3,63.86,85.18,2,3,4,4,1,0
55.88,87.05,8.68,0,0,1,1,4,1,0,5,0,2,92.94,49.88,5,3,6,7,0,0
69.91,64.89,6.12,3,2,0,0,4,0,0,3,1,2,88.75,76.62,3,5,6,4,1,1
76.91,89.13,7.58,5,0,0,0,2,1,0,3,1,3,15.79,7.48,1,5,0,4,0,0
96.49,92.89,5.49,3,1,0,1,3,0,1,4,1,2,23.79,21.44,5,2,4,9,1,0
86.76,53.28,5.99,3,1,1,0,2,0,0,2,0,0,85.46,28.59,5,1,6,3,1,1
73.8,71.01,6.57,2,0,1,0,2,1,1,0,1,2,94.73,66.9,4,1,0,4,1,0
68.04,66.71,8.16,0,2,0,0,5,0,1,1,0,1,41.07,73.03,1,0,1,4,1,1
63.98,92.24,9.51,3,0,1,1,5,1,0,4,0,1,37.68,87.13,5,0,2,7,0,0
79.83,64.36,9.45,3,2,0,1,4,0,1,5,0,1,84.81,80.18,2,5,0,6,0,0
59.12,56.74,6.92,4,1,0,0,5,1,1,2,0,2,91.26,2.57,3,1,4,6,1,0
92.22,73.82,7.19,1,2,0,1,4,0,1,5,1,1,54.4,70.28,2,1,3,2,1,0
62.72,93.27,9.28,6,2,1,0,3,0,1,4,0,1,30.97,19.39,5,4,0,10,0,1
52.1,95.91,8.85,4,1,0,0,3,0,1,2,1,1,88.34,28.67,1,3,2,3,1,1
69.71,92.28,6.07,3,0,1,1,2,0,0,3,1,0,10.35,12.11,2,2,0,7,0,0
76.2,89.91,7.29,3,0,1,0,4,0,0,4,1,1,25.39,19.18,3,4,0,0,1,0
92.91,81.06,8.97,5,2,1,0,3,1,1,0,0,1,58.22,85.26,1,3,0,8,1,0
63.32,80.23,8.07,5,2,1,0,1,1,1,1,1,3,37.15,55.83,4,0,4,9,1,0
94.74,57.65,5.88,1,2,0,1,5,1,0,3,0,2,11.66,64.83,4,5,1,1,0,0
57.37,73.82,7.31,0,1,1,0,5,0,0,1,1,0,95.42,45.64,3,1,5,0,1,0
63.31,85.3,6.53,6,2,1,1,3,0,0,3,0,0,88.2,0.85,2,2,4,2,1,1
53.58,80.32,6.2,2,0,1,0,4,0,1,4,0,0,60.57,15.17,5,1,3,10,0,0
97.71,71.58,6.9,4,1,0,0,4,0,1,4,0,1,83.69,15.04,1,2,0,3,1,1
80.24,55.07,8.96,1,0,0,1,1,0,0,5,1,2,91.32,53.3,1,1,6,0,1,1
96.94,76.5,7.77,2,0,0,0,2,0,0,3,0,1,29.75,41.28,3,0,1,8,0,0
50.97,90.08,9.16,3,1,1,1,4,1,0,1,1,0,41.78,47.71,1,4,5,7,1,0
66.69,50.94,7.49,3,0,0,1,2,0,1,5,1,0,56.31,6.87,4,4,5,4,1,0
94.48,53.85,7.95,4,1,0,1,1,0,0,1,1,3,40.48,72.92,3,5,4,3,1,1
66.4,98.65,7.03,4,1,1,0,1,0,0,1,1,3,60.68,58.56,3,3,1,4,0,1
78.58,69.41,6.14,1,1,1,0,4,0,0,2,0,3,4.4,36.39,3,0,2,5,0,1
52.84,50.95,9.78,5,1,0,0,5,1,1,0,1,0,12.38,11.77,4,5,3,3,0,1
53.31,87.6,8.16,4,1,1,0,5,0,1,4,1,0,25.57,58.61,1,4,4,7,1,0
74.81,94.69,6.22,0,1,0,1,3,0,0,2,1,0,74.55,30.93,4,3,2,10,1,1
68.96,57.01,6.99,0,1,1,1,5,1,1,1,1,0,34.87,72.14,1,5,0,10,0,1
50.56,65.52,9.88,0,0,1,0,2,1,0,3,1,2,5.93,8.46,5,5,5,8,1,1
71.43,61.84,5.62,3,2,1,1,3,0,1,1,0,2,0.99,76.55,2,0,5,6,1,0
84.99,82.14,5.33,4,1,0,1,4,1,0,4,1,3,64.25,39.17,4,2,5,4,0,0
90.3,91.15,9.76,2,0,1,0,1,0,0,5,1,0,69.09,55.44,1,3,6,7,0,0
55.07,86.34,7.37,4,0,0,1,5,0,0,3,0,1,10.7,8.47,5,5,3,6,0,1
91.83,64.44,5.47,5,0,0,1,5,1,0,0,0,0,93.02,31.69,5,1,0,3,0,1
94.47,65.26,6.49,2,1,1,1,1,0,1,0,1,2,70.13,32.89,3,4,4,8,0,0
98.73,87.5,6.73,4,1,0,0,5,1,0,4,0,3,70.06,50.49,5,4,3,1,1,1
92.37,92.35,6.66,3,1,1,1,4,1,1,0,0,0,11.93,31.33,2,4,3,0,1,1
59.83,76.92,7.02,5,0,1,0,3,0,0,3,0,2,73.62,31.64,5,3,5,6,0,0
86.26,54.63,5.05,6,1,0,0,5,1,0,3,0,3,8.34,27.15,1,0,0,3,0,0
88.11,78.21,5.78,2,2,0,0,4,0,0,1,0,3,7.58,1.36,4,2,3,7,0,1
69.12,97.21,7.16,2,2,0,1,4,0,1,3,0,0,38.98,31.61,4,0,6,6,1,0
72.21,94.8,8.86,4,2,1,0,1,1,0,0,0,0,79.43,93.06,2,0,3,5,1,1
65.05,99.54,8.31,6,2,1,0,1,0,0,3,1,3,47.7,49.99,4,1,1,8,1,1
80.92,63.72,5.57,3,1,0,0,5,0,1,3,0,0,65.41,68.14,2,4,5,6,0,1
94.95,87.25,8.86,2,1,0,0,1,1,0,4,0,2,84.25,67.27,5,3,1,2,1,1
92.3,92.83,7.13,1,2,1,0,5,0,0,1,1,1,35.83,35.16,4,0,6,9,0,0
61.25,54.94,8.2,5,0,0,0,4,0,1,0,0,2,9.36,12.42,2,3,0,4,1,0
57.74,97.02,5.4,6,0,0,1,4,1,1,5,0,0,65.52,15.63,3,4,4,1,0,0
69.7,70.11,6.61,2,2,0,1,3,1,1,4,1,1,31.5,94.41,2,2,5,4,0,1
94.02,82.05,7.15,6,1,1,0,1,0,1,5,1,0,95.14,55.03,3,2,2,8,1,1
73.19,97.58,7.12,1,0,1,0,5,0,0,5,1,0,36.33,62.26,2,4,5,5,0,1
86.76,80.27,7.82,1,1,0,1,4,1,0,2,0,0,24.41,69.09,1,1,1,0,0,0
91.0,94.91,5.39,5,2,0,0,4,1,0,2,0,1,41.35,32.35,1,3,2,9,1,0
99.85,79.46,7.12,5,2,0,0,3,0,1,5,1,1,15.83,12.05,3,5,4,9,0,1
95.13,53.95,6.56,3,0,1,0,1,1,1,1,1,1,39.41,57.94,2,3,5,3,1,0
81.08,63.0,5.96,0,2,0,0,3,1,0,3,0,3,46.21,71.26,3,3,5,4,1,0
82.01,82.28,9.65,0,0,1,1,2,1,1,4,0,1,38.44,62.06,5,1,1,0,0,1
87.23,62.86,7.53,3,2,0,0,1,0,0,1,0,3,21.09,36.86,1,2,4,9,1,1
86.63,95.03,8.87,5,0,1,1,5,1,1,0,1,2,94.43,67.79,3,5,1,9,1,1
96.19,80.68,6.31,6,0,1,1,5,1,0,0,0,0,11.21,93.61,5,3,4,8,0,0
60.15,57.37,7.3,4,1,1,0,1,1,1,1,0,1,62.08,78.47,4,4,3,0,0,1
76.86,53.71,6.36,6,2,1,0,1,0,1,5,0,2,77.94,19.41,3,1,2,2,1,0
56.59,74.86,6.44,6,2,0,0,5,1,0,0,0,1,20.0,59.9,3,1,2,3,0,1
94.67,81.34,9.18,5,0,1,0,5,1,1,5,1,2,96.66,7.28,4,3,2,6,0,0
60.6,92.2,8.19,5,0,1,1,3,0,0,5,0,2,85.93,68.69,2,3,3,10,0,1
88.88,76.69,6.0,4,1,0,1,4,0,1,1,0,1,40.0,51.33,2,5,2,6,0,1
95.54,65.88,9.59,6,0,0,1,5,1,1,1,0,1,49.6,2.52,3,4,4,6,1,0
87.56,85.6,8.96,2,2,1,1,2,0,1,5,0,0,24.68,59.03,5,0,2,2,0,0
56.47,80.59,9.81,2,0,0,1,3,1,1,4,0,3,40.07,36.98,3,3,2,4,0,1
54.79,99.78,9.95,2,1,1,0,1,1,1,3,0,1,62.96,82.86,2,1,6,6,0,1
58.69,96.76,8.56,2,1,0,0,2,0,1,3,0,2,19.28,34.41,3,3,6,5,0,0
95.75,81.68,9.6,1,1,0,0,2,0,1,5,1,2,91.07,53.22,3,3,5,1,0,0
95.21,51.38,7.5,3,1,1,0,1,0,1,3,0,0,41.49,74.07,4,0,0,9,0,1
83.03,88.76,7.88,2,0,1,0,4,0,1,4,1,1,5.22,82.29,1,1,0,7,1,0
74.38,70.8,8.13,3,1,1,1,5,1,0,1,0,1,18.71,90.72,3,5,0,5,0,0
63.27,52.91,6.2,5,1,0,0,2,1,1,3,0,2,81.18,17.84,1,0,5,4,0,1
75.49,83.26,8.57,6,2,0,0,3,1,1,5,0,0,46.51,27.49,1,5,0,0,1,1
75.73,89.6,9.43,3,1,1,0,2,1,0,2,1,3,36.38,86.32,2,3,3,9,0,0
56.49,72.19,6.31,4,0,1,1,2,0,1,2,0,3,3.21,29.67,1,3,3,4,1,1
60.61,65.24,7.25,2,1,0,0,4,1,1,2,0,0,91.51,25.29,4,2,2,1,0,1
90.45,80.96,7.6,0,2,0,0,4,0,1,5,1,3,50.96,59.77,4,3,1,8,0,0
55.37,72.4,7.96,6,2,1,1,4,1,0,3,0,1,34.93,31.44,1,2,2,8,1,1
96.62,77.01,7.21,2,0,1,1,1,0,0,2,0,0,88.38,10.85,2,5,5,2,0,0
70.1,68.21,6.3,2,2,0,1,1,1,0,5,1,3,93.31,32.96,5,4,5,5,1,1
75.66,55.45,9.54,5,0,1,1,5,0,0,2,1,3,53.9,73.32,1,3,2,5,0,0
54.91,82.04,10.0,5,2,1,0,3,1,1,1,1,0,28.49,86.08,4,0,0,3,0,0
76.7,61.16,9.94,4,1,0,0,5,1,1,1,0,3,35.12,2.17,5,5,4,5,0,0
67.59,79.68,9.06,2,0,0,0,3,1,0,0,1,0,11.32,46.12,1,5,3,3,0,0
56.24,83.75,8.25,1,2,1,1,3,0,0,1,1,2,72.75,95.03,1,3,2,7,0,0
86.89,51.1,6.61,2,0,1,1,5,1,1,1,1,3,60.22,93.98,4,0,3,3,1,0
87.05,83.95,8.65,4,0,1,1,4,1,0,0,0,1,45.57,5.75,4,2,6,10,0,0
69.36,50.42,6.18,5,0,0,1,2,1,1,0,0,0,57.93,79.8,1,2,6,5,1,1
78.49,91.54,9.76,0,1,0,0,1,0,0,2,1,1,57.86,59.1,1,3,4,3,1,0
79.24,76.47,5.91,3,2,1,0,1,0,1,5,1,1,70.06,45.99,3,0,5,4,0,1
86.54,98.02,8.74,0,0,1,0,1,1,1,4,1,0,36.69,25.54,1,1,5,4,1,0
99.39,51.49,9.36,4,0,1,0,3,1,1,5,0,1,31.34,5.79,4,1,3,8,0,0
57.14,82.7,6.77,1,2,1,0,3,1,1,4,1,1,87.01,76.15,3,1,0,3,0,1
98.91,94.8,7.81,1,2,1,0,2,0,1,0,0,0,56.9,54.5,3,0,3,4,1,1
54.2,61.44,5.74,0,1,0,1,2,0,1,1,1,3,2.89,9.69,2,3,0,6,1,0
57.11,52.78,8.33,3,2,0,0,3,0,1,4,0,2,36.52,55.14,2,4,3,3,0,1
64.99,70.04,5.35,4,2,0,0,4,1,0,4,0,2,17.6,82.06,2,2,3,8,0,0
53.02,78.23,6.07,3,1,0,1,2,0,0,4,1,0,74.23,56.0,5,4,5,5,0,1
77.87,77.81,9.53,5,2,1,0,2,0,1,3,0,3,84.68,96.63,2,2,2,0,1,0
65.28,89.64,8.75,5,2,0,1,1,1,0,5,0,3,59.65,99.76,2,4,6,5,0,1
69.43,68.88,7.32,5,0,0,1,1,0,0,3,1,1,0.14,13.33,3,3,1,5,0,1
93.53,56.64,9.72,1,1,1,1,4,0,1,5,0,2,62.1,36.38,5,5,5,7,0,0
50.53,95.8,7.59,1,2,0,0,3,0,0,0,0,3,57.35,98.03,1,4,4,8,0,1
67.15,73.0,8.42,4,1,1,1,2,0,1,5,0,2,3.79,77.58,1,0,1,3,0,0
89.42,88.71,9.55,5,2,0,1,2,0,1,0,0,0,82.44,42.57,4,2,0,2,0,0
92.54,90.78,9.72,5,1,1,1,1,1,0,0,0,2,50.15,33.41,1,0,0,8,1,0
88.75,82.52,6.2,0,1,1,1,2,0,1,0,0,3,55.86,43.93,5,1,1,0,1,0
88.64,77.33,5.34,3,0,0,0,2,1,0,4,0,1,89.77,35.48,2,1,3,2,1,0
60.68,52.31,7.78,0,1,1,1,3,0,1,5,1,3,24.74,77.35,4,4,6,5,1,1
54.73,59.78,6.2,0,2,0,1,4,1,0,1,0,2,93.39,25.15,1,5,2,9,0,0
66.75,57.17,8.52,0,2,1,1,3,1,1,4,1,2,18.6,0.38,3,3,5,0,0,1
84.87,92.29,8.23,0,1,1,0,2,0,0,0,0,3,10.88,32.55,4,5,5,6,1,0
60.29,69.12,5.9,6,0,0,0,5,1,1,0,1,0,29.25,10.26,1,4,5,1,0,1
99.79,97.77,5.91,4,0,1,1,3,0,1,5,0,2,74.88,64.6,5,5,2,10,0,0
76.4,79.21,5.32,3,1,1,1,5,1,1,0,0,1,17.74,59.86,5,3,1,5,0,0
96.55,63.76,6.95,0,1,1,1,1,0,0,0,1,3,52.58,95.15,4,0,1,7,0,0
67.69,55.55,5.69,2,0,1,1,3,1,0,0,1,2,51.67,48.15,2,3,5,3,0,0
75.37,53.88,9.92,5,2,1,1,4,1,1,0,1,0,29.36,62.74,5,0,2,7,0,0
72.87,63.36,7.93,2,2,1,0,1,1,1,2,1,1,87.6,10.09,1,4,5,9,1,0
89.92,56.32,6.85,6,1,0,0,1,0,0,4,1,2,29.5,20.68,2,4,1,10,0,0
88.99,91.54,5.88,0,0,1,0,2,1,1,0,0,3,72.71,28.11,1,0,2,5,1,0
81.21,52.78,8.83,5,0,0,0,1,1,0,2,0,1,83.89,82.28,5,4,5,5,0,0
63.21,61.47,6.69,2,0,0,1,1,0,0,3,1,2,37.94,62.86,3,2,4,9,1,0
56.39,65.78,9.46,0,0,1,1,5,1,0,4,0,0,83.25,25.13,4,3,4,3,0,0
72.91,51.99,7.0,2,2,1,1,3,1,1,5,1,2,60.13,95.91,1,5,5,3,1,0
67.43,56.38,5.11,0,2,0,0,1,0,0,5,1,0,6.63,12.37,2,4,2,10,0,1
80.3,51.29,9.84,6,0,0,1,2,0,1,0,0,1,24.86,27.24,4,2,2,9,1,0
94.43,76.54,8.91,0,2,1,0,1,0,1,4,0,2,63.3,66.18,5,2,6,4,0,1
80.41,94.38,8.63,6,0,0,0,5,0,0,3,0,2,17.6,4.13,4,2,2,3,0,0
83.09,98.46,8.93,4,0,1,1,1,0,0,0,0,3,96.54,31.78,4,1,1,7,0,1
59.45,59.29,7.07,5,2,1,0,2,0,1,1,0,0,44.09,19.52,5,0,0,4,0,0
68.01,92.83,9.68,3,1,1,0,1,1,1,3,0,0,52.61,21.38,5,3,2,8,1,1
78.27,94.62,5.77,6,1,0,1,2,1,1,0,1,1,22.74,50.15,5,5,3,10,1,1
94.56,87.2,9.2,4,1,0,0,4,1,1,2,0,2,52.63,18.57,5,5,4,6,1,1
54.65,90.21,7.9,5,2,0,1,1,1,1,1,1,0,55.22,44.25,2,3,2,3,0,1
67.61,70.98,9.04,2,1,1,0,4,0,0,1,0,3,47.57,80.63,2,2,6,0,0,0
96.92,79.44,7.63,4,1,0,0,2,0,0,4,0,2,62.68,72.28,3,1,0,6,0,1
71.03,72.1,7.34,2,2,0,0,3,0,1,2,1,0,76.55,28.97,3,4,2,7,1,0
85.18,59.59,7.71,1,0,1,0,1,1,0,5,1,0,55.61,26.7,2,3,1,3,1,0
50.96,72.19,6.76,3,2,1,0,4,1,0,1,0,3,65.57,53.65,5,2,0,3,0,1
96.59,88.1,6.92,2,1,0,0,3,0,0,2,0,2,15.14,85.28,2,4,6,1,1,1
85.11,81.29,7.55,5,1,0,0,3,1,1,4,0,1,23.67,95.79,3,3,5,4,1,0
97.84,100.0,8.07,3,1,0,0,3,0,1,0,0,3,83.57,44.12,5,4,1,9,0,0
59.39,91.32,9.37,6,2,0,0,1,1,0,0,0,0,5.99,77.95,4,3,6,4,1,1
72.1,88.04,5.37,6,2,0,1,5,1,0,1,0,0,18.23,96.4,1,5,2,3,0,0
94.58,94.92,7.08,3,0,0,1,1,0,1,1,0,2,95.1,84.77,4,0,4,9,1,0
80.72,94.36,8.92,6,2,1,0,5,0,0,4,0,1,92.64,26.25,4,5,4,5,1,0
65.85,51.23,8.11,2,1,0,1,3,0,0,4,1,3,13.86,73.24,2,4,6,9,1,0
86.73,80.23,5.44,6,1,0,1,4,1,1,2,0,3,5.8,34.63,2,3,0,8,0,1
81.22,53.72,9.18,4,2,0,0,1,1,1,2,0,0,62.75,31.6,5,2,3,1,0,0
66.57,90.19,8.51,0,2,1,0,5,1,0,0,1,1,83.41,33.32,5,4,4,8,1,1
96.02,75.51,9.49,4,2,0,1,4,0,0,3,0,0,44.62,50.18,2,3,4,8,1,0
99.94,64.22,6.0,2,1,1,0,5,1,1,1,1,1,50.38,56.28,1,3,4,6,1,0
53.92,52.89,6.47,1,0,1,0,3,0,0,3,0,2,63.77,27.17,4,3,3,5,0,1
88.11,53.44,8.65,2,1,0,1,4,1,1,3,0,1,45.41,11.09,1,0,0,10,0,1
62.44,53.53,5.07,2,2,0,1,4,1,0,5,1,3,88.94,30.72,3,2,0,3,0,1
67.88,59.96,5.47,6,0,0,0,5,0,1,1,1,2,18.04,31.07,5,4,2,3,0,0
84.55,78.5,7.52,3,0,1,0,3,0,0,0,1,1,76.58,29.84,4,3,1,0,1,1
68.95,73.36,5.57,6,1,0,1,1,0,1,3,1,3,73.8,28.16,4,2,6,10,0,1
75.08,74.54,5.69,4,1,1,0,5,1,0,4,0,2,84.09,4.62,1,5,0,2,0,0
67.46,57.19,7.18,6,1,0,1,4,0,0,4,1,3,33.64,92.04,3,1,6,6,0,1
96.32,90.55,7.45,0,0,0,0,4,0,1,2,0,2,24.91,92.15,4,3,0,3,0,0
71.71,94.03,9.51,6,0,1,1,5,1,0,3,1,1,52.35,35.44,1,4,3,7,1,0
63.74,69.18,8.6,4,2,0,1,5,1,1,3,1,2,81.82,98.56,3,3,6,8,0,1
52.97,93.94,9.45,1,1,1,1,2,0,1,2,1,1,20.71,33.49,5,2,5,3,1,1
92.6,54.14,8.69,3,2,0,0,3,1,0,0,1,2,20.35,9.36,4,4,4,4,0,1
65.12,83.9,5.81,5,2,1,1,2,0,1,5,1,1,53.49,65.79,3,1,6,7,0,1
84.12,92.93,9.93,3,0,1,0,5,1,1,4,1,3,76.24,39.38,4,5,4,3,1,0
81.45,50.76,8.36,1,2,0,0,1,0,0,3,0,1,38.49,22.25,1,1,4,1,1,0
60.25,81.71,6.38,0,0,0,1,4,0,0,0,0,1,53.29,78.82,1,2,0,4,0,0
85.84,64.58,5.91,0,0,1,0,4,1,1,3,0,2,33.61,43.11,4,5,6,0,0,0
73.41,79.89,5.89,1,0,0,0,4,0,1,3,1,3,11.29,54.9,3,4,4,7,0,1
56.7,61.15,5.62,5,0,0,1,1,1,0,3,1,1,69.19,67.15,2,0,0,9,0,1
64.69,56.25,8.66,0,0,1,0,3,1,0,2,1,0,37.23,12.96,5,5,3,5,1,1
77.59,88.42,8.47,2,0,0,1,3,1,0,2,1,1,68.47,23.29,4,3,0,9,0,1
70.21,76.48,7.22,4,2,0,1,2,0,0,4,0,3,25.2,81.51,3,4,3,10,0,0
67.98,60.1,7.82,6,2,0,0,5,1,1,1,0,3,6.07,39.01,5,1,0,7,0,1
84.2,60.35,5.2,0,0,1,1,3,1,0,2,1,2,54.75,35.05,4,3,4,0,0,1
53.35,72.44,6.86,1,1,1,1,2,1,1,3,1,0,5.51,5.05,2,5,1,4,0,1
74.62,59.36,7.1,6,0,0,1,1,1,0,3,1,2,6.77,40.25,5,0,2,7,0,0
65.42,77.07,9.64,6,1,1,1,2,0,1,1,0,0,93.13,95.82,5,2,3,3,0,1
59.97,79.44,9.73,0,1,0,1,1,0,0,1,0,3,69.25,32.73,3,0,1,10,1,0
53.65,84.3,8.28,0,2,1,1,2,0,1,1,0,1,0.99,11.75,2,0,1,9,0,0
68.88,65.12,5.46,6,0,1,1,2,1,0,4,0,0,48.11,4.63,4,0,6,2,1,0
92.45,59.64,9.9,1,2,0,0,5,1,1,4,0,1,48.3,30.05,1,1,3,9,1,0
84.84,69.84,6.38,1,0,1,1,2,1,1,5,1,1,92.13,84.98,4,1,6,3,1,0
64.91,92.23,6.78,5,1,0,1,2,1,1,5,1,0,27.9,33.47,2,3,1,1,1,0
61.13,64.0,6.7,3,0,1,1,3,1,0,5,0,1,47.12,47.89,1,3,1,0,1,0
61.17,70.28,5.24,5,0,0,1,5,0,0,4,1,2,20.25,40.83,3,0,3,6,1,1
93.47,67.41,7.54,1,0,0,0,5,1,0,0,0,1,59.1,33.37,3,5,1,1,0,0
66.27,87.28,9.17,1,1,1,1,4,0,0,5,1,3,0.71,34.76,2,2,3,4,0,1
95.73,58.82,8.92,6,1,1,1,4,1,1,1,1,1,77.94,22.35,1,4,5,1,1,0
65.14,94.33,5.33,0,0,1,1,4,0,1,3,0,1,67.74,91.32,2,0,4,5,0,1
78.28,53.67,7.7,0,0,1,0,3,0,0,3,1,3,25.31,13.26,3,5,2,5,0,0
63.07,83.53,9.36,2,2,0,1,4,1,1,5,0,1,27.14,48.63,2,1,2,1,0,0
64.79,71.72,8.3,5,2,0,1,2,0,1,5,0,2,71.53,59.72,5,4,4,1,0,1
83.65,66.63,9.85,2,1,1,0,1,0,0,0,1,0,96.62,26.68,1,0,2,7,1,0
71.74,75.65,8.47,2,2,0,1,1,0,1,1,1,3,56.77,65.71,3,1,1,3,1,0
90.65,93.9,5.47,5,0,1,0,3,0,0,4,0,3,39.53,6.29,4,1,5,0,1,1
76.49,81.87,7.94,1,0,1,0,5,1,0,3,0,2,62.83,17.31,4,0,5,4,1,1
75.7,78.17,8.7,6,1,1,1,2,0,0,5,0,1,9.64,0.98,2,0,5,9,0,0
80.07,61.64,9.7,6,0,0,1,4,1,0,0,1,1,95.97,64.62,1,3,0,10,0,1
52.51,87.4,6.17,4,0,0,1,3,1,0,3,1,3,71.31,53.7,4,3,6,1,1,1
72.19,57.34,9.08,5,1,1,1,3,1,1,3,0,1,82.61,19.37,4,0,0,1,0,0
82.86,83.89,8.55,5,2,1,1,2,1,1,0,0,2,48.9,41.72,2,1,3,0,1,0
99.17,64.29,8.43,4,1,1,1,1,0,0,2,0,2,65.22,91.09,3,1,6,9,1,1
96.78,59.57,9.16,6,1,1,1,2,0,0,2,1,3,65.12,56.39,5,2,0,2,1,1
50.05,59.1,6.77,2,0,0,1,5,1,1,5,0,2,99.26,37.13,4,1,5,4,0,0
83.48,75.77,6.25,5,2,1,1,5,1,1,2,0,2,8.34,85.81,3,2,3,9,1,1
96.57,71.02,8.13,4,0,1,1,1,0,0,4,0,2,71.77,80.89,1,1,5,5,0,1
58.94,76.59,8.24,5,1,1,0,3,1,0,0,0,3,30.46,42.68,4,3,5,2,1,1
68.81,83.41,6.68,4,0,0,0,5,1,1,1,0,3,31.96,56.67,2,0,2,6,1,1
87.08,99.76,5.1,5,2,0,1,2,0,1,1,1,0,79.44,72.17,5,2,4,4,1,0
82.27,69.35,6.73,1,0,1,1,2,0,1,5,0,3,5.36,48.24,5,1,5,2,1,1
85.12,53.99,8.21,0,0,1,1,5,0,0,5,1,1,38.02,37.74,2,5,3,6,0,0
88.33,54.83,9.27,5,2,1,0,2,1,0,5,0,3,28.31,14.79,4,3,1,2,1,0
57.09,65.35,6.55,4,1,1,0,5,1,0,4,1,3,69.16,72.46,3,1,1,7,0,1
90.17,84.4,7.83,1,2,0,0,1,0,0,4,0,3,43.39,73.01,3,0,3,2,1,0
87.63,74.17,5.97,3,0,1,0,2,1,0,5,1,0,97.49,36.07,1,4,4,8,0,0
55.11,90.18,5.15,6,0,0,1,2,0,1,0,0,0,81.44,49.17,4,0,1,8,1,0
81.01,86.35,6.92,2,2,1,0,5,0,1,5,0,3,0.11,86.74,2,0,6,4,0,0
78.35,75.98,8.09,4,1,1,0,4,0,1,0,0,3,50.53,16.54,4,0,6,6,0,0
76.99,79.77,9.76,2,1,0,0,1,1,0,1,0,1,44.02,78.17,4,2,6,4,0,0
74.72,87.48,5.81,0,1,1,0,2,1,0,4,1,3,60.44,16.16,2,4,1,7,0,1
87.8,79.39,5.57,0,2,1,0,4,1,0,1,0,2,10.35,15.35,1,1,4,1,0,0
83.69,70.52,9.69,1,0,1,0,3,1,1,4,0,2,18.73,56.03,2,3,4,5,0,1
92.52,99.92,5.29,3,2,0,1,1,1,0,4,0,2,87.87,98.22,4,1,2,1,1,0
96.46,79.06,8.08,5,1,0,1,3,1,1,4,1,2,96.85,92.2,1,1,3,10,1,0
76.52,93.93,5.94,6,0,0,0,5,1,0,0,0,3,85.93,98.16,4,5,2,2,0,0
88.4,68.95,9.24,1,1,1,0,3,0,0,0,0,0,29.97,82.86,3,1,3,4,0,0
81.78,80.82,6.34,5,0,1,1,3,0,1,5,0,2,87.2,93.64,1,2,3,2,1,1
76.92,73.4,5.58,0,0,1,1,5,1,0,4,0,1,37.74,66.09,2,3,1,8,1,0
99.43,63.68,6.82,1,1,0,0,4,1,1,5,0,0,2.83,9.94,1,4,6,8,1,0
95.74,96.91,8.56,5,0,1,0,5,1,0,2,1,3,4.72,57.5,4,5,2,6,0,0
85.51,75.1,8.32,5,0,0,0,4,1,1,5,1,3,56.39,53.55,3,5,6,3,1,0
50.09,88.01,9.44,0,2,0,1,2,0,1,4,0,2,77.9,46.37,3,0,5,10,0,0
70.74,73.28,9.45,6,1,0,1,5,1,1,4,0,3,2.43,29.72,5,5,3,8,0,1
72.5,99.75,6.58,5,0,1,0,4,0,0,3,1,2,57.1,63.83,5,4,2,10,0,0
85.41,99.03,7.13,1,2,0,0,1,0,0,1,0,1,91.98,3.92,4,3,3,1,0,0
52.51,67.89,6.2,2,0,0,1,1,0,0,0,1,3,80.56,85.33,1,4,4,5,0,0
72.2,96.66,8.67,1,2,1,0,4,1,0,3,1,3,66.55,23.84,1,2,0,1,0,1
72.51,79.21,7.83,5,2,0,1,5,0,1,4,1,0,56.97,73.31,4,2,2,9,1,0
63.69,57.75,5.54,0,1,1,0,3,0,1,3,0,2,84.14,14.49,2,5,0,9,0,0
75.05,69.61,7.9,0,1,1,0,3,0,0,4,1,0,16.95,33.77,1,0,6,7,0,0
65.27,82.49,6.4,6,1,0,1,1,0,0,2,0,1,48.47,50.8,5,5,6,3,0,1
68.7,82.69,6.49,2,2,1,1,2,0,0,3,0,3,23.45,3.11,5,4,2,8,1,0
80.85,88.81,7.27,4,2,1,1,3,0,0,1,1,3,19.74,86.26,2,0,0,3,1,1
94.14,94.11,8.26,5,1,1,0,4,1,0,1,1,0,44.54,92.65,4,1,3,3,1,1
54.46,66.27,7.17,5,1,1,1,3,1,0,4,0,3,32.21,67.39,5,0,6,10,1,1
58.77,82.63,6.14,2,1,0,0,5,0,0,3,1,1,94.73,5.13,5,1,6,3,0,1
88.1,84.23,9.8,5,0,1,1,4,0,1,2,1,0,28.77,52.77,2,1,6,9,1,0
91.61,53.77,8.81,1,0,1,0,5,1,1,1,0,0,7.58,87.27,1,1,1,5,1,1
99.82,68.77,6.23,0,1,0,1,1,0,1,3,1,0,44.85,75.55,2,5,0,7,1,1
82.84,72.43,7.47,1,0,1,1,5,0,1,5,0,2,100.0,14.35,5,0,1,0,0,1
53.62,90.37,8.85,2,1,1,1,3,0,1,0,0,1,54.04,59.86,2,1,0,9,0,0
64.77,54.65,9.43,3,2,0,1,3,0,1,4,1,1,17.11,73.79,4,0,2,5,1,1
64.93,70.73,5.77,0,0,1,1,1,1,1,0,0,3,83.37,35.62,1,4,3,9,0,0
63.51,58.21,9.36,4,2,0,1,4,0,0,1,0,2,22.19,33.75,3,1,4,7,0,1
81.06,53.12,7.83,6,1,0,0,5,0,0,4,0,1,42.45,52.03,2,3,2,9,0,0
87.1,92.09,8.07,1,0,0,1,4,0,1,4,1,0,84.37,21.48,5,2,1,2,0,0
65.76,71.62,9.99,0,2,0,1,2,1,1,5,1,0,56.0,27.4,2,0,0,5,0,0
95.51,95.32,9.09,5,0,0,1,1,0,1,3,1,0,36.99,40.35,3,1,2,3,0,0
79.99,50.58,8.83,5,0,1,1,5,1,1,2,0,1,8.82,1.69,3,1,0,9,1,1
89.63,99.1,6.69,0,0,1,0,2,0,0,4,0,0,28.88,98.59,2,4,5,9,0,0
65.42,92.03,7.94,4,1,1,1,1,0,1,4,1,3,78.0,55.77,3,3,5,6,0,1
75.37,89.7,6.86,3,2,1,1,1,1,0,1,1,2,81.61,81.28,5,5,2,2,0,1
52.67,70.08,7.91,4,0,0,1,2,1,0,3,0,3,71.71,47.82,5,5,3,9,0,1
89.27,62.87,7.1,1,0,1,0,3,1,1,2,1,2,7.53,18.46,2,5,3,5,1,1
61.79,56.44,9.54,1,2,0,1,5,1,0,2,0,3,1.57,19.34,4,0,1,9,0,1
52.05,50.61,9.06,3,2,1,0,1,1,1,5,1,1,30.72,11.88,4,5,3,10,1,1
67.77,68.59,7.51,1,1,1,1,5,0,1,4,0,3,14.71,61.86,1,5,5,10,1,0
77.41,72.88,9.15,2,0,1,0,4,1,0,5,0,0,86.74,50.05,2,4,5,10,1,0
79.05,64.59,7.09,0,0,1,0,1,1,1,4,1,0,73.06,20.56,2,2,2,1,1,1
51.56,84.12,7.98,1,1,1,1,1,0,1,0,0,0,95.3,44.82,5,2,2,7,0,0
87.26,63.64,8.69,5,2,1,0,2,0,0,0,0,3,27.68,39.46,3,1,1,8,0,1
95.28,94.75,5.01,2,2,1,1,4,1,0,3,1,2,23.57,95.62,5,5,2,2,1,1
78.96,60.18,6.51,1,1,0,0,2,0,1,4,1,3,31.95,90.75,5,5,2,3,1,0
95.68,71.21,7.02,2,1,0,0,4,0,0,5,1,3,46.75,27.59,2,5,6,7,0,0
53.12,66.45,6.1,2,1,1,1,5,0,0,4,0,3,38.24,34.4,3,4,0,8,0,1
64.36,99.26,5.34,6,2,1,0,5,1,0,4,1,1,31.52,33.51,3,1,6,3,1,1
88.83,72.53,8.71,0,1,0,0,4,0,1,1,0,0,55.77,97.01,2,0,2,1,1,1
98.9,96.71,5.76,6,1,0,0,2,0,1,5,0,3,46.24,36.82,2,4,6,2,0,1
90.59,57.44,6.11,2,0,1,0,2,1,1,5,0,2,98.52,20.28,4,5,4,3,1,1
59.03,51.27,7.8,1,0,0,0,1,1,0,2,1,1,46.0,82.84,1,1,6,6,0,0
56.73,54.0,8.36,6,0,0,0,5,0,0,2,1,1,21.22,49.66,1,4,1,8,0,1
91.66,62.54,7.91,6,2,1,0,1,1,1,0,0,2,62.03,42.41,2,2,1,8,1,1
57.61,78.07,6.44,2,2,1,0,2,0,1,5,1,1,22.71,71.89,4,2,0,8,1,0
56.49,76.52,7.95,4,1,0,0,5,0,1,2,0,1,16.44,36.46,4,0,0,8,0,1
78.5,75.89,5.49,0,0,1,1,4,1,0,1,1,0,25.75,7.71,4,3,2,2,0,1
61.22,88.56,8.84,3,0,0,0,3,0,1,1,0,0,11.78,67.65,4,4,3,0,1,1
86.16,83.55,9.03,6,1,1,1,4,0,0,2,1,0,44.22,94.28,5,0,3,7,1,0
91.14,97.18,7.75,3,1,1,0,3,0,0,4,1,3,91.6,31.92,4,2,2,1,1,1
64.43,93.82,7.7,5,1,1,1,2,1,1,5,0,2,81.5,60.17,2,3,5,0,1,1
98.9,55.47,6.89,3,0,0,0,5,0,1,4,0,1,49.59,41.76,2,5,6,6,0,0
69.3,69.48,6.93,3,1,1,1,4,0,1,4,0,1,6.97,60.45,3,3,6,7,1,1
95.3,68.52,6.24,0,0,0,0,1,1,0,5,0,3,32.76,38.23,1,5,6,5,0,1
63.93,80.79,9.18,6,2,1,0,1,1,0,4,1,0,90.98,28.55,5,2,6,8,0,1
91.29,61.41,7.41,3,0,0,0,5,1,1,3,0,3,75.6,51.53,4,5,6,0,0,0
89.09,54.08,5.48,3,0,1,1,2,0,1,4,1,2,54.07,10.88,1,4,3,10,0,0
64.25,87.26,8.9,5,1,1,1,5,1,1,0,0,3,82.9,86.08,5,4,4,8,1,0
50.14,58.57,7.14,1,1,0,1,4,0,0,3,1,3,52.89,20.7,3,3,4,8,0,0
60.63,55.37,5.11,0,1,1,0,5,1,1,2,1,0,67.1,44.32,4,5,4,1,1,0
77.65,77.37,8.92,6,0,0,0,5,1,0,3,0,1,81.08,94.22,4,3,4,5,0,0
85.26,83.26,9.29,6,0,0,0,1,0,1,2,0,2,48.05,26.58,5,3,1,4,1,0
55.98,59.94,6.82,6,2,1,1,3,1,1,2,0,1,19.2,34.34,3,2,3,10,1,1
51.79,64.72,7.74,4,0,1,0,3,0,0,0,0,3,66.54,16.53,5,3,2,10,1,0
68.37,82.97,7.93,4,2,0,0,1,1,1,0,0,2,24.29,1.81,1,4,2,1,0,0
84.94,86.41,5.09,2,2,1,0,5,0,1,2,1,2,29.34,68.46,4,5,4,2,0,0
53.19,84.97,5.21,2,2,1,0,5,0,1,4,1,0,32.06,63.91,3,0,1,1,0,1
81.39,93.51,7.35,2,2,1,1,4,1,1,1,0,2,53.91,45.92,2,1,3,9,0,0
52.56,96.0,9.99,3,1,0,0,2,0,0,3,0,2,74.81,20.25,2,4,0,8,1,0
84.04,78.08,5.64,3,0,1,1,4,0,1,4,0,0,55.67,14.13,4,1,5,10,1,0
72.17,99.12,8.71,3,0,1,0,2,1,0,4,0,3,47.61,77.72,1,1,4,6,1,0
73.32,95.08,7.01,0,2,0,1,5,0,0,0,0,3,3.85,15.53,3,2,5,4,1,1
91.69,74.56,9.88,2,0,0,0,2,0,0,3,0,1,24.63,81.81,2,5,3,4,0,1
51.31,93.06,8.81,5,1,0,1,5,0,1,5,1,0,98.64,29.46,4,0,1,9,0,1
56.57,80.46,8.35,6,1,0,1,4,1,0,3,1,0,76.46,31.64,3,5,5,0,0,1
79.5,77.84,9.08,1,2,0,1,4,1,0,5,0,1,97.93,36.16,3,5,6,3,0,1
58.65,55.18,9.58,2,1,0,0,3,1,1,4,0,1,9.96,0.05,3,0,1,4,0,0
57.82,96.62,8.54,4,2,0,0,3,0,0,4,1,1,66.44,23.21,2,3,2,3,0,1
99.2,82.21,8.47,4,1,1,0,1,1,0,2,1,1,49.02,95.27,2,1,1,4,1,0
89.83,93.87,9.86,0,1,1,1,3,1,1,1,1,0,10.37,46.37,4,1,4,4,1,1
55.86,57.53,7.21,3,2,1,0,5,0,1,0,1,3,53.69,81.91,2,0,1,4,0,0
93.78,62.05,6.93,4,1,1,0,4,0,1,4,1,2,18.01,77.21,2,4,3,8,1,1
62.47,79.98,9.09,6,1,1,1,2,1,0,3,0,0,73.01,31.04,1,5,4,6,0,1
67.75,55.92,8.25,6,0,1,0,1,1,1,2,1,0,11.04,18.8,5,1,2,0,1,0
92.3,50.21,5.14,4,1,1,1,1,0,1,4,0,1,57.5,10.36,1,0,4,5,0,0
77.89,86.02,6.82,3,1,1,0,4,1,0,0,0,3,22.26,86.22,3,2,4,5,1,1
50.58,95.29,5.2,4,0,1,1,3,0,1,0,0,1,99.31,57.89,3,5,0,9,0,1
74.04,66.65,9.17,3,2,1,1,4,0,0,4,1,3,45.4,27.82,3,5,5,10,0,0
66.69,54.81,9.06,6,1,0,1,3,1,0,4,0,0,69.01,39.12,3,1,5,0,0,1
56.09,83.66,9.3,2,1,1,0,5,1,1,0,0,3,21.14,0.93,3,4,3,6,1,0
93.78,73.55,6.83,5,2,0,1,2,0,0,2,1,2,1.77,12.13,3,0,3,2,1,0
57.72,95.79,6.11,6,2,1,0,1,0,0,5,0,0,26.03,95.09,2,3,6,5,0,0
54.59,82.64,6.73,4,1,1,1,1,1,1,5,0,2,49.86,1.48,3,4,0,3,0,1
87.42,67.96,9.75,5,1,0,1,2,0,0,3,0,0,79.38,27.25,3,4,1,5,0,1
58.27,87.96,7.29,6,2,1,0,1,1,1,1,0,1,91.3,84.41,4,1,3,10,1,1
61.7,90.5,5.12,6,2,0,1,1,1,1,1,0,0,98.0,79.23,5,4,0,6,1,0
94.86,52.72,6.57,6,0,0,0,4,0,1,3,0,3,80.52,89.29,4,5,4,9,1,1
96.33,92.18,9.84,5,2,1,0,4,0,1,5,0,2,43.85,57.95,5,0,5,7,1,1
65.83,51.56,5.56,0,0,1,1,2,0,0,2,1,3,53.75,5.53,1,2,6,4,0,1
76.82,50.49,7.5,6,2,0,1,5,0,0,5,0,0,25.2,9.65,2,1,1,8,1,1
57.59,63.14,9.11,3,2,1,1,3,0,1,5,0,2,27.9,27.87,1,1,3,1,1,0
67.39,95.62,7.49,6,2,0,0,5,0,0,0,1,2,70.71,44.1,5,5,1,8,0,1
78.01,77.09,9.32,6,0,0,0,2,1,0,0,1,0,4.84,61.83,4,2,2,8,1,0
84.39,97.92,8.62,3,0,0,1,4,0,1,2,0,2,86.78,79.94,4,2,2,5,0,1
58.25,60.91,5.67,6,2,0,1,3,0,1,4,0,3,96.94,97.99,3,3,0,4,1,0
53.87,80.07,7.98,3,2,0,0,5,0,1,2,0,3,95.05,10.26,1,2,5,10,0,1
93.03,98.88,8.64,4,1,0,1,4,0,0,0,1,3,6.66,66.6,3,3,4,6,1,1
73.18,52.27,6.42,4,0,0,1,1,1,0,2,0,1,29.67,75.78,4,5,1,2,1,1
80.56,79.68,9.52,2,0,1,0,4,0,0,2,0,2,61.78,12.63,3,4,1,1,0,1
89.67,71.81,6.1,5,1,0,0,1,0,0,5,1,2,63.05,71.32,1,1,2,4,0,1
89.18,67.41,5.47,4,2,1,1,2,1,1,1,1,1,35.01,15.36,2,0,0,6,1,0
78.09,93.64,6.59,6,2,1,0,1,1,1,2,0,0,41.23,57.41,5,1,0,2,1,1
82.91,71.4,8.2,2,0,1,0,5,1,0,4,1,2,14.7,79.39,4,1,4,4,0,0
84.64,56.13,9.56,2,1,0,1,2,0,1,5,0,1,41.44,33.52,1,3,1,9,0,0
94.18,93.1,8.19,4,1,0,1,4,0,0,2,0,3,49.87,95.16,5,0,3,7,0,0
99.13,62.36,5.81,0,2,0,0,1,1,0,0,0,2,84.47,10.31,4,1,4,3,1,1
83.92,68.41,7.26,0,1,0,1,1,0,0,2,1,0,80.05,55.74,4,1,1,3,0,1
62.19,67.4,5.79,4,0,0,1,2,1,1,5,0,0,17.59,97.32,4,2,1,5,1,1
53.24,85.04,9.67,4,2,1,0,1,1,1,3,0,2,58.32,6.84,2,3,6,5,0,0
55.19,97.28,5.61,5,0,1,1,4,1,1,2,0,0,40.94,7.22,5,1,2,3,1,0
98.82,89.77,5.1,3,1,0,1,1,0,0,4,1,3,34.0,50.82,4,4,2,2,1,1
58.22,88.9,9.19,3,0,1,0,2,0,0,5,0,1,6.87,89.07,2,4,6,5,0,0
78.78,94.19,6.14,3,2,1,1,2,1,0,0,1,0,27.66,98.91,4,5,1,9,0,0
73.26,60.55,8.94,4,1,1,0,1,0,1,2,0,1,64.11,30.63,5,3,5,2,1,1
92.68,82.81,5.17,0,2,1,0,4,0,1,4,0,2,68.56,68.13,3,4,3,10,1,1
62.38,72.3,9.74,1,2,0,0,3,0,1,5,1,3,58.81,86.95,3,5,5,4,0,0
86.33,97.69,6.74,6,1,1,1,3,1,1,3,0,0,26.2,42.64,4,1,4,4,0,0
68.32,82.64,5.11,4,0,0,0,5,1,0,1,1,2,88.66,96.69,2,5,1,7,1,0
78.36,62.78,5.66,4,2,1,1,2,0,0,2,0,1,0.3,22.02,1,2,4,4,0,0
82.59,77.77,6.04,6,0,0,1,3,0,0,3,1,0,14.78,92.74,2,5,6,4,1,0
98.65,93.27,9.65,1,1,1,0,1,0,0,3,0,2,77.44,68.11,1,5,4,3,0,0
79.85,87.0,6.03,3,2,0,1,4,1,0,4,0,1,24.84,26.75,3,5,1,3,1,0
89.68,94.82,7.33,0,1,0,1,4,1,0,2,0,3,50.55,3.23,3,0,2,5,1,0
70.48,74.91,6.84,1,1,1,1,3,0,1,3,0,1,43.27,38.48,5,4,6,0,1,0
52.0,59.66,5.78,4,2,0,1,4,1,1,4,1,2,34.54,38.91,1,2,1,10,1,0
85.01,93.9,8.12,2,2,0,1,4,0,0,3,0,2,99.37,72.77,1,3,2,4,0,0
71.99,55.45,5.21,5,0,0,1,1,0,0,4,1,3,77.73,80.05,1,4,3,5,1,0
54.89,71.16,7.67,6,2,0,1,2,0,1,1,1,2,7.12,23.64,5,0,6,8,0,1
93.36,94.4,8.7,0,2,0,1,3,0,0,3,0,1,64.96,6.11,1,0,2,6,1,1
78.22,62.88,6.04,3,1,1,0,1,1,0,5,1,1,41.77,49.12,5,5,5,7,0,0
86.14,58.95,5.34,2,1,0,1,5,0,1,1,1,0,2.14,44.38,1,1,1,3,1,1
66.18,73.24,6.82,1,0,0,0,4,1,1,4,0,1,2.0,57.38,1,5,0,2,0,1
84.92,94.99,5.4,1,1,0,0,1,1,1,4,1,3,36.62,70.29,3,1,1,2,0,0
81.91,51.32,8.11,4,1,0,1,4,0,0,4,0,1,68.53,37.29,5,4,5,9,1,0
74.8,55.25,7.73,6,0,1,0,2,1,0,4,0,3,64.85,97.69,4,3,2,1,0,1
52.98,96.2,7.46,5,1,1,1,1,1,0,3,0,3,9.52,68.64,4,1,4,7,1,1
54.44,91.9,9.31,2,2,0,1,5,0,0,0,0,3,57.61,46.08,5,0,0,10,0,1
59.17,52.27,7.84,4,1,0,0,1,1,0,3,0,1,48.24,7.35,5,4,2,3,0,1
85.63,58.09,6.69,3,1,0,0,1,1,1,0,0,2,74.13,41.77,5,0,6,10,0,0
76.04,97.72,5.01,3,0,1,1,2,1,0,2,1,1,51.36,90.26,2,0,3,8,1,1
50.86,51.75,5.51,0,0,0,0,3,1,1,1,0,2,3.96,52.78,1,4,6,8,1,0
86.38,88.0,6.99,0,2,0,0,4,1,0,1,0,1,34.9,72.42,1,2,3,8,0,1
77.92,60.39,7.16,2,1,0,1,4,0,1,1,1,0,64.19,48.49,4,3,0,6,0,0
74.68,64.2,9.67,6,0,0,1,3,0,0,2,0,2,90.27,24.8,5,0,6,8,0,1
75.74,85.77,5.57,5,2,1,0,3,0,0,1,0,1,25.43,40.45,3,1,5,0,0,1
97.58,93.38,5.7,6,0,1,0,2,1,1,5,1,3,38.2,86.05,4,5,3,0,0,1
97.84,56.26,6.02,6,0,1,0,3,1,1,4,1,3,33.09,32.49,1,3,4,5,1,0
86.64,59.67,9.87,0,2,0,1,4,0,0,2,1,3,4.91,21.52,3,4,1,1,0,0
63.23,54.76,8.84,4,1,1,1,5,0,0,3,1,1,27.31,89.17,2,2,1,7,0,0
94.01,51.11,9.83,6,0,1,1,4,1,1,4,0,1,39.41,10.06,2,2,2,6,1,1
61.05,66.57,6.76,2,2,1,1,5,0,0,4,0,0,1.14,27.93,2,0,1,6,1,1
61.94,58.0,9.48,3,1,1,0,4,1,1,1,1,3,29.01,95.26,3,5,4,5,0,0
71.7,95.9,8.04,6,0,0,1,2,0,0,0,1,2,88.52,51.19,3,4,5,6,0,1
55.12,66.18,8.85,0,1,0,0,2,0,1,2,1,0,90.26,90.81,2,3,1,3,0,1
95.64,53.86,8.47,0,2,1,0,3,1,0,2,0,0,42.3,26.88,1,4,0,3,1,1
95.25,69.16,7.58,2,1,0,1,5,1,1,4,0,0,81.98,27.07,5,0,3,7,0,1
80.23,88.21,7.94,5,2,0,1,2,1,1,2,0,3,72.67,46.73,3,1,4,0,0,1
64.85,87.01,9.71,1,1,1,1,4,0,0,0,0,0,35.65,32.72,3,5,5,9,1,1
60.71,95.99,6.46,2,1,1,0,3,0,1,5,1,0,22.34,52.7,3,1,3,6,1,1
90.88,80.17,7.21,4,2,1,1,1,1,0,4,0,1,5.75,18.39,2,3,0,7,0,1
78.78,67.83,6.69,3,2,1,0,5,0,0,4,0,1,86.29,96.92,1,0,1,10,0,1
76.59,61.27,7.62,1,2,0,1,2,1,1,3,0,0,92.09,37.35,4,5,6,6,1,0
74.94,88.88,7.82,2,1,0,1,2,0,1,5,0,0,42.69,36.76,3,2,1,7,0,1
95.74,52.14,5.47,6,1,1,1,1,0,1,5,0,3,52.13,1.92,3,3,4,2,0,0
82.65,87.58,7.37,1,1,0,0,5,0,0,2,0,0,68.26,84.64,3,3,2,6,1,1
94.66,51.15,7.0,1,1,1,1,2,1,0,4,0,0,0.81,79.81,1,2,4,10,0,0
90.97,62.56,7.95,5,1,1,0,4,0,1,2,0,1,11.06,87.67,4,1,5,6,0,0
70.1,95.43,6.23,1,1,1,1,4,0,1,5,1,0,77.19,40.39,1,0,2,6,0,0
64.09,62.65,7.75,4,0,0,1,4,0,1,3,1,3,35.37,95.65,3,0,4,8,1,0
65.38,89.01,8.06,1,2,1,0,3,0,1,3,1,0,72.97,39.28,4,0,5,3,0,1
99.63,79.81,6.28,5,0,1,0,4,0,0,1,1,2,46.04,4.96,5,1,5,8,1,1
92.34,99.75,7.63,5,1,1,1,4,1,0,3,1,1,84.76,38.13,4,3,4,4,0,1
52.16,86.47,8.94,3,2,1,0,4,1,1,5,1,3,82.46,59.19,3,2,2,7,0,0
70.6,50.75,6.69,4,1,0,0,2,0,0,2,0,1,50.93,93.01,2,2,4,9,1,1
55.26,90.04,8.69,1,2,0,0,3,1,1,1,0,0,94.72,0.58,1,4,2,4,1,1
55.35,91.07,9.78,2,2,0,1,3,1,1,0,0,3,70.62,22.94,1,4,2,2,0,0
55.64,57.69,7.83,3,0,1,1,2,0,0,2,0,0,65.8,72.32,1,5,3,3,0,0
88.9,86.31,5.29,5,0,1,1,2,0,1,2,1,2,70.49,63.63,1,3,6,4,0,0
67.36,68.04,6.09,2,2,0,0,3,0,1,0,1,1,64.79,14.77,3,4,1,0,0,0
70.85,83.01,6.5,4,2,0,1,5,1,1,2,0,1,67.66,96.94,2,4,3,10,1,1
72.89,78.05,9.55,6,0,0,1,4,1,0,0,0,0,90.7,39.27,5,3,4,2,0,1
58.42,58.53,7.3,3,2,1,0,2,1,1,1,1,3,77.75,58.81,5,4,4,1,0,0
92.56,64.64,8.26,1,0,1,0,1,0,0,4,1,2,68.21,22.88,1,2,1,0,1,0
70.27,50.94,8.72,3,0,1,1,5,1,1,0,1,0,75.82,68.3,4,5,5,7,0,1
66.92,53.55,9.26,3,1,0,1,3,0,0,2,1,2,2.84,28.26,4,0,4,3,0,0
61.74,80.8,8.97,1,1,0,0,2,1,1,5,0,0,67.58,35.56,5,0,1,5,1,0
74.1,59.1,6.63,6,1,1,0,2,0,0,5,0,2,83.06,73.71,4,4,0,9,0,1
63.57,58.57,9.41,4,1,1,1,1,0,0,4,1,3,65.41,20.23,1,3,0,0,0,1
79.04,76.72,9.09,3,0,0,1,3,0,0,2,1,1,51.06,26.1,5,5,5,5,0,1
53.33,58.16,8.17,2,2,0,0,5,1,0,4,0,3,73.64,61.71,5,5,3,9,0,1
81.15,58.33,6.67,4,0,1,0,4,0,1,4,0,1,28.08,46.48,1,4,1,1,0,1
80.96,76.61,7.36,3,1,1,1,4,1,0,0,0,3,87.84,72.74,5,5,5,4,1,1
56.45,97.01,7.45,6,0,0,0,1,1,0,1,0,2,35.61,98.59,5,5,3,8,0,0
82.68,95.55,5.07,6,0,0,1,5,1,1,3,1,3,71.01,20.92,3,1,4,9,0,1
70.54,84.23,9.9,2,0,0,0,2,1,1,4,0,3,52.44,6.84,4,3,1,8,1,0
87.38,66.05,9.16,1,0,0,1,2,0,1,3,1,2,59.82,24.83,1,0,0,7,1,0
71.9,81.92,8.32,4,2,1,1,1,0,0,4,1,0,33.8,21.76,5,3,6,9,0,0
90.7,50.85,5.84,5,1,0,0,5,1,0,5,0,2,33.6,66.82,1,4,2,5,0,1
91.65,81.96,8.97,5,0,1,1,3,0,1,0,1,2,80.17,72.69,2,4,6,9,1,1
63.33,60.3,7.78,6,0,0,1,5,0,1,5,1,3,52.31,46.73,2,4,2,1,1,1
77.93,63.16,5.83,5,2,0,1,3,0,1,2,1,0,4.93,36.72,1,2,5,2,1,1
72.92,70.5,9.53,0,2,0,1,2,0,0,1,1,1,69.77,58.58,4,1,5,8,1,1
66.26,94.77,8.34,6,0,1,0,5,0,1,3,1,2,99.23,61.64,2,3,3,10,0,1
53.7,80.73,6.11,2,1,1,1,1,1,0,4,1,1,3.38,1.01,3,1,0,3,0,0
65.73,92.15,8.86,6,0,0,0,4,1,0,5,0,0,4.03,46.68,1,1,0,3,0,1
85.49,70.61,8.15,1,2,1,1,4,0,1,0,1,3,56.76,61.73,1,3,6,2,1,1
82.86,78.31,5.37,4,2,1,0,5,0,1,0,0,3,6.92,56.26,2,0,2,2,1,0
57.93,72.84,5.31,3,0,1,1,1,1,1,1,1,2,17.09,72.08,1,3,0,3,1,1
61.7,65.69,5.3,3,0,0,1,3,0,0,2,1,1,26.77,62.54,3,4,3,8,0,1
83.86,57.07,8.07,3,2,1,1,1,0,1,3,1,2,50.41,10.9,5,2,2,4,0,0
66.29,94.51,8.33,5,0,0,0,1,1,0,3,0,3,66.95,43.83,2,0,4,0,0,0
51.3,97.59,6.55,1,1,1,1,5,1,1,2,0,1,0.14,28.11,4,3,4,8,1,1
71.29,64.9,8.44,6,1,1,1,5,0,1,3,1,3,89.68,68.52,2,3,0,5,0,0
70.17,85.11,9.09,4,0,0,0,2,0,1,1,0,1,11.25,56.92,4,4,5,6,1,0
53.07,74.36,9.81,3,1,1,0,2,0,0,0,1,3,58.28,0.4,4,3,0,4,0,1
97.94,78.63,9.05,0,1,0,1,3,1,0,0,0,1,93.4,79.46,5,5,2,4,0,1
83.88,51.09,6.86,1,1,0,1,1,0,0,1,0,1,70.73,79.87,5,3,6,9,1,1
90.24,77.27,5.62,0,0,1,1,3,0,0,5,0,3,70.93,97.9,2,1,2,9,0,1
67.59,53.8,5.92,3,0,0,0,2,0,1,1,0,0,76.71,61.55,2,2,4,2,0,1
91.33,57.1,7.18,6,1,0,1,3,0,0,1,1,1,75.26,27.68,5,3,1,0,0,1
57.96,85.82,6.57,3,0,0,1,4,0,0,5,1,3,86.25,70.19,1,1,3,9,0,0
77.72,94.16,8.02,1,2,0,1,2,0,1,3,0,3,91.03,59.61,2,5,1,5,0,0
71.59,94.8,5.03,3,0,1,0,3,0,1,3,1,3,34.56,46.58,2,0,2,5,0,1
86.61,64.06,7.95,5,1,0,0,3,1,0,2,0,3,15.97,57.19,1,1,1,10,0,0
72.42,60.65,6.69,1,2,1,1,1,1,0,1,0,1,96.63,74.9,1,1,3,10,1,1
66.44,89.77,7.03,2,1,1,0,1,1,1,1,0,3,51.73,38.2,2,5,1,10,1,0
86.99,87.64,8.53,1,0,0,1,3,1,0,5,0,1,76.39,83.57,5,3,5,8,0,1
90.15,71.05,9.08,1,1,0,1,5,0,0,4,1,2,44.63,50.65,4,4,5,4,1,0
93.27,70.94,6.32,0,0,1,0,1,0,0,5,0,0,59.17,13.14,3,0,0,10,0,0
78.85,65.28,6.48,5,1,0,1,3,1,1,4,1,3,61.88,32.55,5,3,1,10,1,1
89.81,54.98,7.68,3,0,1,0,2,0,1,3,1,3,82.12,36.72,1,5,6,0,0,1
99.6,76.64,7.54,0,1,0,0,3,0,1,2,1,0,68.61,88.75,1,0,0,8,0,0
52.09,73.79,7.0,5,2,1,0,3,1,1,5,1,1,88.48,0.09,1,4,6,2,0,0
84.75,86.96,6.44,3,0,1,1,4,0,1,4,1,1,82.58,46.53,4,0,2,0,0,1
58.55,57.02,7.04,2,1,0,0,5,0,1,1,1,0,14.22,12.99,5,5,1,10,0,0
75.82,74.71,6.05,4,1,0,0,4,1,1,3,0,0,23.82,44.43,3,5,4,10,0,0
61.22,55.9,7.94,4,0,0,1,4,1,1,5,1,0,95.03,47.96,4,0,5,5,0,0
53.66,83.36,5.64,0,2,1,0,2,1,1,5,0,0,62.69,66.33,3,5,5,1,1,0
57.34,77.29,7.84,6,1,0,0,4,1,0,0,0,0,39.62,72.41,5,0,6,8,1,1
60.85,67.39,6.91,6,2,1,1,3,0,1,3,0,1,7.97,83.9,1,3,0,9,1,1
61.64,73.53,7.09,0,1,1,0,1,1,0,1,0,2,46.19,26.27,2,4,5,6,1,0
89.99,66.43,8.62,0,1,0,0,2,1,1,2,0,2,59.39,2.74,2,3,4,3,1,0
75.6,92.41,6.18,4,1,1,1,5,1,1,4,1,0,64.84,50.88,5,0,6,7,1,1
86.83,61.52,9.39,5,1,1,1,5,1,1,0,1,1,61.79,2.57,1,5,6,7,1,1
62.1,65.06,7.12,5,1,1,0,1,0,1,5,1,0,33.57,84.17,5,2,2,2,1,1
50.8,73.82,5.79,5,1,1,1,3,0,1,0,0,1,40.31,29.44,2,5,2,4,0,0
97.4,82.35,5.08,1,0,1,1,4,0,1,0,0,0,33.01,41.14,2,2,6,9,0,0
60.62,51.81,6.75,4,0,1,0,2,1,1,2,1,0,72.47,4.48,1,3,5,6,0,0
87.74,52.24,8.19,2,1,0,1,1,0,0,0,1,0,13.59,98.53,1,0,1,9,1,1
79.64,54.4,7.68,5,2,1,1,3,0,1,0,0,1,10.01,67.15,1,4,3,1,0,0
78.01,61.26,7.18,2,1,1,0,3,1,1,0,1,1,2.41,85.69,4,1,5,5,1,0
56.76,68.6,8.01,2,0,0,1,2,0,1,0,1,1,1.89,90.24,5,4,2,7,0,1
55.64,89.6,8.58,6,2,0,1,2,0,0,1,1,1,64.86,65.59,4,1,0,3,1,1
62.81,88.25,5.24,5,1,0,1,1,1,0,3,1,3,4.54,6.53,4,3,1,10,1,1
91.55,67.28,9.44,5,2,0,1,2,0,1,4,1,2,41.78,50.83,3,4,2,8,0,1
59.41,54.2,8.07,0,1,1,1,3,0,0,5,1,3,43.18,8.94,2,3,1,2,0,0
84.65,80.51,7.66,6,2,1,0,3,1,0,0,1,1,18.39,2.24,4,0,2,0,1,1
88.76,83.47,9.7,3,0,1,1,3,0,1,2,1,2,3.58,89.22,1,4,2,10,1,0
50.28,84.56,7.62,1,1,0,1,1,1,1,4,0,2,90.83,37.22,4,0,6,6,0,1
58.77,55.5,8.86,4,1,1,1,2,0,0,0,0,3,13.58,33.01,1,4,0,7,0,0
71.77,69.42,5.07,3,0,0,0,2,1,0,3,1,2,61.95,1.16,4,5,5,4,0,0
57.8,91.28,7.42,1,2,0,0,5,1,0,4,1,2,61.01,25.45,1,4,6,10,1,0
57.18,93.28,5.2,5,0,1,1,5,0,1,5,0,3,48.85,22.95,3,4,3,4,0,1
55.2,89.94,8.64,0,1,1,0,2,1,1,3,1,3,31.96,50.33,1,2,3,4,1,1
97.05,63.73,7.62,2,1,1,1,4,1,1,3,1,1,27.94,62.07,4,5,6,1,0,1
94.23,85.91,5.82,1,2,0,1,1,0,0,1,1,3,88.23,9.97,1,2,2,0,1,1
91.82,84.61,8.38,2,2,0,0,4,0,1,5,0,2,19.85,2.18,2,1,5,9,1,1
82.53,93.34,5.54,2,2,0,1,4,0,0,2,0,1,59.58,55.97,1,3,1,5,1,0
84.8,99.3,9.69,1,2,1,1,2,0,1,5,1,2,21.87,84.87,1,2,1,6,0,0
52.56,50.83,6.46,2,0,1,0,2,1,1,1,1,1,97.67,94.26,2,0,2,8,1,1
56.49,74.01,7.37,6,1,0,1,4,1,0,3,1,2,30.32,89.53,2,0,6,8,1,0
72.53,71.83,6.03,2,2,0,0,4,0,1,2,0,3,83.27,48.6,2,4,6,4,1,0
70.3,77.15,8.68,0,1,1,0,5,1,0,4,0,0,12.46,88.9,5,5,4,8,0,1
81.94,53.7,5.12,0,2,1,0,4,0,0,3,1,3,34.14,40.55,5,4,2,9,1,1
97.37,62.28,7.86,3,0,0,1,4,0,1,5,1,0,0.91,66.97,2,5,3,4,0,1
83.78,69.58,8.56,2,2,1,1,4,1,0,4,0,2,4.6,90.43,5,1,0,8,0,1
90.78,61.41,5.22,5,0,1,0,1,0,1,4,0,0,92.35,30.32,2,2,2,4,1,0
76.73,75.9,9.17,6,0,0,1,3,1,1,4,1,0,22.34,96.89,4,5,5,5,0,0
89.82,87.87,9.86,5,2,0,1,5,1,1,3,1,0,65.88,1.07,4,5,1,6,1,1
78.75,63.68,8.14,0,2,1,1,3,1,0,0,1,0,56.17,36.65,2,2,6,3,0,1
84.87,99.24,5.23,5,1,0,0,1,0,1,5,1,2,56.23,65.56,5,1,1,4,1,0
66.98,88.16,8.3,2,1,0,1,5,0,0,0,0,0,20.63,14.91,4,4,1,1,1,0
72.32,75.68,6.03,4,2,0,0,4,0,1,4,0,3,95.22,14.36,5,3,6,10,0,0
82.44,89.14,7.86,2,0,1,0,2,0,0,4,1,2,45.97,60.7,4,2,6,6,1,1
61.37,65.96,6.36,6,1,0,1,3,1,1,3,1,3,0.92,84.77,4,4,0,6,1,1
83.42,56.17,8.25,6,2,1,1,5,1,0,4,0,3,58.79,99.91,1,2,5,5,1,1
77.5,83.24,7.87,1,1,0,1,4,1,1,5,0,0,26.94,13.24,4,1,2,7,0,0
93.97,77.54,5.53,3,1,0,0,4,0,1,2,1,2,53.55,82.65,5,4,6,10,1,1
57.05,70.96,9.03,2,0,0,1,3,1,1,0,0,3,32.34,48.54,2,2,4,10,0,0
87.58,77.53,6.1,2,0,1,1,4,1,1,1,0,3,43.25,38.49,2,0,0,4,1,0
96.9,89.66,5.54,3,0,1,1,1,0,1,0,1,3,97.08,6.13,1,2,0,10,0,1
95.05,52.38,7.42,1,2,0,0,3,1,0,3,1,0,53.21,13.14,4,0,3,5,1,1
95.57,58.25,5.65,2,2,1,0,2,0,0,0,0,1,26.17,90.05,5,5,5,2,0,0
88.74,56.5,9.6,2,0,1,0,3,0,1,3,0,0,76.43,26.94,5,3,3,7,1,0
61.76,79.88,8.09,3,1,1,1,1,1,0,5,1,2,24.83,23.13,2,0,3,1,1,1
61.2,76.08,9.16,0,0,1,1,1,0,0,3,0,0,53.16,31.63,1,2,3,0,0,1
63.77,98.11,7.31,0,0,1,0,5,1,1,3,1,2,68.92,75.4,2,2,2,10,1,0
82.45,86.34,5.62,1,2,1,1,2,0,1,4,1,2,66.32,16.64,1,5,5,8,1,0
50.25,71.58,9.34,2,1,0,1,2,0,1,5,0,0,88.92,79.95,2,4,4,9,0,0
82.78,52.59,9.79,3,0,0,0,5,0,0,5,0,2,82.36,6.21,3,2,2,5,0,0
76.77,60.64,8.49,5,2,0,0,3,1,1,5,0,3,24.24,58.04,1,2,1,1,1,0
76.53,80.77,7.04,1,2,1,0,5,0,1,3,0,3,50.15,68.55,1,4,6,9,1,1
79.68,53.29,7.18,2,2,0,0,5,0,1,2,1,2,56.93,23.26,1,1,2,3,1,0
63.18,96.65,5.96,2,2,1,1,5,1,1,5,1,2,32.83,94.79,5,5,2,0,1,1
74.39,79.01,9.52,5,0,0,1,3,0,1,3,1,1,73.46,9.31,4,4,0,2,0,0
57.05,61.29,8.21,2,1,0,0,2,0,0,0,0,1,23.29,84.56,4,3,3,9,1,1
85.87,81.74,8.39,2,2,1,1,3,1,1,0,0,3,73.74,37.01,5,1,6,4,0,1
51.04,72.68,7.04,3,2,0,1,3,0,0,2,1,3,98.72,72.63,1,2,6,9,1,0
68.58,77.28,6.78,2,2,1,0,3,0,0,4,1,1,30.04,32.2,4,0,3,0,1,0
65.37,96.84,8.68,5,1,0,1,3,0,0,4,1,1,98.57,81.28,3,3,4,4,0,0
76.76,89.1,6.64,1,2,0,0,4,0,1,0,1,1,70.55,37.19,2,0,6,1,0,1
86.94,84.03,5.61,2,2,1,0,3,0,1,4,1,1,51.06,8.03,2,3,5,0,0,1
82.06,50.93,8.15,5,2,1,1,4,1,1,2,1,1,46.74,6.08,4,3,1,1,1,0
84.37,51.06,7.5,4,0,1,1,5,0,1,0,0,3,93.67,86.98,1,4,2,1,1,1
71.0,76.26,7.36,0,1,1,0,4,0,1,5,0,0,59.19,55.53,4,5,1,0,0,0
56.5,76.91,5.92,0,1,1,0,3,1,0,1,1,1,15.65,64.42,1,1,3,2,0,1
99.79,72.01,9.27,6,0,1,1,5,1,0,3,0,0,38.7,90.89,3,1,2,1,1,0
86.7,67.37,8.9,3,1,1,0,2,1,1,1,0,3,86.78,49.72,5,3,3,2,0,1
79.7,96.78,7.91,4,1,1,0,4,0,1,4,0,0,85.26,85.35,4,5,6,1,1,1
73.6,95.36,8.15,2,0,1,1,1,0,1,1,0,3,28.1,61.8,4,4,2,9,0,0
95.69,53.93,6.13,1,0,1,0,5,1,0,4,1,0,74.18,69.62,3,0,0,4,0,1
93.61,73.17,8.14,5,2,0,1,2,1,1,3,0,3,82.98,85.77,2,4,5,2,0,1
60.02,66.84,6.13,3,1,1,1,3,1,1,4,1,1,25.9,63.21,2,5,6,7,1,0
72.9,86.29,7.64,4,2,0,1,3,1,1,1,0,1,44.86,27.98,5,2,4,10,1,1
70.66,65.29,8.7,1,2,1,0,4,0,1,3,1,2,81.51,52.92,2,2,1,9,1,1
97.32,81.71,9.5,1,1,0,1,4,0,1,5,0,2,76.52,9.33,4,0,3,3,1,0
72.6,84.31,7.25,3,0,0,0,4,1,1,5,1,0,89.83,51.47,2,5,5,5,1,0
57.65,55.34,8.05,6,2,0,0,3,0,0,3,1,1,71.97,20.03,1,0,1,4,1,1
72.34,69.4,6.29,4,1,0,1,4,0,0,3,1,2,79.58,73.03,1,3,1,6,0,0
94.29,69.03,7.05,2,1,0,0,4,0,1,4,0,3,30.89,17.39,1,2,1,2,1,1
69.93,54.0,5.91,0,1,1,1,2,0,1,1,1,2,34.86,76.82,5,5,6,5,1,0
68.07,61.75,5.85,0,0,0,1,4,1,0,3,1,2,48.84,51.81,4,2,0,7,1,0
58.77,53.26,5.81,4,2,0,0,3,0,0,0,0,1,54.08,34.56,1,4,3,2,0,1
98.63,91.72,5.39,4,2,1,1,1,0,1,0,1,0,34.2,41.85,4,1,1,2,0,1
61.5,67.23,6.8,3,2,0,1,2,1,0,5,0,0,56.47,10.19,2,0,5,3,0,0
73.69,62.81,8.52,2,1,0,0,5,1,1,3,0,1,81.8,80.73,2,2,5,8,0,1
82.6,53.42,6.12,0,1,1,0,2,0,1,5,0,0,76.21,90.15,4,2,4,3,1,0
64.17,63.48,7.96,3,1,0,0,1,1,0,0,0,0,61.7,39.76,4,0,6,4,1,1
59.17,92.49,9.76,1,0,1,1,2,0,1,5,0,1,35.78,66.22,3,3,4,4,1,1
50.38,89.37,6.84,6,0,0,1,4,0,0,0,1,2,71.05,92.96,4,5,2,6,0,1
62.41,51.19,8.33,2,2,0,0,2,0,0,0,0,1,46.2,52.86,3,2,2,5,0,0
66.94,60.31,8.47,6,0,0,1,1,0,0,2,1,0,71.18,68.84,4,0,2,4,1,1
59.04,67.98,5.2,1,0,0,0,4,0,1,3,1,1,33.01,57.44,1,0,4,3,0,1
67.38,53.13,9.29,2,0,0,0,5,0,1,3,1,3,23.68,70.73,1,1,0,6,0,1
96.43,69.0,7.89,1,2,1,0,5,0,0,1,0,2,3.33,58.39,2,5,5,6,0,1
80.8,95.01,6.1,0,2,0,1,5,0,0,4,1,3,91.44,51.92,5,4,4,9,0,1
88.86,98.71,9.2,6,1,0,0,1,1,1,5,1,0,1.91,71.22,3,4,4,9,1,1
84.87,51.14,7.55,2,1,0,1,2,0,1,1,1,1,9.84,10.34,1,5,2,9,0,0
66.94,69.09,7.57,0,1,0,0,2,1,1,2,1,1,73.89,66.79,4,2,3,2,0,1
60.19,68.7,6.97,4,2,0,0,4,1,1,0,0,0,27.9,22.22,2,4,5,10,0,1
51.73,52.97,9.69,5,2,1,0,2,0,1,0,1,3,10.04,56.43,5,4,6,7,1,1
96.94,92.25,7.62,3,1,0,1,5,1,1,1,0,2,20.06,32.78,3,2,2,4,0,1
50.03,71.65,5.23,0,2,1,0,2,0,1,5,0,1,53.46,15.34,1,2,5,4,1,0
67.81,75.91,9.7,3,2,0,1,4,0,0,1,0,1,1.78,82.39,4,3,5,1,1,0
95.75,82.75,7.53,1,2,1,1,4,1,1,4,0,1,76.65,75.77,2,5,5,10,1,1
86.74,97.6,8.91,2,0,0,0,3,0,0,5,1,0,51.78,22.93,2,0,1,2,1,1
96.68,91.25,9.57,0,2,1,1,2,1,0,1,1,3,37.9,6.41,5,0,5,9,0,1
83.16,72.99,9.55,5,1,0,0,4,0,0,0,0,0,69.68,40.92,2,3,6,10,0,0
81.0,88.34,5.32,2,2,0,0,2,0,1,3,1,1,76.23,34.32,2,2,4,2,1,1
87.18,71.24,8.76,5,0,0,0,1,1,0,3,0,1,77.23,44.84,2,5,2,2,0,0
85.71,64.56,6.82,4,1,1,1,5,1,1,2,0,3,14.24,4.13,1,5,2,5,0,1
99.83,54.48,5.99,3,0,1,1,4,1,1,4,0,2,6.59,72.85,2,1,4,6,0,0
55.24,56.1,5.2,3,1,0,0,3,1,1,1,1,2,75.87,83.93,4,5,1,6,0,0
70.1,52.49,5.18,3,1,0,0,2,1,1,4,0,3,25.83,49.42,4,1,5,4,0,1
72.05,53.13,5.24,1,1,1,1,2,0,0,3,1,3,17.39,43.08,1,0,3,1,0,0
79.63,57.73,7.38,1,2,1,0,4,1,1,4,0,1,15.01,20.16,4,2,1,7,1,0
97.22,54.74,5.32,0,1,0,0,5,0,1,1,0,0,0.19,86.41,5,0,4,8,1,1
64.46,90.14,5.87,4,0,0,1,4,1,1,3,0,1,48.97,75.49,2,1,0,8,1,1
61.83,90.76,7.02,3,1,0,1,5,0,1,4,1,0,75.43,17.66,4,3,6,3,1,1
93.35,71.6,5.23,4,2,1,1,2,0,0,5,0,1,19.3,80.68,3,4,6,6,1,1
90.82,72.22,8.71,2,2,1,1,3,0,1,4,0,2,53.62,93.65,4,1,4,4,1,0
82.12,68.24,8.55,4,2,1,1,2,0,0,2,1,2,97.49,15.32,5,1,3,10,1,0
74.63,96.33,6.31,5,0,1,0,3,1,1,4,1,3,2.46,91.05,5,1,4,2,0,0
88.98,58.66,9.28,0,0,0,0,3,1,0,3,0,0,90.77,22.62,5,1,2,0,1,1
74.82,77.92,8.74,6,0,1,0,2,1,1,0,1,3,49.67,9.97,1,0,2,7,0,1
65.41,92.26,9.28,1,1,1,0,3,0,0,1,1,3,87.05,34.66,1,2,1,6,0,1
95.69,50.15,5.34,3,1,1,1,2,1,1,3,0,3,58.85,92.27,4,5,1,1,1,1
61.89,60.27,5.57,3,2,0,0,5,1,1,0,0,1,15.5,33.26,2,0,3,9,1,1
56.64,55.15,8.23,5,2,1,0,5,0,1,5,0,2,95.94,50.91,5,5,2,1,1,1
98.66,63.32,6.21,1,0,0,1,5,1,0,0,0,3,67.24,55.67,3,4,1,6,0,0
75.44,89.32,7.63,4,2,0,0,2,1,1,0,1,0,73.59,20.29,1,5,3,3,0,1
71.03,50.37,9.18,5,2,1,1,2,0,1,5,1,2,71.34,51.12,3,4,1,5,0,0
96.65,72.48,5.18,3,2,1,0,4,1,0,3,0,0,14.89,14.79,2,2,5,4,1,0
68.1,67.81,6.28,4,1,1,0,3,0,0,3,0,0,95.48,67.76,4,1,0,0,1,1
82.25,57.15,5.41,6,1,1,0,2,1,1,0,1,2,55.01,11.32,5,1,6,0,0,1
64.98,71.79,9.19,0,1,0,1,3,1,1,2,0,1,9.09,29.46,5,2,2,10,0,1
76.64,65.08,9.4,2,0,0,0,1,1,0,3,1,1,5.04,82.6,5,5,0,1,1,0
84.52,77.55,5.8,5,0,1,0,1,1,1,5,0,3,51.36,19.75,3,0,1,1,0,1
85.93,86.45,6.85,5,0,1,0,4,0,0,5,0,0,46.42,32.41,5,4,0,9,1,0
83.85,52.66,8.97,1,2,1,1,3,0,1,4,1,0,20.5,99.26,1,1,2,4,1,1
90.95,77.4,6.27,2,0,0,1,5,1,1,5,1,2,75.91,89.46,3,5,6,7,1,1
71.46,84.37,9.34,1,2,1,0,2,0,1,2,1,1,93.24,72.52,2,0,1,7,1,0
78.03,51.11,8.01,6,0,1,1,3,0,1,5,1,3,61.25,91.68,1,5,1,0,1,0
84.13,68.04,9.2,0,2,0,0,5,0,0,0,1,3,45.38,13.1,4,4,5,2,1,1
97.11,71.51,8.41,2,0,0,0,3,1,0,4,0,0,90.88,2.32,5,1,0,1,0,0
65.38,67.84,7.76,0,0,1,0,1,1,1,5,1,1,22.39,1.01,4,4,0,4,0,1
87.94,57.86,8.34,5,1,0,0,3,1,0,0,1,0,41.38,35.39,5,3,4,5,0,1
91.02,70.69,5.49,5,1,1,1,1,1,1,5,0,1,10.99,36.09,1,4,5,9,1,0
54.41,63.8,5.53,3,0,1,1,2,1,1,2,1,3,41.16,84.78,5,5,2,8,0,1
66.4,65.92,7.79,5,0,0,1,3,0,0,2,0,3,40.5,6.85,1,1,2,8,0,1
90.62,80.52,7.88,0,0,1,1,5,0,0,2,1,3,12.53,73.76,2,5,1,8,1,0
61.76,93.41,6.64,4,0,1,1,3,1,0,2,1,3,43.8,76.69,5,1,6,3,1,1
98.47,62.32,5.43,3,2,0,1,3,1,1,0,0,0,3.38,96.06,1,0,4,0,1,0
87.21,50.07,6.46,4,1,1,1,4,0,0,2,0,0,22.03,88.67,2,5,2,7,0,1
72.02,61.14,7.39,0,0,0,0,5,0,0,3,1,3,36.17,98.76,2,1,1,2,0,1
51.47,79.65,5.73,3,2,1,0,5,1,0,2,1,3,15.88,8.84,5,4,6,1,1,0
75.28,71.11,7.65,1,2,1,1,1,1,1,4,1,0,80.36,30.05,3,1,4,6,1,1
95.72,51.61,9.6,0,0,0,1,4,1,0,5,0,3,56.75,45.17,4,0,4,1,0,0
73.86,92.11,8.22,6,0,0,1,1,1,0,1,0,1,26.42,0.09,3,1,1,9,1,1
83.26,99.08,5.73,4,0,1,1,1,1,0,1,0,3,73.39,17.15,5,2,4,1,1,1
90.49,54.76,7.61,6,1,1,1,2,0,1,0,0,0,44.2,32.37,3,1,3,6,1,1
97.76,96.28,5.2,6,0,1,0,4,0,1,3,0,2,49.79,90.7,3,2,5,6,1,1
94.89,86.58,7.65,2,1,1,1,4,0,0,1,1,0,13.44,80.67,5,0,3,8,1,0
91.04,78.15,6.8,5,1,1,0,4,0,0,1,0,1,14.99,34.86,5,2,1,3,0,1
60.37,57.33,5.5,2,1,1,0,2,0,0,0,0,2,30.6,30.09,4,3,3,7,1,1
55.51,60.6,7.13,4,2,0,1,5,0,0,1,1,2,71.22,51.06,5,0,2,5,0,1
72.51,64.08,8.83,6,1,0,0,3,0,1,5,0,3,68.02,45.41,2,0,6,10,0,1
73.62,79.97,8.7,3,0,1,1,4,1,0,4,0,2,27.26,5.47,3,4,6,6,1,1
80.72,97.06,6.36,5,0,1,0,5,1,1,5,1,3,22.22,43.37,1,3,2,5,0,0
88.66,94.58,5.15,5,0,1,1,4,1,0,2,1,3,9.19,22.36,2,3,5,2,1,0
78.63,67.28,5.08,2,0,0,0,2,0,0,2,1,3,85.8,57.08,5,0,5,8,0,0
53.75,60.22,9.94,0,1,0,0,5,1,1,1,0,1,76.0,77.11,2,5,0,1,0,1
59.31,91.68,9.22,0,1,1,1,4,0,0,1,1,3,17.8,90.38,4,5,6,5,0,1
79.78,99.69,5.45,0,1,1,1,2,1,1,0,0,3,66.03,70.68,1,1,1,3,0,0
70.41,98.16,7.02,5,0,0,1,1,1,1,0,1,2,69.67,77.08,3,2,5,9,1,0
82.2,58.76,8.09,5,2,1,1,3,0,0,1,0,1,75.14,90.52,4,3,5,0,1,1
59.31,69.37,8.22,1,1,0,1,5,1,0,5,1,3,58.17,20.63,3,5,3,6,1,1
64.99,73.18,7.56,0,1,1,0,5,0,0,5,1,2,24.8,55.08,2,5,0,6,1,0
93.12,76.82,6.15,4,0,0,1,4,0,1,5,1,2,10.17,35.04,1,3,6,0,1,1
97.39,94.73,7.73,1,2,0,1,2,0,1,1,1,3,81.04,59.88,5,3,6,9,1,1
68.53,59.66,5.43,5,0,0,0,5,0,1,4,0,1,33.11,27.56,2,2,0,3,0,0
80.13,73.19,6.09,5,1,1,0,2,0,1,4,1,2,15.14,16.2,3,4,0,6,0,0
94.78,78.99,5.58,2,0,0,0,5,0,1,1,0,0,59.28,5.67,1,0,4,10,1,1
76.49,92.68,5.83,6,2,0,0,1,1,1,2,0,3,72.35,12.44,2,1,5,6,0,0
57.53,76.56,5.38,5,1,0,0,1,0,0,5,0,1,75.66,43.62,3,5,3,5,1,1
79.6,99.9,7.15,5,2,1,1,5,1,0,5,1,1,59.92,99.87,4,0,2,4,1,0
57.37,62.91,7.93,3,1,0,0,4,1,0,4,0,0,83.43,13.87,5,1,4,5,1,0
87.33,92.33,7.59,1,2,1,1,4,0,0,1,0,1,50.4,89.84,3,5,0,6,0,1
82.82,87.38,5.67,0,2,1,0,4,0,1,3,0,0,39.7,38.57,4,0,3,3,1,1
63.53,74.82,6.59,6,0,1,0,3,1,0,0,0,1,27.9,54.24,3,4,5,8,1,0
99.78,58.35,8.24,4,0,0,1,2,1,0,4,1,3,42.89,4.13,5,4,3,7,0,1
67.39,50.17,7.27,5,0,0,0,1,1,0,0,1,0,88.74,72.03,3,1,1,6,0,1
62.61,76.81,7.02,1,0,1,1,2,1,0,0,1,3,81.09,17.76,4,1,2,1,0,0
91.12,87.63,8.5,0,0,0,1,4,0,0,1,0,2,74.45,84.14,1,3,0,10,0,0
79.41,89.95,8.39,1,2,1,1,2,1,1,4,0,0,79.99,99.2,4,5,0,3,0,1
50.78,51.57,9.47,5,2,0,0,2,1,0,0,1,1,89.76,88.6,3,1,1,5,1,1
68.93,59.16,8.13,5,2,0,0,2,0,0,2,1,0,94.22,29.35,4,2,0,8,1,0
73.66,55.06,6.02,5,2,0,1,3,1,1,0,1,2,90.98,17.43,5,3,1,0,1,1
65.78,79.45,7.11,0,2,0,1,5,1,1,5,1,1,74.23,89.13,5,2,4,6,0,0
50.13,72.17,9.74,4,2,0,1,2,1,0,5,1,0,76.07,50.48,5,1,2,2,1,1
68.61,86.09,7.85,5,0,1,0,3,1,0,4,0,2,87.55,97.98,2,5,6,6,0,0
66.51,80.44,8.7,3,0,1,1,4,1,1,3,1,0,72.19,93.71,1,0,5,6,0,1
79.29,99.59,5.07,5,2,1,0,4,0,1,0,0,1,76.17,20.12,1,4,4,10,1,0
59.16,62.7,7.51,0,2,0,1,4,1,0,0,1,2,97.31,55.72,5,5,0,0,0,1
62.27,97.12,6.41,5,0,1,0,1,0,0,5,1,3,83.41,25.86,3,1,1,10,0,0
60.53,85.95,8.6,0,0,0,0,2,1,0,5,1,0,81.24,63.67,5,3,4,5,0,0
68.28,94.55,5.53,1,0,0,0,3,0,0,2,1,1,30.57,62.61,2,2,3,0,1,1
71.44,75.01,7.27,5,0,1,1,4,1,0,0,0,1,93.69,46.49,2,1,2,5,0,0
70.79,51.99,7.63,6,0,1,1,5,1,0,3,1,0,20.99,47.47,2,1,3,9,1,1
78.12,51.2,6.14,3,0,0,0,3,0,1,2,0,2,40.13,16.21,3,1,0,10,1,1
71.3,55.92,5.27,6,0,1,1,2,0,1,5,0,1,37.77,29.97,4,5,5,8,0,1
77.66,81.97,9.6,4,0,0,1,5,0,1,0,0,2,45.85,43.8,4,2,1,7,1,1
68.41,51.69,6.17,4,1,1,0,4,1,1,4,0,0,66.35,42.93,5,5,6,2,1,0
82.07,59.86,6.34,1,1,0,0,4,1,0,3,1,1,80.47,27.72,3,1,6,6,0,0
50.88,80.81,6.73,2,1,1,0,4,1,1,4,0,2,78.87,90.62,5,1,3,7,0,1
58.47,92.18,7.66,6,0,0,1,5,0,0,4,0,2,48.79,80.06,3,4,1,7,1,1
91.17,61.96,7.61,1,1,0,1,2,1,0,2,0,1,27.7,78.6,1,4,5,10,0,0
96.84,56.66,8.56,4,1,0,0,5,1,0,5,1,2,36.68,40.4,2,2,3,3,1,1
70.73,82.2,7.04,1,1,1,0,4,0,0,1,0,2,98.76,47.3,5,3,3,1,0,0
89.6,76.12,5.92,5,2,0,0,2,1,1,4,1,0,38.52,82.06,2,4,5,3,0,0
81.96,75.01,6.78,1,0,0,0,1,0,1,1,0,2,30.87,83.8,1,4,0,9,0,1
78.28,60.58,5.49,4,2,0,1,3,0,0,2,0,1,15.04,88.35,4,3,6,6,1,1
64.06,85.3,5.27,2,0,0,1,3,0,1,1,0,0,51.65,25.17,4,5,1,5,0,0
56.48,67.51,5.03,5,0,1,1,1,0,1,1,1,3,98.73,3.19,4,5,4,6,1,1
53.86,81.41,6.0,4,0,0,0,3,0,1,4,1,1,46.62,69.4,3,5,3,10,1,0
51.12,98.82,7.43,2,2,0,1,1,0,1,1,0,1,63.54,32.55,1,0,0,8,0,0
67.84,98.84,5.37,4,0,0,0,1,0,1,4,0,1,25.67,70.6,2,2,5,0,1,1
60.44,56.89,7.86,0,0,1,1,3,0,0,1,0,2,30.06,0.39,2,3,1,7,1,1
97.15,60.23,6.93,6,2,0,0,1,1,0,0,0,2,42.02,79.38,3,0,0,2,1,1
83.67,87.22,5.83,1,2,1,1,5,1,1,0,0,0,11.91,17.85,3,1,4,0,1,0
85.25,89.11,5.94,4,2,0,1,5,0,0,5,0,1,71.82,7.9,4,5,3,10,1,1
75.27,85.29,5.74,0,0,0,1,4,1,0,2,1,2,99.18,34.83,3,1,1,1,0,1
79.39,56.5,9.61,0,1,1,1,3,0,0,1,0,2,67.83,92.07,1,1,3,6,0,1
60.62,53.51,5.38,3,1,0,1,1,1,0,1,0,3,82.04,78.47,4,1,0,5,0,0
82.01,58.89,6.19,6,0,0,0,4,0,1,2,1,1,22.06,19.28,5,0,6,1,0,0
53.53,82.1,5.42,3,0,0,1,2,1,0,2,1,0,86.7,1.94,4,3,4,4,0,0
57.55,57.51,6.71,5,0,1,1,1,0,0,2,1,2,0.21,1.31,5,5,1,9,1,0
50.78,72.35,7.71,0,0,1,0,5,0,0,5,0,0,96.3,58.07,5,1,1,4,0,1
77.75,54.42,8.5,5,2,1,0,2,1,0,4,0,0,63.12,6.98,3,3,5,0,1,0
50.19,96.95,5.44,4,2,1,0,1,0,0,0,1,1,36.61,10.61,2,1,5,5,0,0
57.57,69.67,9.43,3,2,1,0,3,0,1,5,1,3,70.13,78.44,3,3,4,10,0,0
55.98,65.81,8.77,5,0,0,0,2,1,0,5,1,1,32.36,85.75,2,1,1,9,0,0
91.77,66.78,7.47,5,1,0,1,2,0,1,1,0,2,77.1,14.78,5,5,2,7,1,1
68.05,74.41,6.56,1,1,0,0,3,1,1,0,0,2,91.19,33.13,5,0,4,5,0,0
88.56,91.84,6.15,5,2,0,1,4,0,0,2,1,1,7.03,51.07,1,2,4,1,1,1
50.44,63.84,6.75,3,0,1,0,1,1,1,1,0,3,50.53,86.81,1,0,3,1,0,1
86.15,73.33,7.48,4,0,0,0,3,1,1,1,0,2,46.86,8.56,4,2,1,4,1,1
99.3,67.04,8.98,2,0,0,1,4,0,1,5,1,2,86.44,15.88,3,2,6,9,1,1
77.83,51.81,9.63,2,0,0,0,5,0,1,2,0,0,43.79,92.08,2,3,6,0,0,0
76.83,51.42,7.03,6,0,0,0,2,1,1,4,1,2,13.83,63.17,4,4,3,4,0,1
93.03,89.36,6.59,0,0,0,0,1,1,1,0,1,3,59.79,42.32,5,1,0,0,0,0
73.14,59.07,9.3,4,2,0,1,4,0,1,1,1,2,46.25,33.04,3,5,2,9,0,1
91.24,67.35,8.94,2,2,1,0,3,1,1,5,1,0,14.58,15.17,5,0,5,1,1,1
70.41,63.83,7.7,6,1,1,1,4,1,0,4,1,2,0.17,84.06,4,1,6,5,0,0
84.69,79.09,7.67,1,1,0,1,5,0,0,4,1,0,12.28,94.53,5,1,1,3,0,1
60.78,94.47,7.0,4,0,0,0,4,0,1,2,0,2,3.49,4.57,3,3,1,5,0,1
97.99,73.87,5.85,6,2,0,0,5,1,0,5,1,3,98.46,50.45,1,3,4,10,0,0
51.17,73.6,5.23,5,2,1,0,1,0,0,4,0,3,29.11,43.05,3,0,0,4,0,0
99.67,85.71,5.95,6,1,0,0,2,1,1,4,1,0,98.37,20.32,1,2,4,3,0,0
56.98,50.18,7.09,5,2,1,0,2,0,0,1,0,2,34.76,34.86,2,5,5,0,1,1
54.99,58.47,6.36,1,0,1,1,4,1,0,4,1,2,23.2,61.84,2,4,1,3,1,0
65.59,65.17,8.15,5,0,0,0,5,1,1,4,0,3,59.47,23.93,4,2,6,8,0,1
75.8,76.02,6.52,6,2,0,1,2,0,0,3,0,2,32.19,34.74,4,1,5,10,1,1
91.6,83.65,7.07,6,0,0,1,1,0,1,4,1,2,67.11,83.13,4,0,0,10,0,1
80.2,93.7,8.06,0,0,0,0,2,1,1,3,1,3,78.31,65.45,3,2,6,4,0,0
50.67,78.43,7.45,3,0,0,1,1,1,0,2,1,0,76.56,81.8,3,1,2,2,0,1
81.04,63.54,8.72,6,2,0,0,2,0,0,1,0,3,31.68,26.72,5,1,5,8,0,1
54.02,93.42,9.88,6,2,0,1,2,0,0,3,1,2,8.7,62.9,1,2,2,7,0,0
82.23,72.29,8.78,2,1,1,0,1,1,0,3,1,2,55.62,21.66,1,4,0,1,0,0
73.48,57.16,6.89,3,0,0,0,1,1,0,2,0,2,34.87,15.87,3,3,2,2,0,1
98.06,84.86,8.98,1,0,1,0,5,1,0,2,1,3,12.4,18.02,3,1,1,2,1,0
88.53,93.96,6.8,2,1,1,1,5,1,0,1,1,3,14.05,39.47,5,5,0,4,0,1
69.55,85.26,6.38,6,1,0,1,3,0,0,4,1,1,56.11,76.17,2,5,0,8,1,0
87.45,75.99,9.29,6,2,1,1,5,1,0,1,0,3,50.75,95.38,5,5,1,4,0,1
81.31,78.95,8.78,5,1,0,1,4,0,1,5,1,3,17.36,41.99,3,3,1,8,0,1
61.66,87.82,6.54,2,0,0,0,4,0,0,2,1,1,24.96,8.15,1,4,6,8,0,0
51.1,51.42,8.86,1,1,0,1,1,0,1,1,1,1,41.78,24.72,1,5,6,5,0,1
53.57,57.04,5.49,6,0,0,1,2,1,0,3,1,0,9.4,54.01,4,3,3,0,0,1
72.44,97.45,5.19,5,0,0,0,4,0,0,5,1,0,73.92,71.74,3,5,2,8,0,0
98.74,63.46,9.8,2,0,0,1,2,0,0,0,0,3,58.36,61.73,3,0,1,0,1,1
63.71,70.49,7.63,5,0,0,1,4,0,1,5,1,1,88.63,41.99,4,1,6,5,0,1
63.13,58.02,7.55,5,0,1,1,2,1,0,0,1,3,9.94,32.24,1,0,0,4,0,0
53.43,80.52,6.97,6,0,1,0,4,0,0,1,0,0,84.45,49.24,5,4,6,9,0,0
95.28,56.44,7.37,0,1,0,1,2,0,1,4,0,3,34.82,34.42,5,2,0,8,1,0
81.86,62.45,5.39,3,2,0,0,1,1,0,3,1,0,74.46,89.02,1,3,5,7,1,1
65.73,56.18,6.1,5,0,0,0,5,0,0,0,1,0,13.89,50.15,3,0,1,6,1,1
80.13,99.8,5.33,0,2,0,0,1,0,1,2,0,2,24.37,47.91,1,2,6,1,0,0
51.22,52.66,9.18,1,1,1,1,2,1,1,1,0,0,26.15,11.79,4,4,2,5,0,0
58.13,51.13,8.26,2,1,0,0,4,1,1,3,0,3,37.41,59.38,1,0,0,2,0,1
80.26,72.4,5.5,5,2,0,1,4,0,0,1,1,3,98.55,62.07,3,2,5,5,0,1
76.14,90.14,7.55,5,2,1,1,2,1,1,1,0,0,83.13,24.34,5,2,2,8,0,1
88.49,62.45,6.37,5,2,0,1,1,1,1,4,0,2,88.48,36.5,4,2,3,10,1,0
56.97,54.03,9.9,2,1,0,1,3,1,1,5,1,3,60.03,65.54,3,3,2,4,1,0
68.55,90.36,7.0,4,1,0,1,3,1,0,2,1,0,69.74,96.39,1,0,2,10,0,0
95.06,90.88,5.12,2,2,0,1,2,1,1,3,1,3,74.97,26.96,4,2,5,3,1,1
59.87,71.99,8.91,4,1,0,1,1,0,1,2,1,0,17.18,90.87,5,0,5,7,1,1
79.56,50.08,7.9,5,0,1,1,1,0,0,5,0,0,47.5,81.14,5,4,5,8,1,1
90.74,78.99,8.55,5,2,1,1,4,1,0,5,1,3,71.33,86.66,5,0,6,1,0,1
75.71,54.75,8.06,5,1,1,1,4,0,1,4,1,1,50.3,10.28,1,4,1,0,0,0
87.34,74.09,5.82,1,2,0,1,3,1,0,4,1,1,64.57,2.81,2,4,1,9,1,1
83.12,63.23,8.95,6,1,1,0,4,1,1,4,1,2,97.47,9.21,1,3,0,7,1,1
89.7,83.06,9.1,1,1,0,0,2,0,0,0,0,3,76.12,65.49,5,2,1,6,0,1
58.31,84.85,6.57,6,2,0,0,3,1,0,1,0,3,7.55,97.65,1,0,0,4,0,1
90.43,64.84,8.8,1,2,1,0,5,1,0,2,0,2,49.38,88.53,2,4,6,4,1,1
95.23,68.04,8.15,4,1,1,1,4,0,0,3,0,2,76.69,8.85,5,4,6,3,1,1
94.9,52.78,7.48,1,0,0,1,1,0,0,4,0,0,76.79,63.63,1,4,6,6,0,0
50.66,67.67,5.88,0,2,1,0,4,0,1,1,1,2,50.86,38.31,2,0,4,2,1,0
86.54,96.98,5.83,4,1,1,1,1,0,0,2,0,1,53.0,75.26,5,4,4,5,1,0
94.46,50.89,5.51,0,1,1,1,5,0,1,4,0,1,81.19,29.26,3,0,0,2,1,1
56.25,85.72,6.44,3,0,0,0,4,1,1,3,0,2,90.69,98.06,3,2,6,5,0,0
94.63,67.08,8.6,6,1,1,0,2,0,0,0,1,3,91.3,82.06,4,2,2,4,1,1
82.55,81.11,8.41,3,0,1,0,3,0,0,0,0,0,47.34,52.45,4,1,1,1,0,1
91.0,67.0,6.37,2,0,1,1,4,1,1,0,0,0,54.62,1.71,4,0,3,0,1,0
84.38,98.52,9.06,4,2,1,1,3,1,0,0,0,3,59.96,74.23,3,3,2,0,1,0
98.49,74.45,7.47,6,2,0,1,5,0,0,0,1,1,35.2,0.07,3,5,5,3,1,0
69.22,80.38,8.18,6,2,1,1,3,0,1,2,1,1,19.19,22.2,2,5,4,1,1,0
95.98,84.06,5.97,0,0,1,1,5,1,0,4,1,1,9.17,49.27,4,2,4,9,1,1
97.71,81.29,6.35,5,1,1,0,1,1,1,3,0,2,87.72,28.62,2,5,4,9,1,0
91.22,63.49,9.89,4,0,1,1,3,0,0,3,0,1,92.39,22.4,1,3,0,9,1,1
79.46,83.94,5.44,3,2,1,1,3,1,0,2,0,1,39.19,6.14,3,5,4,8,0,1
60.2,65.61,7.1,6,0,0,0,5,0,1,5,0,2,1.22,57.3,1,1,2,1,0,0
66.72,92.88,9.04,1,0,0,1,4,1,0,1,0,3,19.53,79.95,2,2,5,0,0,0
79.62,81.99,8.43,2,2,0,0,3,1,1,4,0,2,21.43,35.42,5,4,1,5,0,0
89.37,59.87,8.69,4,2,1,1,5,1,0,0,0,3,30.74,0.83,5,4,4,7,0,0
67.16,71.6,8.06,5,1,0,0,1,1,1,0,0,3,26.62,24.32,1,2,6,10,0,0
75.01,79.0,7.44,3,0,1,0,2,1,1,0,1,0,39.22,18.98,4,4,1,3,0,1
57.61,67.84,6.98,5,0,0,0,1,0,0,0,1,0,1.79,32.22,5,3,1,5,1,0
54.54,77.4,8.91,1,0,0,0,3,0,0,2,0,3,84.53,10.89,3,0,5,9,1,1
71.35,55.01,7.78,2,1,1,1,4,0,0,5,0,1,37.48,53.39,1,3,1,1,1,1
90.31,50.84,9.62,1,1,1,0,1,1,1,1,0,1,74.4,61.46,4,4,4,4,0,0
52.81,92.24,7.74,2,2,1,1,5,0,1,1,1,1,18.79,4.93,5,2,2,1,0,1
54.98,63.01,9.34,0,2,0,1,4,0,1,5,1,3,67.1,90.77,4,5,3,5,1,1
56.88,64.66,6.62,6,2,1,0,2,1,0,0,1,2,21.7,92.61,2,4,1,8,0,0
93.94,96.8,9.87,2,2,0,0,3,0,1,2,0,0,21.74,45.41,5,5,4,1,1,1
83.86,73.6,8.26,1,0,1,0,1,1,1,4,1,0,42.03,26.34,4,0,1,8,0,0
76.53,60.21,7.9,2,2,1,1,4,1,0,2,1,3,50.39,27.01,4,4,5,7,0,0
61.5,92.38,9.76,3,2,1,0,5,1,1,1,1,2,32.46,85.91,3,5,6,7,0,0
63.85,80.18,8.52,5,0,0,0,5,1,0,3,0,2,12.48,82.23,5,5,4,6,1,1
85.97,69.67,5.16,3,0,0,1,4,0,0,1,1,3,26.0,1.17,2,0,2,2,0,0
89.57,72.21,6.22,1,2,1,0,5,1,1,3,1,3,61.85,16.95,1,2,4,2,1,1
89.76,81.05,9.88,4,0,1,0,1,0,0,3,0,0,48.24,94.6,4,1,1,0,1,1
55.81,94.81,5.66,5,0,1,1,4,1,1,5,0,1,90.26,53.38,4,1,6,10,1,0
79.51,71.07,9.3,4,1,1,0,1,1,1,3,1,0,66.63,79.38,5,1,4,9,1,1
52.58,54.02,6.13,1,0,0,0,3,0,0,0,0,1,14.21,37.15,1,1,0,6,0,1
85.57,99.02,8.28,3,1,0,1,2,0,1,5,1,0,21.19,96.57,3,1,2,0,1,1
65.73,78.72,6.31,5,0,1,0,3,1,0,1,0,3,6.88,33.59,2,0,3,4,0,1
96.03,90.81,8.68,4,0,0,1,2,0,0,2,1,0,68.56,39.6,4,3,6,4,1,1
95.94,72.64,9.02,3,2,1,0,2,0,1,3,0,1,9.69,42.55,1,5,5,7,0,0
86.49,95.46,7.0,3,1,0,1,4,1,0,1,1,0,40.22,72.54,1,1,3,9,0,1
89.76,62.52,7.55,1,2,0,1,3,1,0,1,1,0,54.58,37.17,3,5,0,7,0,0
98.36,81.44,5.6,0,1,1,1,5,1,0,1,1,2,12.68,97.17,2,3,3,7,1,0
96.56,71.69,5.63,3,0,1,0,1,1,1,5,1,1,45.59,38.64,4,2,1,4,1,0
88.25,81.71,5.49,6,0,0,0,5,0,1,3,0,1,79.17,12.06,2,3,1,6,1,0
92.06,77.39,5.52,0,1,0,1,3,1,0,4,1,3,69.14,79.58,1,5,0,4,0,1
98.14,65.7,9.02,2,1,0,1,3,1,0,3,0,1,38.68,12.9,4,0,4,2,1,0
99.45,94.56,5.43,0,2,1,0,2,1,1,4,0,1,39.6,67.93,2,3,6,1,1,0
56.44,56.37,7.27,4,0,0,0,2,1,1,3,0,1,22.96,23.87,5,3,0,4,1,1
55.05,58.33,6.44,3,0,1,0,2,0,1,0,1,0,67.69,77.19,4,0,4,0,0,1
53.05,91.11,8.22,0,0,0,0,4,1,1,4,0,3,49.45,81.84,2,2,6,7,0,1
88.08,87.82,7.22,3,2,0,0,1,0,1,5,0,1,47.93,87.57,1,2,2,4,1,1
56.76,57.43,7.63,5,2,1,0,4,0,0,1,1,3,71.76,99.61,2,2,3,0,0,0
50.42,69.26,6.61,2,0,0,1,5,1,1,5,1,1,21.32,9.77,5,4,3,10,0,1
63.0,54.57,5.32,4,0,1,0,3,1,1,4,0,3,66.45,95.07,1,5,5,2,0,1
63.74,98.17,8.02,1,1,0,0,2,0,1,0,0,1,5.76,11.7,1,1,2,10,0,0
95.17,63.53,8.2,6,1,1,0,3,0,1,4,0,0,30.25,33.76,5,1,2,8,1,0
53.35,61.19,9.82,2,0,1,0,1,0,1,2,0,2,27.27,27.22,5,1,3,8,0,0
92.93,72.0,8.76,3,2,1,0,4,1,0,0,1,2,32.93,78.84,2,0,5,1,0,1
53.57,71.57,5.93,2,1,1,0,3,0,1,3,0,3,25.81,97.21,1,4,3,2,1,0
51.62,69.09,9.03,4,0,1,1,4,0,1,4,1,0,66.13,92.07,5,5,3,2,1,1
69.64,75.44,8.23,4,2,0,0,4,1,0,2,1,2,94.23,64.01,2,5,5,4,1,0
91.64,60.36,5.34,5,1,0,0,1,1,0,2,0,2,67.1,9.3,5,1,0,6,1,0
60.9,99.7,9.84,6,0,1,0,2,0,0,3,1,1,35.31,89.79,5,3,6,0,0,1
77.28,61.18,9.95,3,0,0,0,4,1,0,1,0,2,41.31,24.03,3,0,2,4,1,1
71.45,87.62,5.06,0,0,0,1,4,0,0,0,1,3,97.36,47.49,5,5,4,6,0,1
79.33,81.55,9.79,0,1,1,0,3,1,1,0,0,2,49.57,62.15,3,3,3,8,1,0
81.85,51.9,6.6,6,2,1,0,3,1,1,2,1,2,14.2,95.45,1,3,6,8,1,1
93.77,98.59,8.74,0,1,0,0,1,1,1,1,0,3,27.06,90.87,2,0,4,0,0,1
77.51,50.43,7.7,4,1,0,1,4,1,1,0,1,2,89.88,99.46,5,1,1,6,1,1
80.22,82.84,6.14,2,1,1,0,4,0,1,5,1,3,18.97,89.29,3,2,4,3,1,0
66.77,96.46,7.59,5,2,1,1,5,0,1,1,0,0,73.58,23.56,3,4,5,4,1,1
95.3,74.35,5.56,6,0,0,0,1,1,1,5,1,3,8.15,82.04,5,4,4,2,1,0
78.46,76.64,8.25,6,1,1,0,3,0,1,4,1,3,59.23,79.0,2,3,5,5,0,1
56.54,92.86,6.3,4,0,0,0,2,1,0,1,1,2,64.35,14.44,2,1,5,7,0,1
85.25,64.38,5.42,1,2,0,1,2,0,1,4,1,3,83.7,21.22,2,0,5,9,0,1
82.43,64.44,8.7,5,1,1,0,1,1,1,4,1,3,39.21,71.33,4,1,4,0,1,1
50.24,90.1,5.02,4,2,0,0,1,0,0,3,1,2,8.06,38.9,1,4,4,6,0,0
97.63,98.51,5.23,0,1,1,1,2,1,0,2,0,0,85.42,63.96,1,0,4,0,0,1
70.89,55.85,6.62,1,2,0,0,1,0,1,3,0,2,68.09,13.3,2,1,5,7,1,0
51.58,61.2,8.21,0,2,0,1,3,0,0,0,0,1,12.62,97.0,1,3,0,8,1,0
75.42,80.81,8.64,5,1,0,1,1,1,1,5,0,0,29.73,43.75,3,0,4,6,1,1
93.06,94.54,8.61,0,1,1,0,3,0,0,0,1,0,83.79,95.86,5,5,1,7,0,0
91.05,62.8,8.56,1,2,0,1,1,0,1,2,1,0,99.14,22.58,3,5,0,6,1,1
56.46,70.8,9.23,5,2,0,1,3,0,1,1,0,3,82.5,35.71,2,1,5,2,0,1
51.54,55.46,5.87,1,0,0,1,2,1,0,0,1,0,48.9,46.57,3,2,6,5,1,1
55.97,73.44,9.01,1,1,0,0,2,0,0,4,1,0,84.17,17.28,5,4,6,6,1,0
87.7,62.48,6.04,4,2,0,1,5,0,0,0,0,1,36.67,42.66,4,2,4,9,1,1
74.13,93.24,6.7,2,1,0,0,4,1,1,3,1,2,65.74,9.74,5,4,4,5,0,0
73.02,58.53,5.66,2,2,1,0,4,0,0,4,1,0,76.05,34.18,4,5,5,4,0,0
73.72,64.16,8.6,4,0,1,0,1,0,1,4,1,1,85.02,85.3,5,5,2,8,0,1
74.2,58.66,6.46,5,2,1,1,3,0,0,3,0,2,47.17,62.92,4,3,1,10,0,1
55.17,87.78,5.62,0,1,1,1,1,1,1,1,0,3,70.68,98.78,3,5,2,2,1,1
52.05,76.47,7.21,0,1,0,1,5,0,1,5,1,1,80.14,53.91,5,5,1,5,1,0
68.62,88.54,9.39,2,2,1,1,5,0,0,5,0,1,90.05,89.93,3,1,4,8,0,0
90.91,69.06,6.03,4,1,1,1,3,1,0,0,0,3,62.17,76.08,2,5,1,9,0,0
82.11,73.01,7.71,2,2,0,1,1,1,0,0,1,3,14.26,25.48,5,1,5,4,0,0
51.85,66.87,5.14,0,1,0,0,1,0,0,2,0,0,87.3,8.58,2,1,5,9,0,1
50.74,76.63,7.2,6,0,0,1,2,0,0,1,0,0,1.92,94.69,3,4,2,10,0,1
87.0,76.29,9.43,2,0,1,1,4,0,1,2,1,1,99.66,6.35,1,3,6,1,1,1
94.51,64.1,5.81,5,0,0,0,5,0,0,4,0,3,68.78,76.82,2,2,3,10,0,1
84.76,50.41,5.42,4,1,1,1,4,0,0,2,0,3,3.03,98.74,2,4,0,0,0,1
92.74,93.57,5.43,2,2,0,0,5,0,1,5,0,0,70.67,23.1,1,4,2,7,0,0
80.02,62.25,7.73,3,0,0,0,1,0,1,4,1,1,73.54,50.69,2,1,6,1,1,1
79.95,89.72,6.93,5,2,0,0,5,1,1,1,1,2,48.29,29.03,4,0,0,9,0,1
91.82,76.1,8.52,0,2,1,1,2,0,1,5,0,1,15.16,24.96,4,4,2,7,1,1
86.15,80.77,9.39,2,2,0,0,1,1,0,5,1,0,30.08,31.56,2,2,2,4,1,0
72.3,79.5,9.46,0,2,0,1,5,0,1,3,0,2,84.14,91.85,3,5,1,5,0,1
65.58,70.71,8.5,4,0,1,0,4,0,0,1,1,0,49.2,12.59,4,4,0,6,0,0
89.52,62.43,8.91,2,1,0,1,2,1,1,3,1,3,8.36,36.58,5,3,1,2,1,0
59.31,86.27,7.93,1,1,0,1,3,1,0,3,1,0,45.57,87.93,5,3,5,4,0,1
57.11,66.23,8.83,0,0,0,1,4,1,1,2,0,3,48.48,16.78,3,2,3,2,1,0
92.57,54.26,7.13,1,0,0,1,3,1,1,1,0,3,13.25,47.75,2,1,4,0,1,0
80.3,63.66,9.1,4,1,1,0,5,0,0,0,0,3,57.61,46.67,2,0,4,9,0,1
90.04,95.66,9.14,3,1,0,0,2,1,1,5,1,0,19.92,72.02,4,2,4,3,0,1
64.96,79.63,6.66,2,1,1,0,3,0,1,1,0,1,52.86,13.0,2,5,3,8,0,1
91.02,91.95,5.74,1,1,1,1,4,1,0,0,0,0,11.41,8.55,4,0,6,3,0,1
74.55,72.06,7.76,5,1,1,1,3,1,0,4,0,0,37.89,91.63,5,2,2,8,0,0
80.87,51.66,6.81,4,2,0,1,3,0,1,4,0,1,49.46,33.17,4,4,4,7,0,0
82.24,91.0,9.77,0,0,1,1,4,1,0,1,1,2,85.31,32.29,3,2,3,10,1,1
76.38,51.39,7.01,1,1,1,0,4,1,0,0,0,3,34.27,60.28,3,5,0,10,0,1
81.78,80.1,5.14,0,0,1,1,1,0,1,2,0,3,90.39,39.97,4,5,3,4,1,0
66.71,91.04,7.35,1,2,1,0,1,0,1,2,0,0,33.32,99.98,5,3,5,0,0,0
86.74,59.6,5.08,1,2,0,0,1,0,0,5,0,1,95.64,13.69,5,4,0,2,0,0
85.03,53.08,8.37,5,0,1,0,2,1,1,2,1,0,33.94,68.4,3,0,0,0,1,0
82.92,57.52,7.02,4,1,1,1,5,1,0,0,1,2,15.06,81.09,3,1,5,7,1,1
83.93,67.07,9.09,3,2,0,1,2,1,0,5,1,1,60.88,12.17,5,3,1,3,0,0
84.59,64.72,9.1,1,1,1,0,5,0,1,1,1,2,35.58,63.32,2,4,5,9,0,1
66.21,72.12,5.65,5,0,0,1,2,0,0,5,0,0,51.92,18.88,4,5,6,6,1,0
58.58,63.06,6.68,1,1,1,1,4,0,1,3,0,2,21.57,73.63,1,2,2,6,1,0
94.14,88.12,7.38,4,2,0,1,3,0,1,3,1,1,49.48,68.85,3,3,5,3,1,1
71.14,63.95,7.17,4,2,0,0,2,1,1,1,0,1,96.54,78.92,1,5,4,4,0,0
83.88,85.11,9.23,0,0,1,1,2,1,0,1,0,0,38.8,73.97,5,5,2,10,1,1
65.93,61.85,7.83,6,2,0,1,5,0,1,5,0,2,80.66,96.54,4,0,0,1,1,0
89.27,54.03,7.03,4,0,0,1,2,0,0,2,0,0,31.58,23.88,5,0,1,9,1,0
55.1,77.41,9.5,4,1,1,0,2,1,0,1,0,3,78.6,89.38,3,3,3,3,1,1
69.35,93.18,5.41,1,1,0,1,3,0,1,4,1,2,60.11,12.09,1,1,3,4,0,1
79.97,82.54,9.58,3,1,1,1,3,1,0,2,0,3,2.1,39.08,3,2,0,7,1,1
82.48,97.23,9.49,0,0,1,1,2,0,0,3,1,2,45.8,49.9,4,0,1,7,1,1
62.13,91.7,9.91,3,2,1,1,5,1,1,0,0,2,95.49,18.54,2,5,5,7,1,1
88.83,59.59,7.17,2,2,1,1,4,1,1,4,1,0,31.13,55.56,5,2,1,6,1,1
91.6,94.59,6.17,3,1,1,0,3,1,0,3,1,3,40.72,74.5,2,1,3,6,1,1
70.79,77.0,7.7,0,2,0,0,5,0,0,0,1,0,44.67,42.68,3,3,4,6,1,1
92.32,92.91,5.63,0,1,1,0,2,0,0,1,1,2,25.64,78.87,4,4,4,8,1,0
56.75,99.01,7.54,3,1,0,0,1,0,0,3,1,0,31.98,88.67,3,0,2,3,1,0
74.06,68.63,6.98,3,2,0,1,5,0,1,2,0,0,26.27,83.68,1,2,1,0,1,1
94.12,90.94,9.28,1,0,1,1,3,0,1,3,1,2,91.45,52.22,5,5,2,6,1,1
72.67,66.54,9.84,5,1,0,1,3,1,1,0,0,1,24.53,57.04,2,2,4,2,1,1
59.11,87.97,8.03,4,0,1,1,3,0,0,4,1,3,90.41,99.54,2,2,4,9,1,0
65.88,77.31,5.93,6,0,1,1,4,0,0,3,0,0,89.66,18.03,2,3,5,10,1,0
67.93,83.92,9.4,3,0,1,0,4,1,1,2,1,2,5.46,5.93,1,2,0,6,0,1
51.43,62.18,6.17,4,2,1,1,5,0,0,3,1,0,16.37,40.53,4,4,2,10,1,1
50.11,97.6,5.79,4,2,0,1,2,1,0,0,0,1,33.47,17.97,5,4,1,5,1,0
53.2,70.61,8.38,4,1,1,0,4,1,0,4,1,1,69.01,50.27,1,0,4,4,1,0
91.64,80.01,5.87,0,2,0,0,5,1,0,3,1,2,25.26,74.18,3,4,4,5,0,1
87.78,97.03,6.26,3,1,0,0,4,0,1,1,1,2,66.64,76.06,1,4,3,0,1,0
97.69,67.56,8.39,1,1,1,1,2,1,1,4,0,0,35.22,88.03,4,2,3,3,0,1
57.73,82.71,7.4,0,2,0,0,2,0,0,3,0,0,64.73,19.67,1,3,6,1,1,0
75.59,78.7,7.12,1,2,0,1,4,1,0,1,1,3,95.8,12.63,4,4,6,6,1,1
60.81,97.83,6.6,6,2,0,0,3,1,1,1,1,2,85.61,67.09,4,3,1,6,0,1
56.17,98.57,9.27,2,2,1,1,2,1,0,3,0,2,6.18,8.74,1,3,2,3,0,1
91.66,56.7,6.73,6,2,1,0,4,0,0,4,1,1,13.91,93.24,4,0,5,10,0,0
80.57,61.57,9.22,1,1,0,0,1,0,0,5,1,2,35.7,54.63,2,2,4,7,0,0
82.49,78.01,9.22,0,1,0,0,4,1,1,0,1,2,18.38,86.82,4,4,0,3,0,1
53.31,94.93,7.35,3,2,1,1,5,1,0,0,1,0,4.0,84.06,5,4,3,0,1,1
62.1,69.7,9.53,4,1,0,0,1,1,1,4,1,3,29.31,10.3,3,0,2,3,0,1
84.74,77.96,9.2,6,1,1,0,5,1,0,2,1,0,56.0,80.77,5,4,4,0,0,0
73.36,85.26,9.52,6,1,0,1,2,1,1,3,1,0,60.44,66.83,5,5,1,1,0,1
99.54,70.21,7.37,3,1,0,1,5,1,1,3,0,1,12.46,78.19,5,0,4,1,1,1
95.57,90.29,7.82,0,2,0,1,4,0,1,5,1,2,55.35,19.32,4,1,0,6,0,0
74.71,91.74,8.03,3,2,0,0,1,1,0,1,1,0,52.64,69.04,4,3,1,2,0,1
82.59,64.2,5.87,0,2,1,0,4,0,0,5,0,2,30.05,18.14,2,0,4,5,1,0
88.76,84.22,8.42,2,1,1,0,2,1,0,1,1,2,7.85,39.57,5,4,5,4,0,0
71.37,74.75,8.13,4,2,0,0,5,0,1,3,0,1,15.59,21.73,2,0,4,8,1,0
81.47,67.68,7.15,4,2,0,1,2,0,0,4,1,1,79.39,55.45,4,1,1,1,1,0
75.33,99.28,5.54,0,1,1,1,1,1,0,1,0,0,75.41,91.04,5,5,6,7,0,0
57.33,91.75,6.99,2,2,0,1,1,1,0,2,0,2,91.99,40.65,3,1,4,9,0,0
57.42,75.82,5.79,2,1,1,1,3,0,0,2,1,3,13.0,77.57,3,2,1,3,1,0
55.56,75.51,9.61,0,1,1,0,3,1,1,1,1,3,67.25,89.51,3,5,5,8,0,1
72.19,78.29,5.43,4,0,1,0,3,1,1,0,1,1,1.57,16.39,2,0,0,7,0,0
66.47,68.31,5.58,5,1,0,1,5,0,0,1,0,0,47.54,23.84,5,4,1,10,0,0
98.8,64.74,8.66,5,0,0,0,3,0,0,4,1,1,7.39,80.76,5,0,2,8,0,1
77.92,80.93,6.96,0,1,1,1,2,1,0,1,1,0,17.23,77.36,2,5,2,3,1,0
91.57,83.29,6.49,2,1,1,1,1,0,1,2,1,0,67.02,4.82,4,2,5,7,1,1
55.25,95.8,9.64,6,2,1,0,1,0,1,4,0,1,33.27,6.06,4,4,5,7,1,1
62.25,50.19,7.21,1,0,1,0,2,0,0,2,1,2,16.76,96.13,5,5,2,10,0,0
99.81,87.03,7.31,2,0,1,1,2,1,0,5,0,0,54.95,93.91,5,1,4,10,0,1
70.79,79.82,5.57,6,2,1,1,2,0,0,2,0,0,43.17,9.47,3,0,4,5,0,0
53.26,80.81,7.56,4,0,1,0,2,1,1,1,1,3,47.7,97.32,1,2,4,3,0,1
52.23,88.6,7.17,6,2,0,0,3,1,1,4,0,3,31.69,68.5,4,2,2,6,1,1
69.92,95.04,5.93,4,2,0,1,5,1,1,1,1,0,31.03,65.62,1,2,5,10,0,1
61.37,90.75,7.4,1,1,0,1,4,1,1,0,1,1,78.76,63.28,1,4,2,6,0,0
96.14,93.9,5.48,1,2,1,1,4,1,0,5,0,1,45.86,91.07,5,2,0,5,1,0
64.25,51.58,5.34,4,2,0,0,2,1,1,2,0,0,44.02,63.98,2,1,0,0,1,0
57.38,50.77,8.03,2,0,1,0,4,1,1,4,0,2,8.86,54.34,1,1,2,10,0,1
60.12,75.21,7.57,4,0,0,0,4,0,1,3,1,0,83.61,77.06,5,5,0,2,0,0
69.29,90.37,5.53,3,0,0,1,5,1,0,4,0,1,35.88,9.67,4,3,5,0,1,1
55.42,68.76,6.88,4,1,0,1,5,0,1,2,1,3,25.25,56.96,3,2,3,3,0,1
68.22,50.82,8.46,1,2,1,1,4,0,0,5,0,1,32.61,14.94,3,2,4,8,0,0
90.87,61.68,8.41,0,1,0,1,4,1,1,2,0,3,11.35,43.79,1,3,0,8,1,1
64.76,64.89,9.43,1,1,1,0,4,1,0,4,1,2,25.05,37.69,1,1,5,2,0,0
76.11,97.18,7.81,0,0,0,0,4,0,1,4,0,2,6.22,84.81,2,2,6,5,1,0
78.84,68.76,6.39,3,2,1,1,4,0,0,3,1,0,22.55,77.31,2,2,2,3,1,0
84.72,77.62,8.14,6,0,0,1,1,1,0,4,1,1,78.78,16.32,3,0,1,9,1,1
95.5,90.7,7.05,2,1,0,1,1,1,1,0,0,0,16.88,43.88,4,1,3,8,1,1
61.66,59.28,7.6,2,0,1,1,4,0,0,2,1,0,4.74,33.67,5,4,5,8,1,0
85.14,70.77,9.83,4,2,0,1,2,0,0,5,0,2,78.53,74.56,2,2,4,9,1,1
53.37,58.28,6.45,4,2,1,0,4,0,1,2,0,0,38.53,35.89,3,4,4,6,0,1
73.55,53.89,6.89,2,0,1,0,5,1,0,0,0,3,33.71,18.92,5,0,2,3,0,0
67.39,96.04,8.11,2,2,0,0,2,0,1,1,1,1,73.99,28.35,4,4,2,9,0,0
92.92,86.19,6.77,2,0,1,1,4,0,0,2,0,1,72.66,24.29,1,4,0,8,1,1
85.63,86.03,8.61,3,2,0,1,1,0,0,2,0,2,16.03,69.16,2,0,1,1,1,1
79.63,81.02,5.42,3,1,1,0,5,1,1,0,1,3,98.48,93.18,3,4,0,5,0,0
97.92,51.53,9.99,6,2,1,1,1,0,0,2,1,1,41.56,8.38,1,1,1,8,1,1
99.44,87.52,7.63,3,0,0,1,3,1,1,5,0,2,15.79,83.59,1,2,0,10,1,1
95.76,93.9,7.44,1,0,1,0,3,0,1,1,1,0,20.97,62.3,3,1,1,4,1,1
72.9,79.82,9.15,4,1,0,1,3,1,0,0,0,1,29.01,52.48,5,5,6,10,0,0
74.56,80.45,7.01,4,2,0,1,2,1,1,0,1,3,65.63,21.01,5,3,2,9,0,1
96.52,56.69,8.36,3,2,0,1,4,1,0,3,1,3,99.76,66.36,1,4,0,5,0,0
99.88,65.47,8.86,6,1,1,0,2,1,0,3,0,3,39.72,65.08,3,5,0,3,0,1
83.07,83.46,9.31,2,2,1,0,5,0,0,3,0,3,17.3,11.21,3,1,4,3,1,1
51.67,57.97,7.28,3,2,0,1,2,1,0,1,1,3,96.36,37.64,1,5,0,1,1,0
57.27,77.3,7.92,4,2,0,0,2,0,1,3,0,3,14.97,15.35,5,5,6,3,0,1
77.87,67.51,9.59,0,1,0,1,1,0,0,3,0,0,82.83,62.81,2,5,4,2,1,1
59.55,91.4,9.57,6,2,1,0,1,1,1,4,0,2,2.83,79.01,3,1,0,3,0,0
66.34,96.69,8.72,5,2,1,1,2,0,0,4,1,0,24.67,20.96,1,4,5,8,0,0
72.74,98.54,8.46,4,2,0,1,1,1,0,3,0,1,13.96,72.36,4,1,5,5,1,1
52.78,98.84,9.02,4,1,1,0,1,1,1,3,0,3,80.71,24.48,1,0,3,8,1,0
52.69,54.4,5.68,5,2,1,1,2,1,1,3,0,2,66.37,97.22,3,3,5,2,1,0
78.95,56.61,9.49,4,0,0,1,5,1,0,5,1,1,43.95,67.99,3,0,1,8,1,1
77.61,53.78,9.06,3,1,0,1,4,0,1,1,1,2,60.12,96.45,1,0,5,3,1,1
50.93,93.13,7.95,1,2,1,0,5,1,0,3,1,1,37.86,80.52,2,0,4,8,0,0
75.26,89.91,6.63,6,1,0,1,3,0,1,3,0,1,64.02,9.89,4,1,0,10,1,0
87.21,63.68,9.11,0,2,1,1,1,0,1,5,0,1,31.85,24.5,3,5,6,3,0,1
53.82,68.0,8.91,1,1,1,1,4,1,0,5,1,0,19.12,71.76,2,0,0,0,0,0
54.63,89.71,7.41,5,0,0,0,1,0,1,2,0,1,0.83,81.85,3,0,1,4,0,1
63.0,80.51,5.78,2,0,1,0,2,1,1,3,1,3,13.38,31.26,1,1,2,0,1,0
78.31,53.68,7.31,2,2,0,1,5,1,1,1,1,0,25.62,72.68,4,5,0,1,1,1
51.13,70.69,6.27,1,2,1,1,3,1,1,3,0,1,37.22,46.57,5,2,1,2,1,0
70.28,78.14,5.51,5,1,0,1,4,1,1,5,0,1,38.48,22.05,2,3,4,3,0,1
62.49,82.45,6.26,2,0,0,0,2,0,0,2,0,3,6.61,93.06,3,3,5,7,0,0
69.17,72.9,8.82,3,2,0,1,4,0,1,0,1,0,28.0,20.51,3,3,6,9,0,0
74.39,62.93,6.9,5,0,1,1,2,1,0,4,0,1,47.02,21.45,5,2,1,0,1,0
68.89,80.41,7.15,2,0,0,0,1,0,0,3,1,3,53.86,0.15,4,5,4,3,0,0
75.93,71.06,7.16,2,2,1,1,5,1,1,1,0,3,26.65,21.16,1,1,1,6,1,0
89.3,83.71,5.33,0,2,1,1,5,0,0,1,0,3,75.95,35.93,4,2,3,5,0,1
71.9,82.97,7.85,4,2,1,1,1,0,0,3,0,1,13.18,97.97,4,3,4,9,1,0
84.51,83.65,9.64,3,2,1,0,2,1,1,5,0,1,27.52,40.69,2,2,5,9,0,1
96.82,76.01,6.72,1,1,1,1,2,1,1,3,1,0,29.76,37.58,3,3,2,8,0,0
63.76,63.28,8.94,3,1,0,0,1,0,1,5,1,1,1.75,59.55,3,0,6,10,1,1
85.45,64.19,5.51,2,2,1,0,2,1,0,4,1,3,74.99,96.55,4,3,4,6,0,1
73.87,59.58,7.39,1,2,1,1,2,1,1,1,1,1,81.31,47.02,1,0,5,8,1,1
66.69,99.76,7.15,4,1,1,1,1,0,0,5,0,1,44.53,9.66,5,3,1,0,1,0
81.69,71.19,6.16,6,1,0,0,1,0,0,2,0,0,26.66,85.08,1,3,6,9,1,1
62.88,68.66,5.46,6,1,0,1,2,0,1,4,1,1,16.38,11.31,4,5,1,8,0,0
99.98,65.46,9.66,3,1,0,1,1,0,1,1,1,1,82.07,46.0,3,4,2,2,0,0
90.73,94.14,7.42,0,0,1,1,4,0,0,1,0,3,27.72,46.38,3,3,3,0,1,0
86.3,97.1,7.36,2,2,1,1,3,1,1,3,0,1,15.71,23.19,2,5,6,9,1,0
89.77,60.16,9.11,3,1,0,0,1,0,1,5,1,2,25.66,68.39,5,2,0,0,0,0
65.59,61.9,5.31,6,0,1,1,5,1,0,5,1,3,4.54,66.25,2,2,4,2,0,1
97.23,94.84,6.86,1,2,0,0,3,1,1,5,1,2,83.97,91.93,2,3,1,9,0,0
59.63,54.75,9.34,1,2,0,1,5,0,0,3,1,1,18.58,44.82,5,3,0,7,0,0
73.85,64.38,6.32,6,1,1,1,1,0,0,5,0,1,2.3,25.77,1,4,5,10,0,1
85.8,64.66,8.14,4,2,0,1,5,0,1,0,1,0,74.7,44.94,2,0,6,0,1,0
85.65,76.14,6.59,2,1,0,0,4,1,0,5,1,2,52.37,15.01,1,4,3,1,0,0
83.48,97.13,5.48,1,2,1,0,3,0,1,0,1,0,97.24,53.83,2,4,0,9,1,1
66.99,87.31,6.24,3,0,0,1,3,1,0,3,1,3,51.02,55.0,3,5,0,7,0,0
65.98,78.47,6.8,5,1,0,0,2,1,0,5,1,3,47.31,13.15,3,3,3,1,0,0
93.43,61.06,5.32,5,0,0,0,5,1,1,0,0,1,91.58,26.36,4,5,5,0,1,0
55.11,62.15,9.56,1,0,1,0,1,1,0,1,1,2,3.42,96.51,1,1,2,10,0,0
94.88,95.05,6.08,0,0,0,0,5,0,1,1,1,0,91.66,13.84,3,4,2,5,1,1
92.82,51.14,7.42,6,1,0,1,2,1,1,3,0,3,26.06,44.61,1,0,3,9,0,0
93.37,75.92,6.1,2,2,0,0,3,1,0,2,1,0,11.1,52.67,2,5,5,4,1,0
81.0,66.47,7.71,2,1,0,1,2,1,1,4,1,1,22.94,93.51,2,4,1,7,0,1
81.73,68.61,9.77,4,1,1,0,3,1,1,5,1,1,51.79,55.33,2,5,2,5,0,1
71.49,97.57,9.15,4,1,0,1,2,0,1,5,1,1,97.21,29.37,3,1,1,6,0,1
53.13,53.49,6.96,0,0,0,1,1,0,0,2,0,0,9.77,3.96,1,1,1,0,0,1
64.27,56.06,7.55,2,0,1,0,1,1,1,5,0,2,38.86,4.06,3,2,0,4,0,0
74.06,83.65,5.34,3,1,1,0,4,0,1,5,0,1,83.41,44.19,5,0,3,0,0,1
97.1,67.51,7.66,4,2,0,1,3,0,1,3,1,1,65.22,58.79,5,4,2,6,0,0
51.57,60.15,6.23,0,1,0,0,3,0,1,0,1,1,65.45,29.59,2,3,3,8,0,0
99.02,51.97,9.64,6,0,0,0,4,1,1,5,0,1,81.69,35.98,1,4,2,6,0,1
55.3,64.33,7.98,0,1,1,0,4,1,1,3,0,2,63.89,20.0,4,2,1,0,0,1
63.43,91.78,9.97,1,2,0,1,1,0,1,4,0,0,24.41,72.31,4,3,6,7,1,0
61.81,89.05,8.19,6,1,0,1,1,0,0,5,0,1,52.83,12.01,4,5,4,6,1,1
94.41,77.94,6.2,6,2,0,1,2,1,1,1,0,0,79.93,50.27,1,0,0,1,1,0
60.16,60.61,9.43,6,0,0,0,2,0,0,0,1,2,64.54,30.42,5,0,5,1,1,0
62.68,56.35,8.05,6,1,1,0,4,0,1,0,1,2,96.38,66.81,1,2,5,4,1,0
56.09,52.12,5.75,2,1,1,0,2,0,1,4,1,0,89.72,10.18,3,4,6,3,0,0
96.46,99.38,9.02,4,0,0,1,5,1,1,3,1,1,2.95,33.54,3,5,0,3,0,0
55.31,80.17,8.55,6,1,1,0,3,1,1,5,1,0,81.38,22.02,2,3,5,10,1,0
60.16,83.74,6.73,2,1,1,0,3,0,0,5,0,3,48.3,24.33,3,0,1,3,0,0
90.45,91.54,7.85,6,1,1,1,4,0,0,1,1,1,74.82,69.89,1,4,0,1,1,1
81.5,87.72,8.42,6,1,1,1,1,1,0,0,0,1,69.21,44.24,3,2,0,7,0,1
59.16,50.96,5.85,4,1,1,1,2,0,0,0,1,1,22.47,73.25,5,5,3,6,0,1
62.41,62.7,5.82,0,0,0,0,1,1,1,3,0,0,42.07,30.77,3,0,4,5,0,0
87.43,80.2,5.94,2,1,1,1,2,0,1,0,1,3,54.92,82.11,2,2,4,4,1,0
54.38,63.0,8.18,5,2,1,1,2,1,1,5,0,0,60.64,75.87,5,5,1,0,1,0
96.48,53.95,7.46,0,0,0,1,3,1,0,2,0,3,47.01,38.23,2,1,6,10,0,0
58.34,78.33,8.78,5,0,1,1,3,1,1,3,0,3,22.45,52.92,5,0,3,6,0,1
83.81,67.83,7.26,5,1,0,1,1,0,0,5,0,1,34.59,58.04,1,5,5,2,0,0
56.97,87.39,6.19,3,0,1,0,5,1,0,3,1,0,43.63,98.09,1,5,0,1,0,0
79.17,78.78,7.95,0,2,1,0,4,1,1,4,1,3,77.33,96.1,3,3,1,6,0,1
84.11,88.29,6.29,2,0,0,0,1,0,0,0,1,3,64.16,95.47,3,3,4,8,1,1
62.38,95.62,9.72,5,1,1,0,3,1,0,0,1,1,0.1,89.01,5,5,5,6,1,1
90.25,63.0,6.69,2,1,0,0,1,0,0,2,0,0,32.82,26.98,2,1,3,6,0,1
56.22,77.19,7.96,0,2,0,0,5,1,1,3,0,3,96.17,41.97,2,1,0,2,0,0
53.05,66.12,7.44,1,1,0,0,5,1,1,2,0,3,98.83,11.46,5,4,5,6,0,0
97.5,82.97,9.65,5,2,1,1,5,0,0,0,0,3,68.73,32.67,5,1,1,2,1,0
95.35,63.22,9.53,3,1,0,1,3,1,1,2,1,3,65.54,8.95,1,0,0,0,1,0
57.03,53.88,5.33,1,2,1,0,5,1,0,4,0,0,4.39,83.39,3,1,4,2,0,0
58.46,76.35,6.93,3,1,0,0,5,1,0,3,0,0,48.59,52.35,5,2,1,9,1,1
82.85,63.56,5.09,5,0,1,0,2,1,1,5,1,2,37.96,52.32,4,5,3,2,0,1
57.51,75.39,7.2,1,0,1,1,4,1,1,5,1,0,65.96,32.5,1,2,1,8,0,1
91.0,52.96,7.21,6,0,1,0,3,1,1,3,1,3,56.26,1.41,5,5,3,4,1,0
70.61,70.25,8.44,6,0,0,0,1,1,1,4,1,3,42.01,40.35,4,0,0,7,0,0
98.52,74.51,5.3,5,0,0,0,2,0,1,4,1,3,9.18,97.54,1,0,4,3,1,0
93.76,97.49,7.74,1,0,0,0,3,0,1,4,1,3,44.5,37.36,1,2,4,9,1,1
50.02,65.03,9.99,4,2,0,0,3,0,0,3,1,3,36.53,83.3,4,3,0,6,0,1
74.04,95.91,9.07,3,1,0,1,2,1,1,1,0,0,74.84,74.04,2,3,3,4,1,0
58.99,88.0,7.25,5,1,1,1,2,0,0,1,1,1,43.8,70.32,3,5,6,9,1,0
92.39,56.93,7.46,6,0,1,1,1,0,1,3,1,0,11.77,62.35,5,1,0,2,0,1
63.71,96.87,6.78,0,1,1,0,5,0,0,5,0,2,93.28,31.3,2,3,0,7,0,1
73.4,67.41,7.63,3,2,1,1,4,1,1,5,1,2,14.21,34.01,2,2,1,1,1,0
72.96,83.44,8.26,1,1,1,1,4,1,0,0,1,2,66.32,59.03,4,1,4,5,1,1
58.6,53.54,7.58,4,2,0,0,5,0,1,3,1,2,6.85,17.31,4,2,6,7,0,1
98.63,84.81,7.57,2,2,1,1,1,1,1,1,0,1,69.33,46.25,4,3,4,2,0,1
92.59,51.24,5.93,2,0,1,0,2,0,0,3,0,3,14.38,99.63,5,0,4,1,0,0
99.81,72.97,5.47,2,1,1,0,1,0,1,3,0,2,24.64,12.79,3,2,2,7,1,1
53.36,80.43,7.34,5,0,1,0,2,0,0,0,1,2,31.23,47.13,5,3,0,7,0,0
66.05,81.15,5.1,1,0,0,1,4,1,0,5,0,3,8.99,96.5,1,1,0,7,1,1
79.8,60.06,5.0,4,0,0,1,2,0,0,5,0,2,56.81,97.47,4,3,3,4,1,0
63.0,75.57,6.15,3,0,1,1,5,0,0,3,1,1,59.48,81.17,2,3,4,10,1,0
54.36,97.22,6.11,1,0,1,0,5,0,1,4,0,3,56.69,32.68,3,4,2,4,1,1
54.43,53.92,5.67,1,0,1,1,3,1,1,2,0,1,5.0,89.91,5,4,1,8,1,0
78.57,83.88,7.73,4,2,1,0,1,1,1,2,0,2,44.19,73.91,5,0,6,9,0,0
71.99,63.43,7.08,1,1,1,0,5,0,1,2,0,1,10.18,23.32,4,5,5,0,0,1
55.26,74.99,5.76,1,0,1,0,4,1,1,1,0,0,64.4,10.23,2,5,4,0,1,1
95.64,85.83,7.44,0,1,0,0,5,0,1,5,0,2,6.65,63.9,5,4,3,7,1,1
98.58,98.03,5.77,2,0,1,1,1,1,0,5,0,0,15.2,83.77,5,0,3,1,0,1
63.99,87.38,7.42,6,2,0,0,1,0,1,4,1,2,3.73,19.25,3,2,1,10,1,0
57.73,95.03,5.61,0,0,1,1,1,0,0,2,0,1,72.85,46.68,1,5,1,10,0,0
71.67,96.8,8.52,0,1,0,0,4,1,1,5,1,3,68.14,94.61,5,0,1,9,0,0
87.78,88.28,6.87,4,0,1,0,3,1,1,3,1,2,44.9,34.51,1,1,3,0,0,0
73.46,76.96,8.67,0,0,1,0,1,1,0,3,1,3,88.82,13.92,3,0,2,10,1,1
79.57,61.6,6.73,6,0,0,0,5,1,1,4,0,2,63.2,58.58,5,0,6,4,0,1
64.36,81.02,6.55,1,2,0,0,1,0,0,5,1,1,74.0,51.0,5,0,1,1,1,1
51.75,57.75,7.75,1,0,0,0,4,1,1,1,1,0,62.0,16.02,4,5,4,9,1,1
86.91,74.19,5.95,6,0,1,0,3,1,1,0,0,0,39.64,20.54,4,0,3,9,1,0
87.43,86.52,6.04,6,2,1,1,5,1,1,1,0,0,54.42,89.46,5,2,2,2,0,1
73.45,51.94,5.97,5,0,1,0,1,0,1,3,0,1,12.78,33.78,2,3,6,9,1,0
82.92,66.64,7.15,2,2,0,1,3,0,1,0,1,3,2.25,30.72,2,1,4,5,0,1
69.98,50.88,9.44,5,0,1,0,3,1,1,5,0,3,62.5,65.77,2,1,6,1,0,0
74.54,92.69,9.73,4,0,0,0,4,0,0,1,1,0,72.05,10.4,2,3,5,5,0,0
54.83,51.45,5.96,4,0,0,0,5,1,0,1,0,2,70.65,12.8,1,2,4,4,0,1
55.45,96.2,9.94,0,2,0,1,3,0,0,1,1,0,45.74,50.09,1,4,4,9,0,1
88.11,79.23,6.41,3,2,1,1,2,1,0,5,0,1,72.41,80.92,3,3,6,1,1,0
53.92,66.13,9.22,1,1,0,1,1,1,1,2,1,3,42.5,56.77,3,1,0,10,1,1
63.2,92.87,9.04,6,2,0,1,2,0,0,1,0,0,13.82,39.29,3,1,6,7,1,1
50.07,52.6,8.44,5,2,0,1,2,1,0,4,1,3,17.42,28.19,4,4,2,1,0,1
76.98,73.39,8.99,2,0,0,0,4,0,0,5,0,0,83.41,1.07,5,5,1,0,1,1
87.56,96.79,9.58,5,1,0,0,3,0,1,4,0,3,68.53,26.35,5,5,3,5,0,1
84.95,64.48,5.93,5,1,0,0,4,0,0,1,1,0,69.22,34.58,1,3,6,7,0,0
59.16,50.29,5.84,5,0,1,0,4,1,1,5,0,3,66.07,16.1,3,2,5,10,1,1
59.08,68.34,7.68,6,1,1,0,2,0,0,2,1,3,32.84,4.44,1,0,5,6,1,0
58.69,94.14,8.84,2,1,0,0,5,0,0,3,1,0,88.39,15.5,5,1,4,0,1,1
71.8,50.32,6.06,0,0,0,1,4,0,0,0,1,2,30.88,23.89,1,1,3,4,0,0
54.21,87.12,8.81,0,0,0,1,1,1,0,5,0,3,49.16,48.93,1,3,4,7,1,0
72.8,50.09,6.13,1,0,0,0,3,0,1,5,1,1,90.2,29.85,5,1,1,8,1,1
98.5,80.69,5.8,3,1,0,1,4,0,0,3,1,2,65.31,97.03,5,4,0,8,1,0
56.76,69.94,5.01,1,1,0,1,2,1,1,3,1,3,95.07,17.29,4,3,1,1,1,0
55.71,50.03,5.11,1,0,1,0,1,0,0,0,1,0,94.49,65.89,1,2,6,5,0,0
57.19,80.56,6.76,3,0,0,0,1,1,0,5,1,0,72.74,43.58,4,1,4,6,1,0
92.82,99.32,5.12,4,0,0,0,1,0,1,1,0,3,84.7,57.82,5,4,1,9,0,1
98.48,88.45,5.59,6,1,1,1,2,1,1,2,0,1,81.23,82.23,3,0,3,8,0,1
75.54,55.85,5.32,5,2,0,1,4,1,0,2,0,3,93.58,42.8,5,5,5,10,1,1
60.79,58.62,7.8,6,2,1,1,3,1,0,1,0,1,89.7,26.11,2,5,4,6,1,1
52.46,80.71,9.57,2,2,1,0,3,0,0,1,0,3,59.82,71.48,4,5,1,9,0,0
81.4,85.8,5.2,5,0,1,0,4,1,1,2,1,1,73.29,48.64,5,1,5,9,0,1
58.3,98.28,5.91,3,2,0,1,4,0,0,5,1,1,58.04,8.44,5,1,1,7,0,0
75.56,82.75,9.21,2,2,1,1,5,1,0,4,0,2,58.34,17.51,1,2,2,9,1,0
79.8,92.96,8.41,1,1,1,1,2,0,1,0,0,1,81.06,49.26,1,3,5,8,0,0
69.73,56.93,6.26,0,2,0,0,5,1,0,4,1,1,31.15,45.13,3,4,5,6,0,0
55.91,60.87,8.6,0,1,1,0,5,0,1,0,0,2,95.4,93.28,4,0,2,2,1,1
86.98,93.86,6.6,0,1,0,1,2,0,1,3,0,1,75.51,54.17,3,3,2,2,1,1
77.95,65.7,9.48,2,2,1,0,1,0,0,3,1,3,13.66,76.44,5,0,0,6,0,0
64.73,81.15,5.95,6,0,1,0,4,1,0,5,1,2,66.94,86.82,3,4,5,9,0,1
56.19,87.44,9.19,1,1,1,0,1,0,1,5,0,0,28.25,56.31,4,2,1,2,1,0
98.77,51.18,6.82,4,2,1,0,1,0,0,5,1,0,15.8,72.14,4,5,3,5,1,0
98.47,88.68,9.97,5,1,0,0,2,0,0,5,1,3,45.31,79.37,1,2,5,0,1,0
97.44,54.59,8.07,3,0,1,1,4,0,1,4,0,0,43.48,2.47,1,3,3,7,0,0
58.44,84.57,5.75,0,2,1,1,1,0,1,3,1,2,23.9,11.15,3,3,4,6,0,0
95.26,93.52,9.7,5,0,1,0,1,0,0,5,0,2,17.23,87.9,1,2,2,9,0,1
69.59,91.17,8.17,3,2,0,1,5,1,0,4,0,0,66.49,43.34,5,5,0,1,0,0
68.83,65.41,5.09,2,0,1,0,5,1,1,3,1,0,90.19,94.86,1,3,0,9,0,0
67.43,51.61,7.11,4,0,1,1,1,1,0,0,0,2,86.84,70.31,1,2,3,5,1,0
90.52,56.82,9.64,4,1,1,0,4,1,1,4,1,3,29.55,64.63,3,1,1,7,1,0
90.89,94.96,7.58,4,2,1,0,2,1,1,3,1,0,4.86,78.77,2,4,4,1,1,0
54.18,88.58,5.57,4,2,0,0,2,1,0,2,1,0,81.43,56.5,2,1,6,0,1,0
73.55,58.69,5.44,5,0,1,1,3,1,1,1,0,2,67.45,19.09,2,5,4,6,1,0
98.25,70.17,9.84,1,0,0,1,2,0,1,0,1,0,46.64,0.26,2,4,4,6,0,1
71.73,77.57,7.51,3,1,1,0,3,0,0,2,1,3,68.25,61.44,1,2,5,5,1,1
72.54,73.37,7.57,5,1,1,1,1,1,0,2,0,2,8.12,12.02,4,3,0,8,1,0
52.52,61.4,7.6,0,1,1,1,1,1,1,4,1,3,75.62,30.26,4,1,4,10,0,1
73.62,54.35,5.92,1,2,1,0,3,0,1,2,0,0,25.91,3.35,1,3,5,6,0,0
98.14,78.44,5.9,1,2,0,1,3,1,1,0,1,2,59.9,85.98,5,3,2,10,0,1
87.62,60.6,8.15,2,2,0,0,3,1,1,4,0,0,22.63,15.18,2,3,1,4,1,0
65.87,99.34,6.2,3,0,0,0,4,1,0,4,0,3,10.63,27.61,1,0,0,10,0,1
89.27,82.14,8.31,0,1,0,0,5,1,0,4,1,1,72.02,47.98,1,5,4,4,0,0
80.82,99.83,6.5,2,1,1,1,3,1,0,3,0,1,35.35,29.3,5,0,1,7,0,0
55.25,51.99,6.55,2,1,1,0,4,0,0,3,0,0,95.69,99.35,1,1,2,1,0,0
61.16,54.63,5.19,2,0,0,0,5,0,0,2,1,1,8.16,16.88,3,0,0,5,1,0
89.63,76.66,5.83,1,0,0,0,1,0,1,0,1,1,70.3,56.63,4,0,6,0,0,1
76.53,76.96,9.49,5,2,0,0,1,1,0,2,0,3,80.81,21.76,1,5,4,4,1,1
51.14,78.11,6.47,3,0,0,1,4,0,0,4,1,2,49.81,17.67,5,2,4,0,1,0
85.61,64.09,6.95,5,2,0,1,2,1,0,5,1,1,64.28,88.32,1,0,6,9,1,1
70.67,53.78,6.39,0,2,0,1,1,0,0,1,1,3,70.32,55.75,5,0,5,3,0,1
78.89,52.11,9.68,0,0,1,1,5,0,0,3,1,3,42.08,2.76,5,0,5,6,1,0
66.75,94.42,6.44,3,2,0,0,2,0,1,2,0,3,76.99,37.58,2,1,0,10,1,1
85.03,55.62,5.14,5,1,1,0,1,1,1,1,1,1,1.92,93.79,4,4,0,1,0,1
57.49,81.23,6.77,3,1,1,0,3,0,0,2,1,3,14.74,71.77,2,0,5,0,1,1
72.55,65.07,8.11,2,1,1,0,2,0,1,3,0,3,10.51,16.2,4,4,2,1,0,0
77.07,73.39,7.04,4,0,0,0,2,0,0,1,0,3,52.87,18.33,1,5,5,7,0,1
52.41,52.69,9.55,0,1,0,0,5,0,1,5,1,0,7.44,86.45,2,3,0,0,1,1
99.12,96.07,6.77,4,0,0,1,1,0,0,4,1,1,29.24,52.74,3,3,4,9,1,1
57.55,76.15,9.86,4,2,0,0,2,0,0,0,1,2,69.69,66.17,4,2,0,7,1,0
97.25,58.94,5.74,5,0,1,0,3,0,1,2,1,2,95.2,60.63,3,4,2,8,0,0
62.46,85.21,8.37,1,0,0,1,1,1,1,5,0,3,51.43,71.77,2,5,5,5,0,1
78.83,95.32,6.54,1,2,1,0,3,1,1,2,1,1,57.03,75.67,1,0,2,7,0,1
93.9,96.41,7.16,5,1,1,1,3,0,0,0,1,2,47.78,11.73,5,0,2,10,0,0
91.27,95.25,9.56,0,1,0,0,5,1,1,5,0,3,80.47,33.08,4,2,0,0,0,1
71.46,61.08,7.43,0,0,0,0,3,0,1,1,1,2,68.7,8.72,3,3,0,5,1,0
93.4,53.72,6.55,4,2,0,1,3,1,1,4,0,3,10.14,71.62,3,3,2,7,1,0
82.15,82.95,7.3,2,0,1,0,2,1,1,5,1,1,62.41,59.73,2,1,6,2,1,0
65.19,68.09,6.52,4,1,1,1,1,0,0,4,1,2,29.98,67.76,2,5,6,8,1,0
63.12,77.2,7.56,2,0,0,1,2,0,1,3,1,2,52.56,37.98,2,5,0,2,0,0
96.04,79.62,5.8,6,0,0,1,3,1,0,5,0,1,41.35,88.95,5,2,5,0,1,1
94.26,85.43,9.76,5,2,0,0,2,0,0,2,1,1,9.53,55.14,5,3,6,8,1,1
79.48,78.97,9.71,0,0,0,0,5,1,0,1,1,3,43.1,13.66,3,1,4,0,0,0
63.79,72.08,6.7,3,0,0,0,2,1,1,0,0,3,66.17,27.03,1,0,2,1,1,0
92.27,52.42,6.27,0,0,1,0,5,1,0,5,0,2,33.73,83.39,1,4,5,9,1,1
66.63,87.69,9.84,2,2,1,0,5,1,0,1,0,1,82.12,32.67,4,2,5,6,0,1
54.63,56.58,5.99,4,0,1,1,3,0,1,4,0,2,27.23,77.69,1,5,6,2,1,0
72.83,85.15,6.54,3,0,1,1,1,0,0,5,1,0,96.11,89.49,5,3,2,8,1,1
72.32,83.74,5.51,4,2,1,0,4,0,1,4,1,0,83.84,42.48,5,4,1,2,1,1
89.56,72.08,8.68,2,2,1,0,5,1,0,3,0,3,73.13,57.44,2,3,5,9,0,1
90.27,52.85,7.26,5,1,1,0,1,0,0,2,1,0,9.18,48.07,5,0,3,4,1,1
81.06,86.4,7.92,0,1,0,0,2,0,0,5,0,3,57.39,85.75,3,4,6,9,0,0
95.68,65.46,5.72,5,1,0,1,5,1,1,0,0,2,83.88,8.11,3,0,3,1,1,0
82.14,86.5,9.41,6,2,1,0,1,1,1,1,1,0,33.52,20.87,4,1,3,5,0,0
50.28,71.18,5.65,1,1,0,1,1,1,0,0,1,0,58.11,83.86,5,4,5,7,1,1
72.89,74.85,5.17,3,0,1,0,4,1,0,3,0,2,4.8,23.26,4,1,3,6,1,0
90.05,81.35,7.74,4,0,0,1,3,0,0,0,1,2,60.94,7.51,4,5,1,8,0,0
58.33,51.39,8.42,1,0,0,1,4,0,0,2,1,2,52.7,67.43,1,1,2,5,0,1
68.14,50.1,6.63,3,0,1,1,4,0,0,4,1,1,37.3,47.0,3,4,6,4,0,1
52.72,71.09,6.86,1,1,1,0,2,1,1,3,1,1,89.54,87.67,4,3,0,3,0,0
60.48,55.02,6.76,5,2,1,0,2,1,1,0,1,2,66.24,37.85,4,1,5,2,0,1
80.43,51.78,9.15,4,0,0,1,2,1,1,5,1,1,58.77,15.07,1,0,4,0,0,0
61.67,95.34,9.36,5,0,1,1,1,1,0,5,1,3,53.67,19.02,5,0,6,2,0,0
58.35,58.55,8.8,1,0,0,0,1,1,1,0,0,1,41.85,5.31,2,0,4,10,1,0
86.07,91.73,6.36,0,2,1,1,3,0,0,1,0,1,99.58,93.59,5,3,4,2,1,0
60.44,61.23,5.62,6,2,0,0,2,0,0,0,1,3,16.45,23.9,3,5,6,9,1,1
89.42,72.34,8.18,4,1,1,1,4,1,0,3,0,3,36.22,9.41,1,2,3,2,1,0
52.44,91.33,9.87,3,1,1,0,5,0,1,5,0,0,44.69,24.4,2,2,4,2,0,1
71.55,68.1,8.9,4,0,1,0,5,1,0,3,0,3,36.18,45.24,3,5,3,4,0,0
59.29,75.87,5.04,4,2,0,1,2,0,0,2,0,3,95.42,77.49,4,2,3,4,0,1
79.67,94.7,6.53,2,0,0,0,4,1,1,4,0,3,74.66,40.01,2,1,0,1,1,1
71.2,58.82,6.09,0,0,0,0,4,0,1,5,1,0,82.74,37.93,5,5,0,2,0,1
76.73,76.18,5.33,2,0,0,1,4,1,0,4,0,1,93.12,69.82,3,4,5,9,0,0
91.19,95.35,7.49,3,2,1,0,4,0,1,2,0,1,40.76,40.41,5,1,0,0,0,1
52.04,86.08,5.8,1,2,0,0,4,1,1,4,1,0,77.75,53.9,3,5,6,9,1,1
63.17,71.89,9.74,5,1,1,0,2,0,0,1,1,2,3.23,60.64,2,5,5,3,0,0
90.31,68.88,7.96,4,1,0,1,5,0,0,2,1,0,78.9,75.72,4,1,2,1,0,0
62.74,93.18,7.02,5,2,1,1,2,1,0,4,0,3,14.99,65.28,5,1,2,1,1,0
59.65,91.26,6.34,2,1,1,1,5,1,1,2,1,1,65.34,91.53,4,2,5,8,0,1
60.92,89.94,5.58,2,1,0,0,3,1,0,3,1,2,30.77,62.22,2,5,4,9,0,1
73.7,85.21,6.94,4,0,0,1,1,0,0,0,1,1,62.45,24.05,2,0,4,4,0,1
77.86,97.64,9.62,5,2,0,1,2,1,0,5,0,0,56.28,49.15,5,0,0,5,0,0
77.02,51.12,9.78,6,2,0,0,1,0,1,1,0,0,89.75,96.47,3,5,3,9,1,0
63.63,80.83,8.81,1,2,1,1,4,1,1,3,1,3,75.19,79.15,1,4,5,9,0,0
78.16,82.05,9.16,5,1,1,0,3,0,0,0,1,2,71.13,43.96,1,5,6,0,1,1
81.82,86.99,7.36,5,2,1,1,4,1,1,1,1,1,19.07,66.36,4,5,1,10,0,1
87.97,97.75,5.5,3,2,0,0,3,1,1,3,1,3,37.53,2.99,5,2,4,5,1,0
64.7,84.55,7.65,4,1,1,1,5,0,0,5,0,2,5.31,72.55,5,0,0,2,0,0
94.46,63.34,5.28,1,1,0,1,4,1,1,0,1,1,7.15,94.22,1,5,0,1,0,1
66.06,70.77,6.48,1,2,1,1,4,1,1,2,0,1,90.64,10.97,5,0,2,10,1,1
89.87,71.01,7.75,0,2,1,1,4,1,1,1,1,0,31.93,55.95,4,4,5,2,1,0
58.15,74.64,6.2,4,0,0,0,2,0,1,0,1,3,7.1,67.24,4,1,4,7,1,0
96.98,96.63,8.84,6,0,1,1,3,0,0,5,0,1,34.11,82.87,4,1,4,3,1,1
78.33,95.8,9.88,5,1,1,1,5,0,1,5,1,2,63.08,27.63,5,2,5,0,1,0
84.73,51.58,9.25,4,2,1,1,2,1,1,2,1,3,49.4,5.81,4,3,6,6,0,0
63.64,88.8,6.45,0,1,1,1,1,0,0,5,0,2,31.48,12.97,4,5,0,1,0,1
56.57,74.97,7.29,5,0,0,1,2,1,0,1,1,3,43.64,71.18,3,3,2,1,0,0
68.94,94.06,8.33,2,0,1,0,3,1,0,4,1,2,24.41,12.41,4,0,5,3,1,1
66.21,58.35,7.49,0,0,0,1,1,0,0,0,0,1,71.83,41.49,4,0,5,0,0,0
57.09,50.25,5.22,3,0,0,0,1,1,1,5,1,1,7.14,9.59,2,4,3,0,0,0
74.03,50.37,5.28,3,0,0,1,1,0,1,2,1,3,51.67,49.23,4,4,0,9,0,0
57.42,93.28,9.52,4,1,1,0,5,1,1,4,0,0,15.09,78.31,5,5,6,0,1,0
53.07,69.23,7.05,0,0,0,0,5,0,0,3,1,0,4.19,48.56,1,3,5,6,1,0
91.69,61.28,9.53,5,0,1,0,1,1,1,4,0,0,89.87,28.2,3,4,4,4,0,0
70.03,67.11,5.28,4,1,0,0,3,0,0,5,0,0,87.86,5.35,5,5,3,10,0,0
50.91,69.46,5.46,1,2,1,1,2,1,1,0,1,1,90.19,70.73,2,5,3,0,0,0
93.87,78.09,8.54,3,1,0,0,3,1,1,3,0,3,43.97,58.45,1,0,6,8,1,0
61.48,63.03,9.41,5,1,1,0,3,0,1,0,1,2,55.56,42.57,5,1,4,5,1,0
80.48,85.38,8.51,4,0,1,1,2,1,1,4,1,1,92.26,51.3,4,4,1,1,1,0
76.64,99.65,5.7,5,1,1,1,3,1,1,5,1,3,29.37,1.94,2,1,4,7,1,1
91.69,81.27,8.62,6,2,0,1,3,1,0,2,1,3,20.03,63.12,5,4,3,6,1,1
84.31,83.04,5.7,1,0,0,0,4,0,0,2,0,1,20.47,59.75,3,5,5,10,0,1
96.91,56.6,6.32,1,1,0,1,3,0,1,4,1,0,9.4,62.56,1,3,4,3,0,0
78.19,66.4,6.88,2,0,0,0,1,0,1,1,0,1,49.4,3.84,2,4,5,8,0,1
84.26,81.89,7.86,5,0,1,0,4,1,0,2,1,3,8.0,60.41,1,5,4,2,0,1
90.56,92.19,9.21,3,1,0,0,3,1,1,5,0,1,5.1,75.62,3,3,5,3,0,0
87.44,75.94,9.41,1,1,1,0,2,0,1,4,1,1,51.71,1.52,2,5,5,8,1,0
74.99,81.84,6.46,0,2,1,1,3,0,0,2,1,2,42.87,99.66,4,5,4,8,1,1
50.16,86.14,7.69,0,1,1,1,1,0,1,0,1,1,68.56,59.16,4,5,6,4,0,1
83.85,62.88,9.09,1,1,0,1,5,0,1,2,1,3,90.53,5.03,3,0,2,2,0,1
72.36,58.93,7.17,1,1,0,1,1,0,1,1,1,2,81.48,84.23,4,1,5,8,0,1
82.12,90.46,8.61,4,2,0,0,3,0,0,5,1,3,81.84,0.44,4,1,2,4,0,1
53.51,71.62,9.22,6,1,1,1,4,0,0,4,1,2,44.1,93.32,4,3,5,8,0,1
66.2,60.34,9.87,4,2,0,0,5,1,0,3,0,3,47.13,16.3,1,5,1,3,0,1
98.86,65.9,9.64,6,0,1,0,1,0,0,1,0,1,40.23,72.02,2,2,2,9,1,0
74.47,97.43,5.47,2,1,0,1,2,1,0,1,0,3,74.58,0.41,5,5,4,3,0,0
84.91,93.91,9.05,1,2,0,1,4,0,0,1,1,2,52.62,1.08,2,0,1,10,0,1
94.44,88.89,6.3,6,2,0,0,4,1,1,0,0,1,44.51,62.75,1,0,3,9,0,0
62.18,51.48,7.69,1,1,1,1,4,0,1,4,0,1,91.11,45.32,1,1,2,10,1,1
92.7,79.05,8.58,1,2,0,0,4,0,1,5,0,0,1.26,74.96,3,4,4,7,0,0
82.98,55.52,8.5,3,2,1,1,1,1,0,3,0,3,39.49,79.78,3,0,5,7,0,0
86.28,60.4,8.2,4,1,0,0,4,0,1,0,0,1,17.36,76.52,2,0,2,0,1,0
57.04,57.33,5.71,2,1,1,1,5,1,1,0,1,1,33.76,82.33,3,4,2,10,1,1
61.87,78.5,7.46,4,0,1,0,4,1,1,2,0,3,44.8,52.77,1,1,6,1,0,0
64.25,87.75,6.23,6,1,0,1,3,0,1,4,1,3,87.76,63.2,5,0,0,3,1,1
67.96,50.97,8.42,4,2,1,1,1,1,0,3,1,0,75.07,42.26,4,3,1,8,0,0
56.44,85.93,7.19,4,2,1,0,3,1,1,1,0,0,95.61,98.97,3,3,2,8,0,1
68.18,97.14,7.08,2,1,1,0,4,1,0,2,1,3,34.42,51.27,1,3,1,0,1,0
89.0,65.2,8.94,0,1,0,0,3,0,1,1,0,1,64.31,51.9,4,4,5,9,0,0
94.27,83.82,6.25,0,0,1,1,2,0,0,2,0,1,86.99,35.24,2,2,4,4,1,0
50.77,87.43,9.73,4,0,1,1,5,1,0,3,1,3,5.43,78.12,3,4,5,10,1,0
53.36,60.77,8.7,5,2,1,1,5,0,0,0,1,0,86.22,71.41,2,1,2,8,0,0
91.17,65.11,7.87,1,2,1,0,3,0,0,5,0,2,65.1,80.51,3,5,6,2,1,0
99.82,55.84,8.29,6,2,0,1,2,1,1,5,1,2,12.18,82.63,3,3,4,4,1,1
77.88,82.91,6.49,1,1,0,0,5,0,1,1,1,0,80.28,6.98,4,3,3,8,1,0
66.15,96.31,6.88,6,1,1,0,5,1,1,0,1,3,10.43,52.75,4,5,2,9,0,0
97.51,76.88,7.4,0,0,0,1,4,1,0,4,1,3,14.34,53.9,1,0,0,2,0,0
97.5,100.0,7.97,5,0,1,1,1,1,0,5,1,2,94.54,64.41,5,1,0,2,1,0
97.92,89.81,7.67,6,0,0,1,4,1,0,1,1,0,59.85,61.02,1,1,0,2,0,0
75.69,64.98,6.58,6,2,0,0,3,1,0,1,0,3,34.91,15.02,2,1,6,0,0,1
91.92,56.11,5.98,0,0,1,1,5,1,1,5,0,1,79.4,73.19,2,5,4,7,0,0
58.07,78.3,8.95,4,2,0,0,4,1,0,1,0,0,13.72,23.59,5,2,2,1,1,0
93.74,90.51,7.67,3,2,1,1,2,1,1,3,0,3,36.3,8.52,4,3,5,0,1,0
54.06,62.07,5.99,6,1,0,1,1,0,1,1,1,1,84.85,39.52,2,0,2,4,0,0
94.51,77.92,8.67,4,1,0,1,4,1,0,2,1,0,9.86,48.89,4,3,6,0,0,0
65.43,76.79,5.25,4,0,1,1,3,1,0,3,0,3,8.88,36.01,5,5,0,2,1,0
63.7,94.49,8.14,4,1,1,0,4,1,1,0,0,2,56.92,87.33,1,3,6,5,0,0
73.82,77.33,7.8,1,0,1,1,2,1,0,1,1,2,57.0,18.15,1,4,4,8,0,0
96.07,76.95,7.32,4,2,1,0,1,1,1,0,0,2,17.92,60.89,4,4,5,3,1,0
74.5,58.05,7.16,2,0,0,1,1,1,0,1,0,0,35.72,40.22,5,0,4,0,1,0
76.51,56.62,5.22,0,2,1,1,3,0,1,1,0,0,49.99,1.6,1,5,0,6,0,1
92.42,67.19,7.36,6,0,0,1,3,0,1,0,0,2,68.69,97.13,1,1,3,8,1,0
79.98,69.22,8.93,1,2,1,0,4,1,1,1,0,1,42.14,0.88,5,0,2,10,1,0
94.2,57.93,9.9,0,0,1,1,4,0,0,0,0,1,88.07,61.5,3,0,3,10,0,0
63.74,56.19,6.71,3,0,0,1,2,0,0,1,0,3,28.56,18.06,4,5,6,7,1,0
61.55,91.28,5.19,2,2,1,1,4,0,0,1,1,1,46.69,41.53,5,0,0,3,0,0
71.32,69.68,7.78,4,1,1,1,2,1,0,1,1,2,54.29,89.15,3,4,5,8,1,1
65.1,64.61,6.3,4,0,1,1,4,0,1,2,0,1,87.03,7.95,5,4,6,6,0,0
64.54,76.35,9.77,6,2,0,0,1,1,0,4,1,0,92.06,89.54,5,1,3,2,1,0
73.34,69.62,9.23,4,2,1,0,1,0,0,2,1,0,22.1,91.78,3,3,4,7,0,1
90.03,96.8,8.58,2,0,1,1,4,1,1,5,0,3,13.91,87.11,3,3,6,10,0,1
72.44,73.66,8.68,6,1,1,1,2,0,1,4,0,1,24.56,26.45,1,1,2,1,1,0
75.91,52.53,7.56,3,0,1,0,4,1,0,4,1,3,19.45,14.3,4,5,6,5,0,0
94.18,81.71,9.7,4,1,0,0,2,1,0,4,1,3,99.83,68.46,2,5,2,3,0,0
77.52,67.59,7.04,1,0,1,1,3,0,1,2,1,3,96.93,78.32,1,3,1,2,0,0
78.34,92.59,9.08,3,0,0,0,3,1,0,1,1,2,33.69,79.43,1,5,4,1,0,1
54.41,69.14,7.16,6,0,0,1,5,1,1,5,0,1,89.21,77.4,2,4,1,0,1,1
69.61,66.36,5.46,4,0,1,1,5,1,0,4,0,1,36.48,36.9,5,3,5,4,0,1
50.98,83.87,9.67,1,0,0,1,2,1,1,4,1,3,12.8,67.58,2,4,3,3,1,0
89.75,54.89,6.03,4,1,0,1,1,1,0,5,1,2,5.36,65.88,5,1,3,4,0,0
65.02,77.24,9.27,4,0,0,0,5,0,0,5,0,0,65.43,6.49,4,1,1,10,0,1
70.39,67.69,8.18,5,0,0,1,2,1,1,3,1,3,66.61,66.61,3,1,0,6,0,1
68.91,71.12,5.79,5,1,0,1,5,1,1,4,0,3,1.99,49.9,4,1,1,3,0,0
50.79,84.0,9.55,2,1,0,0,2,1,0,0,1,3,48.38,10.84,4,5,4,2,0,1
80.81,95.83,9.13,3,0,0,1,1,1,0,1,1,2,50.88,92.51,4,0,5,8,1,0
85.21,58.44,8.85,6,2,1,1,3,1,0,5,1,0,92.45,20.9,2,3,4,9,0,1
64.77,63.95,7.59,3,1,1,1,2,0,1,0,1,2,11.68,32.74,1,5,4,1,1,1
70.28,56.37,6.42,0,0,1,0,2,1,0,0,0,2,60.71,17.07,2,3,3,10,1,1
56.52,77.84,9.8,2,1,0,1,3,0,1,0,0,1,93.12,97.26,2,1,6,2,1,0
96.0,75.82,5.29,6,0,0,1,2,1,1,0,1,2,7.98,42.96,2,0,4,8,0,0
91.39,60.45,9.61,1,2,0,0,5,0,0,1,1,2,44.46,93.65,1,1,4,6,1,0
92.51,55.97,6.08,6,0,0,1,3,0,0,0,0,0,21.8,82.62,1,3,1,7,1,0
59.23,60.71,6.22,1,1,0,1,3,1,1,0,1,1,73.82,87.52,3,0,0,6,1,1
55.42,56.7,9.11,0,2,0,0,5,0,0,4,1,1,49.31,79.97,5,1,0,10,1,1
83.98,72.68,8.21,0,0,1,0,4,1,0,3,1,0,99.51,23.08,3,5,4,2,1,1
64.82,86.61,5.93,2,0,1,0,2,1,1,1,1,3,80.85,87.41,3,5,6,10,0,1
94.61,79.91,9.15,6,1,0,0,1,0,1,0,1,3,0.89,59.47,2,5,4,5,0,0
78.61,82.66,6.6,5,1,1,0,2,1,1,4,1,1,88.09,72.0,3,4,4,4,0,1
72.63,90.76,5.17,3,0,1,1,2,1,0,1,1,2,56.05,31.38,3,4,3,8,0,1
82.61,76.65,9.0,2,0,1,1,5,0,1,4,0,3,83.39,67.28,1,1,2,6,0,1
50.58,90.37,7.28,0,0,0,1,1,1,0,3,0,1,77.9,49.81,4,4,3,2,1,0
64.24,85.76,7.5,1,2,1,0,4,0,1,5,1,1,35.35,26.09,1,4,1,7,0,0
99.98,85.74,9.89,6,1,0,1,4,0,0,1,1,1,53.6,59.4,1,3,4,0,1,1
93.74,76.27,9.92,6,0,0,0,5,1,1,0,0,2,85.56,4.12,1,2,2,9,0,0
93.48,96.47,9.92,4,2,1,0,3,0,1,5,0,1,67.38,12.38,4,4,0,10,1,0
90.83,91.83,6.2,2,0,1,1,1,0,1,3,0,1,28.63,29.07,1,0,6,0,0,0
87.99,59.75,9.24,2,2,1,0,1,0,0,0,1,3,98.53,34.25,4,2,3,1,0,1
92.26,52.3,6.01,3,2,1,1,3,1,1,0,1,1,45.63,62.02,1,4,3,8,0,1
99.96,76.47,5.41,1,1,1,1,3,0,1,0,1,2,16.3,28.63,5,0,4,7,1,0
91.52,63.68,8.13,6,0,0,1,4,1,1,3,1,1,28.4,58.37,5,3,0,9,1,0
52.45,68.23,9.09,6,0,1,1,5,0,0,1,1,0,84.89,31.15,2,5,5,2,1,0
83.2,56.46,8.95,0,1,1,1,4,1,1,2,0,3,95.1,57.7,5,4,2,6,0,1
86.71,57.55,8.12,6,2,1,1,3,0,0,1,0,1,74.84,99.96,1,0,1,3,1,0
67.27,93.15,6.2,4,1,1,1,1,1,1,3,1,2,54.51,86.56,1,1,4,10,1,1
97.4,90.24,7.42,5,2,0,1,4,1,1,4,0,3,32.74,64.7,4,3,6,10,0,1
86.32,91.93,7.97,4,0,0,1,3,1,0,2,1,3,73.38,5.57,1,0,5,4,0,0
71.96,82.3,9.04,1,0,0,0,5,1,1,5,0,3,60.53,14.23,5,0,6,7,0,0
88.15,51.91,6.5,0,0,0,1,4,1,0,5,1,0,37.08,33.29,4,4,1,6,0,0
94.66,53.22,8.24,2,1,0,1,5,1,0,2,1,1,75.34,81.7,5,1,5,5,1,1
86.26,84.05,5.44,6,1,0,0,5,1,0,2,1,2,77.38,7.18,2,4,3,8,0,1
69.45,54.39,5.64,5,0,1,1,4,0,1,0,0,3,65.18,56.21,2,5,0,4,0,1
67.56,53.78,6.96,2,0,0,1,4,0,1,5,0,0,71.22,20.11,3,1,0,1,1,1
94.17,98.21,5.45,6,2,1,1,4,0,0,4,0,3,65.8,41.88,3,5,6,4,1,1
87.82,99.77,8.07,6,1,1,0,1,0,0,4,0,0,9.08,63.25,3,4,2,0,1,0
80.81,61.2,6.71,4,2,1,0,3,1,1,3,0,3,61.84,44.43,4,4,2,1,0,1
98.82,71.9,6.82,4,0,1,1,4,0,0,5,1,1,45.32,99.36,1,4,1,4,1,1
79.15,85.73,8.5,4,2,0,1,3,0,0,1,1,2,29.61,59.38,4,0,6,8,0,1
86.73,79.47,6.98,6,2,0,1,5,1,0,2,0,0,56.37,23.36,3,3,0,5,1,0
58.69,86.56,8.48,3,1,0,1,2,1,1,5,1,1,1.26,7.53,3,1,3,3,0,0
79.94,68.76,5.13,5,0,0,1,3,0,1,2,0,2,4.23,33.81,2,2,3,9,1,0
72.7,87.55,7.96,4,2,1,0,3,0,1,1,1,3,99.99,46.59,4,3,2,5,0,0
78.37,50.87,6.29,1,0,1,0,1,1,0,2,0,2,13.5,36.62,1,4,0,8,0,0
83.59,63.53,6.1,1,1,0,1,5,1,0,1,0,3,68.0,31.75,1,0,6,8,1,1
86.39,98.71,8.15,1,1,1,1,1,1,0,1,0,1,15.9,1.49,5,5,5,6,0,1
87.73,84.29,7.4,4,2,0,0,4,1,0,3,1,2,37.51,7.07,4,3,2,1,0,1
94.76,99.56,5.46,1,2,0,0,4,0,0,3,0,1,70.1,30.43,3,0,1,3,0,0
55.39,53.87,8.11,1,2,1,0,5,1,0,0,0,0,7.69,39.9,4,3,4,10,1,1
81.93,57.45,7.06,2,2,0,1,5,1,0,1,1,0,73.96,63.97,2,5,1,5,0,1
61.31,98.19,8.76,5,0,0,1,4,1,1,2,1,3,64.84,87.16,5,3,1,2,0,1
89.16,66.08,6.11,0,2,1,0,5,0,1,1,1,1,68.61,41.06,2,1,0,5,0,1
86.67,99.37,6.61,0,2,1,1,4,1,0,5,0,0,72.56,76.58,1,5,3,2,0,0
57.91,65.91,7.69,6,2,0,0,2,1,0,1,1,3,40.48,34.47,3,1,5,8,1,1
52.18,57.52,9.0,4,0,0,1,5,0,1,1,0,0,69.01,43.75,1,0,5,4,1,0
90.09,53.02,7.25,1,2,0,1,4,1,1,0,1,3,93.65,48.28,5,1,6,1,1,0
73.36,85.52,7.46,5,0,1,1,2,0,1,5,1,0,34.57,64.86,3,0,6,8,0,1
52.14,87.28,6.12,4,1,1,1,2,1,1,3,0,1,89.25,45.96,1,1,5,3,1,1
59.66,69.69,9.96,1,1,1,0,5,1,0,2,1,3,32.72,68.78,4,4,1,5,0,1
82.7,85.76,7.61,1,2,0,0,5,1,0,3,1,1,67.85,49.41,3,1,2,8,0,0
99.91,61.79,7.8,0,1,1,0,1,1,0,5,0,0,74.51,52.93,4,1,2,0,0,0
68.19,66.85,9.16,0,1,1,0,5,0,1,0,1,2,54.53,38.03,2,1,2,3,1,0
72.07,63.1,6.12,1,2,0,1,5,1,0,5,1,2,8.72,10.53,1,0,6,10,1,0
93.55,76.77,5.07,4,1,1,1,5,0,0,2,0,1,49.45,12.49,2,0,1,6,0,1
55.75,54.63,9.33,6,2,1,1,5,0,0,3,1,2,91.35,84.82,4,3,0,5,1,0
59.21,86.51,9.42,4,1,1,1,2,0,1,4,1,1,27.71,98.55,1,2,6,9,0,1
60.58,89.73,8.7,5,2,0,0,2,0,0,2,0,2,53.03,57.99,5,2,6,2,0,1
86.09,70.65,5.24,0,1,0,0,3,0,1,1,0,3,30.5,29.29,1,3,4,10,0,0
55.96,51.88,6.35,6,0,1,0,1,0,1,4,0,1,14.76,25.87,3,4,1,9,0,1
83.65,64.76,9.97,4,2,0,1,1,0,1,3,1,2,19.22,27.56,3,1,0,0,1,0
83.77,88.37,5.02,3,2,0,1,4,0,0,5,1,3,75.71,41.89,4,4,6,2,1,0
52.45,63.64,6.51,4,0,0,0,4,1,0,1,1,3,32.92,7.49,4,4,6,10,0,1
65.15,78.44,9.52,3,2,1,0,4,1,0,4,1,3,5.84,86.15,3,5,0,5,1,0
61.79,69.69,5.31,0,2,0,1,3,0,0,1,1,2,14.01,70.96,3,1,1,4,0,0
72.72,75.81,6.91,6,0,1,1,4,1,1,1,1,1,65.22,94.22,4,3,1,1,0,1
85.66,51.59,6.14,0,0,1,0,2,0,0,4,1,2,71.43,58.25,2,3,2,10,0,0
50.46,58.27,6.63,4,1,0,0,3,1,0,4,0,2,63.22,86.63,1,2,4,6,0,1
59.1,83.25,8.28,5,0,0,0,5,1,1,0,0,2,84.7,1.75,3,3,4,5,1,1
91.57,89.05,5.68,2,0,1,0,3,1,0,5,0,1,9.46,60.25,5,1,2,3,1,0
76.62,79.72,9.3,3,0,1,0,2,0,0,1,0,2,28.06,17.17,1,4,5,2,0,0
50.17,67.62,6.93,5,2,0,1,2,1,0,2,0,3,94.48,84.03,3,3,2,5,0,1
77.01,93.74,6.43,2,0,1,0,4,0,0,2,0,0,33.83,89.23,4,3,1,10,1,1
51.39,92.61,8.7,4,1,1,1,1,0,1,2,0,3,58.08,3.7,2,4,5,9,0,1
89.32,68.14,5.56,1,2,0,1,2,0,1,5,0,2,9.63,54.56,5,0,4,10,1,1
56.12,72.8,8.95,1,2,1,1,2,1,1,2,1,0,33.98,79.52,5,3,5,3,0,0
62.03,64.14,6.47,0,1,0,1,3,0,0,5,0,0,91.79,28.23,1,1,2,3,0,1
85.33,80.32,7.52,2,0,0,0,3,0,1,4,1,3,19.81,57.54,2,4,4,2,0,0
51.54,57.25,8.35,4,1,1,1,2,0,1,1,0,1,28.92,5.86,5,5,4,8,1,1
96.64,78.63,6.92,3,2,1,1,2,0,0,5,1,2,24.13,99.89,4,1,0,10,0,1
91.66,83.83,9.16,0,0,0,0,1,0,0,0,1,2,90.5,70.5,4,5,2,8,1,0
54.09,57.22,5.98,3,2,1,0,1,1,1,5,0,3,87.78,26.67,1,4,2,7,1,1
62.93,52.68,5.54,3,1,0,1,4,0,0,2,0,3,28.8,6.98,1,4,6,5,0,1
68.99,98.45,7.61,2,0,0,1,5,1,0,4,1,2,51.37,20.87,5,4,3,2,0,1
79.62,53.77,6.52,0,1,1,0,1,1,0,4,0,3,70.75,53.39,1,1,5,4,1,1
57.62,74.94,9.12,2,0,1,1,5,1,0,5,1,1,35.51,35.06,5,1,5,7,0,1
65.78,95.55,8.98,5,1,1,1,1,1,0,5,1,2,50.19,53.66,2,5,4,5,0,0
92.91,79.53,8.09,6,1,0,0,4,1,0,1,1,3,17.33,36.8,1,2,2,8,0,1
55.87,53.54,7.97,5,0,0,0,2,1,0,2,0,1,79.52,17.86,3,4,5,3,1,0
70.44,87.14,7.79,1,2,1,0,2,0,1,1,1,3,55.54,37.58,2,1,3,0,0,1
98.73,82.37,5.49,6,0,0,1,5,0,0,2,0,1,93.28,74.34,4,1,3,3,0,1
57.33,80.53,7.59,0,2,0,1,4,0,1,3,1,2,42.16,26.57,5,3,2,8,1,1
91.03,67.18,7.71,6,1,1,0,2,1,1,1,1,3,51.19,86.06,2,3,3,7,1,1
53.26,98.83,9.48,2,2,0,0,5,0,0,0,0,0,33.57,44.27,4,3,5,5,1,1
82.34,94.62,7.03,2,2,0,0,5,0,1,0,1,3,36.7,58.4,2,5,0,1,0,1
53.92,77.22,5.05,0,1,0,0,1,1,1,4,1,1,84.06,82.23,4,2,6,2,1,1
59.17,53.42,9.38,1,2,1,1,2,1,0,4,0,0,83.73,92.03,4,5,4,8,0,0
74.35,88.68,8.1,0,1,0,1,5,0,0,3,1,1,17.63,32.95,1,4,6,6,1,0
64.54,64.02,6.13,6,0,1,0,2,0,1,3,0,2,37.43,93.72,1,0,2,1,1,0
83.66,69.46,9.58,6,1,1,0,1,1,1,1,1,0,53.58,4.79,2,5,3,2,0,1
98.06,63.12,8.76,2,0,0,0,2,0,1,4,0,0,99.36,84.97,5,2,5,9,1,0
54.29,84.67,8.69,3,2,0,1,4,1,0,0,1,0,70.78,16.26,2,1,0,10,0,1
75.35,51.17,5.99,5,2,0,0,5,0,1,0,0,2,26.45,77.37,1,4,6,4,0,0
53.94,78.47,8.8,5,1,1,1,5,0,1,4,0,0,0.02,45.35,3,3,4,3,0,0
58.83,68.47,8.35,2,2,1,1,3,1,0,1,1,3,56.53,12.46,3,1,2,4,0,0
84.06,53.54,9.39,6,0,1,1,1,1,1,5,0,1,38.41,3.07,4,2,1,5,1,1
88.99,97.76,8.34,0,2,0,0,5,0,1,1,1,1,13.61,26.96,2,0,4,7,0,1
55.89,90.33,7.48,5,1,0,1,1,1,0,1,1,1,79.36,95.58,5,5,6,4,0,0
54.86,54.74,9.69,4,1,0,1,1,1,1,3,0,1,33.07,17.01,5,0,5,0,0,1
94.55,94.29,8.04,3,1,1,0,4,1,1,0,1,1,72.83,91.06,4,2,1,6,1,1
84.92,70.66,9.2,2,1,1,1,1,0,0,0,0,3,47.27,49.06,1,1,1,1,1,1
63.47,94.98,8.66,6,1,1,1,2,0,1,4,1,3,15.55,8.78,2,3,2,5,0,0
57.06,73.06,8.04,1,2,0,1,2,1,1,1,1,0,71.93,35.78,5,5,0,9,0,1
74.04,74.55,7.25,1,1,1,0,3,1,1,5,1,3,6.55,39.2,2,2,5,3,0,1
64.65,50.66,6.45,1,0,1,1,1,1,0,4,0,3,60.17,21.85,2,0,2,5,0,0
77.19,64.87,8.36,0,0,0,0,1,0,0,0,0,3,44.65,38.0,3,1,0,10,1,0
58.07,94.34,9.2,6,1,0,1,4,1,1,1,0,1,46.43,55.39,5,0,5,0,0,0
62.35,87.84,9.88,2,2,1,1,5,1,0,1,1,1,27.9,10.8,4,3,5,8,0,0
62.43,89.12,8.64,2,1,1,1,2,1,0,4,1,3,10.5,48.36,1,3,0,2,0,1
66.17,87.78,9.2,4,0,1,1,3,0,1,0,0,0,30.91,19.25,4,5,2,8,0,0
93.85,56.59,6.0,3,1,0,1,2,0,1,4,0,1,21.69,29.97,2,2,3,9,0,1
71.44,63.58,5.04,2,2,0,0,5,1,1,4,1,2,34.38,92.86,2,5,6,10,0,1
93.43,62.98,6.3,3,0,1,0,1,1,0,0,0,3,42.41,10.67,4,1,1,6,0,1
76.44,51.03,7.99,2,0,1,0,4,0,0,3,0,1,7.65,65.43,1,1,0,9,1,1
70.66,99.21,5.64,5,1,1,0,2,0,1,3,0,2,48.94,33.84,4,5,5,6,0,1
77.69,63.25,6.18,1,0,0,0,1,0,0,3,1,0,41.02,11.94,4,3,3,2,0,1
66.33,59.33,5.91,6,2,0,0,1,0,0,3,1,3,24.53,28.03,3,3,3,1,0,1
60.81,65.87,9.73,0,0,0,0,1,1,0,5,1,3,24.86,4.99,4,4,1,1,1,1
53.55,59.76,6.57,0,1,0,1,4,1,1,1,1,3,7.54,3.0,3,0,3,10,1,1
88.38,94.05,6.16,0,2,0,0,4,0,1,5,0,1,85.4,91.51,4,1,0,10,1,0
88.61,55.76,9.62,2,0,0,1,5,0,1,5,0,2,58.97,35.21,4,0,1,2,0,0
78.43,72.05,9.27,6,1,0,1,2,0,1,4,0,0,72.77,12.68,5,0,5,5,0,0
58.22,67.11,7.15,1,1,0,1,1,0,1,1,0,2,1.45,22.41,4,1,6,4,1,0
85.84,59.05,5.1,0,1,0,1,4,1,0,1,0,3,19.16,38.34,4,2,4,10,0,1
84.84,94.23,6.02,6,1,1,0,5,0,0,2,0,1,68.18,17.87,5,3,5,3,1,1
59.32,55.72,9.03,3,1,0,0,5,1,1,2,0,1,1.98,29.46,1,0,6,5,0,1
86.48,86.83,6.11,1,0,0,0,5,0,1,2,1,3,10.4,39.52,2,0,6,4,1,1
66.78,85.91,8.7,5,0,0,1,4,0,1,1,1,0,0.64,10.99,5,3,1,4,0,1
71.41,87.31,8.91,4,0,0,0,2,0,0,4,0,0,84.23,4.08,3,2,0,1,1,1
77.3,64.58,7.77,4,2,1,0,1,0,0,5,1,0,86.19,74.52,1,1,6,1,1,0
88.37,73.57,8.04,6,1,0,1,3,1,1,2,0,3,66.23,7.68,3,5,3,9,1,1
60.0,65.82,8.57,1,0,1,1,4,1,0,2,0,2,74.47,0.46,5,5,1,2,1,1
83.61,51.6,5.16,5,0,0,1,3,0,0,5,1,1,17.5,54.75,1,4,2,9,0,1
95.62,82.71,6.01,5,1,1,0,5,0,1,3,0,2,77.21,53.58,2,4,4,7,1,0
54.91,98.21,8.93,3,0,0,0,2,0,0,2,0,0,56.75,79.66,2,4,1,4,0,0
71.0,92.04,9.03,6,2,1,0,5,0,1,4,1,1,58.68,8.13,1,1,4,0,0,0
66.53,70.57,8.48,1,1,1,1,5,1,0,1,1,1,58.19,31.75,1,2,6,7,1,1
52.47,52.35,6.34,1,2,1,1,5,1,0,5,0,0,57.17,69.5,3,5,3,6,1,0
91.92,53.68,5.15,6,1,1,1,5,1,0,0,0,2,67.7,54.95,3,2,0,6,1,0
95.1,52.18,9.47,0,2,0,1,3,0,0,4,0,1,46.19,14.6,4,2,2,6,0,1
89.97,90.3,9.0,0,2,1,1,5,0,0,4,0,0,0.42,33.56,2,4,3,9,0,0
64.15,79.79,8.95,5,2,1,1,1,0,0,1,0,1,95.13,53.46,5,1,2,4,1,0
61.97,50.83,7.25,0,0,0,1,5,1,0,5,1,1,56.25,95.42,3,5,5,8,1,0
71.84,78.89,5.41,2,0,0,1,2,1,0,3,0,3,0.25,28.47,4,5,3,1,1,0
53.05,93.95,9.69,6,2,1,1,2,1,1,4,1,2,55.14,92.54,1,5,0,3,1,1
86.91,70.79,7.89,1,1,1,0,2,0,1,1,1,2,11.37,54.42,2,4,4,7,1,0
84.66,89.19,7.27,0,0,1,0,3,1,0,0,0,0,58.24,43.87,3,0,4,10,0,1
81.88,57.5,5.99,3,1,1,0,1,1,1,2,1,2,4.42,63.31,1,4,2,8,1,1
54.67,70.16,8.44,1,1,0,0,1,0,1,5,0,3,96.58,54.12,3,4,5,2,0,0
87.87,91.13,6.92,2,2,0,1,1,1,1,4,1,0,64.85,17.36,3,0,5,3,0,0
75.55,76.14,9.36,5,2,1,0,3,0,1,2,0,2,45.51,39.92,3,4,3,3,0,0
73.27,88.22,7.13,3,2,0,0,1,0,1,3,1,1,18.28,4.23,2,4,1,7,0,1
83.25,70.13,9.1,0,1,0,1,4,0,1,4,1,1,7.12,6.84,1,3,0,2,0,0
97.69,83.34,8.45,6,1,0,0,4,0,1,1,0,0,11.54,25.17,3,1,4,8,1,1
65.97,88.51,5.49,0,1,0,0,2,1,0,3,0,3,37.85,72.08,3,2,4,8,1,1
96.23,94.03,7.43,1,2,0,1,2,0,1,5,0,2,37.72,6.95,4,1,2,6,1,1
68.52,60.2,8.42,3,1,0,1,2,1,0,2,1,2,70.13,54.87,2,0,3,3,1,0
78.04,84.4,6.58,4,0,1,0,5,0,1,0,0,2,91.55,38.92,5,1,6,5,1,1
67.15,67.53,9.46,4,1,0,0,1,0,0,5,0,0,91.13,95.35,4,3,5,1,0,1
71.35,97.87,6.51,1,0,0,0,5,0,0,2,0,2,96.56,92.26,1,3,1,2,0,0
98.67,67.97,5.8,6,1,1,1,5,1,1,1,1,0,55.83,54.07,5,4,5,7,0,1
88.69,58.04,5.61,1,2,0,0,4,1,1,1,1,2,96.88,1.58,5,2,0,7,0,0
93.19,68.82,7.66,0,2,1,0,4,1,0,3,1,1,8.09,92.63,1,4,0,1,0,0
85.85,89.44,5.01,0,1,0,0,5,0,0,5,1,1,38.36,1.04,2,3,2,5,1,1
97.37,78.92,7.09,3,2,1,1,2,1,0,2,1,3,17.34,36.7,2,5,4,2,0,1
91.69,67.64,6.39,6,2,1,0,5,0,1,4,1,0,27.6,9.05,5,4,3,8,1,0
93.0,72.97,5.24,4,0,0,1,3,1,0,3,0,2,86.94,33.03,1,4,6,4,1,0
95.65,68.38,9.22,5,1,1,1,5,1,0,3,1,2,70.49,74.4,3,3,4,2,0,1
52.95,93.71,5.48,2,2,1,1,3,0,0,0,1,0,50.67,4.69,5,2,5,1,1,1
94.57,80.91,8.89,1,2,0,1,4,0,1,1,0,2,29.11,33.36,3,5,0,9,0,1
62.49,74.11,8.45,5,0,1,0,4,0,1,0,1,2,67.29,40.94,4,0,1,7,1,0
98.44,95.89,8.16,6,2,0,0,5,0,1,2,0,2,93.95,90.86,1,3,0,0,1,0
59.87,56.52,7.49,1,0,0,0,2,0,0,3,0,1,13.77,27.59,1,5,1,9,0,0
66.73,89.37,7.47,5,0,1,0,1,0,0,2,0,2,48.98,46.0,1,2,3,9,0,0
91.58,89.83,7.39,5,0,1,0,3,1,1,4,1,1,8.17,86.71,2,4,2,7,0,1
50.86,96.26,6.82,3,2,0,1,4,1,0,1,1,2,81.31,91.32,3,1,4,10,1,1
90.09,82.77,7.43,0,1,0,1,2,0,0,5,0,0,94.92,81.17,2,4,6,3,0,0
89.85,89.25,7.74,3,0,1,1,2,1,0,4,0,1,49.88,44.92,2,1,5,1,0,1
57.02,92.02,8.98,0,1,1,1,5,1,1,2,1,2,23.45,49.79,2,4,4,4,1,0
58.53,98.73,9.5,4,0,1,0,2,1,1,3,1,3,31.68,51.67,5,3,5,4,0,0
72.87,82.7,6.71,5,2,1,1,2,0,1,0,1,0,16.31,10.61,2,0,2,5,0,1
71.33,82.31,5.56,4,2,0,1,4,0,0,2,0,1,32.6,85.14,5,5,0,8,1,1
81.58,87.24,6.41,4,1,0,1,5,0,0,3,1,1,30.56,99.49,4,5,5,8,1,0
70.87,66.95,8.44,3,2,0,1,3,0,1,4,0,1,72.1,60.21,1,5,5,5,0,1
57.07,52.81,9.26,0,2,0,0,2,1,1,2,0,2,60.88,1.83,2,3,0,4,1,0
72.22,59.35,6.37,2,0,0,1,3,0,1,3,0,3,96.63,24.64,3,0,2,2,0,0
87.73,68.26,8.68,4,0,1,0,1,0,1,3,1,1,81.59,41.62,2,1,0,0,0,0
76.7,94.16,5.73,2,1,1,0,2,1,0,0,0,1,54.27,89.36,3,1,5,5,1,1
92.16,69.9,7.58,2,2,1,1,4,0,0,3,1,1,15.16,15.79,2,0,1,6,0,0
95.0,70.98,7.59,1,0,0,1,1,1,1,5,0,2,91.79,54.21,1,4,4,1,1,1
99.54,89.6,7.06,1,2,0,0,4,0,1,1,0,1,89.88,10.15,2,0,5,2,0,1
94.9,52.4,6.42,2,0,1,1,2,1,1,3,1,2,18.85,31.08,5,4,4,3,0,1
62.23,87.31,5.36,1,1,0,1,1,0,1,0,0,0,2.51,64.57,4,4,4,2,1,1
73.85,97.34,8.52,6,1,1,0,3,0,0,5,1,3,39.19,38.46,3,1,5,5,1,0
77.07,80.04,9.41,4,0,1,1,5,1,0,1,1,2,10.12,51.63,4,2,0,9,0,0
77.01,88.25,8.33,0,1,1,0,1,1,1,0,1,3,80.03,64.93,2,0,2,2,1,0
65.23,62.3,8.12,5,1,0,0,1,1,0,1,0,3,39.01,55.15,4,4,2,1,1,0
84.24,92.03,7.19,3,0,0,1,5,1,0,4,0,1,71.41,46.69,1,1,6,8,0,1
85.34,98.88,5.37,1,0,1,0,3,1,0,0,1,0,22.97,11.21,4,0,5,4,0,1
77.6,74.25,6.63,1,2,0,1,3,1,1,2,1,2,41.68,34.84,4,0,2,6,0,0
80.24,67.67,9.61,6,0,0,1,1,0,1,5,1,1,49.08,27.36,4,1,1,7,0,1
51.95,85.79,7.71,3,1,0,1,4,1,1,2,1,1,64.05,26.5,1,0,4,1,1,1
80.06,80.81,5.73,6,2,1,0,4,1,0,3,0,2,77.6,34.49,3,1,3,2,1,1
67.41,55.03,5.65,1,2,1,0,3,0,1,1,1,1,96.19,36.01,4,4,0,4,0,1
71.99,86.4,9.91,0,0,1,1,3,0,0,4,0,3,41.79,70.43,1,3,6,1,0,1
86.07,73.99,9.94,6,2,0,0,2,0,1,1,1,2,31.14,50.77,2,4,3,5,0,1
79.03,60.78,9.11,6,2,1,0,4,1,1,1,0,1,68.41,85.85,1,4,0,8,0,0
61.45,70.91,6.43,4,0,0,1,4,1,0,3,1,1,28.16,83.51,4,5,1,8,1,0
93.87,75.3,8.65,6,1,0,0,1,1,1,2,0,1,98.28,95.64,5,1,6,9,0,0
99.59,67.56,6.72,1,0,1,1,4,0,1,4,1,0,63.94,38.42,3,3,3,0,1,1
91.19,79.73,9.28,4,1,1,1,3,0,0,5,1,3,64.4,67.98,4,5,3,6,1,1
71.34,90.76,5.34,1,2,1,1,2,0,1,1,1,1,62.61,92.35,1,2,1,9,0,0
85.97,51.97,9.79,1,1,0,0,2,0,0,0,1,2,0.73,27.33,2,0,4,5,0,0
50.55,87.59,6.94,2,1,0,0,3,1,1,5,1,0,72.56,16.18,3,1,3,6,1,0
89.88,55.89,9.6,0,1,1,1,5,1,0,1,1,3,1.68,81.14,3,3,2,3,0,1
81.89,93.22,6.28,2,1,0,0,4,0,1,4,1,3,26.77,92.25,5,5,5,2,0,0
95.83,59.47,6.73,5,2,0,0,4,0,0,3,0,0,37.19,88.24,5,5,0,3,0,1
63.64,72.37,9.01,2,2,1,0,3,1,0,1,1,0,24.54,69.01,4,4,6,4,1,0
80.59,65.94,5.87,4,1,0,1,3,0,0,2,1,1,54.88,23.96,1,3,3,5,1,1
80.41,78.34,5.25,2,0,0,0,1,0,1,0,1,3,64.69,78.42,4,1,3,8,1,1
78.34,61.74,7.97,0,2,1,1,4,1,1,3,1,3,16.74,0.5,5,3,4,0,0,0
50.28,98.89,6.65,4,1,1,0,4,1,1,3,1,1,35.08,12.49,2,1,5,1,0,0
76.07,76.71,5.09,5,2,0,0,5,1,0,5,1,2,62.27,9.26,5,0,2,6,1,1
52.26,56.88,7.28,4,2,1,1,4,1,1,5,0,2,0.24,2.69,2,1,2,7,0,0
91.65,95.98,9.96,2,1,0,0,5,1,0,2,1,1,79.63,41.66,3,4,5,10,0,0
71.32,67.52,7.25,6,2,1,0,1,0,0,0,1,0,68.02,63.22,4,2,4,3,0,1
99.59,96.96,6.06,2,1,1,0,5,1,1,1,0,2,21.35,52.04,4,3,0,10,0,0
99.98,96.84,7.49,2,0,0,0,2,1,0,3,0,2,62.58,20.99,4,3,3,3,1,0
88.38,61.17,9.47,2,1,0,0,3,0,0,0,0,2,31.95,28.36,2,3,2,4,1,0
99.48,77.65,6.39,0,0,0,1,2,0,1,1,0,2,31.57,35.39,3,0,4,6,1,1
58.14,78.56,9.89,0,0,1,0,4,1,0,0,0,3,68.36,19.19,5,5,6,10,1,0
86.26,60.02,6.73,6,2,0,0,1,0,0,2,0,1,36.46,81.23,4,3,3,3,1,1
77.29,74.14,8.97,1,1,0,1,2,0,0,2,1,0,0.08,11.67,2,5,6,9,0,1
90.08,93.27,8.25,4,2,0,0,2,1,1,4,0,0,66.45,87.7,4,4,0,1,0,0
69.53,53.78,9.88,0,0,0,1,2,1,1,1,1,3,97.33,37.56,3,0,5,4,0,1
88.32,83.58,8.03,2,0,0,0,4,0,1,1,1,2,96.38,84.79,1,4,0,9,1,0
92.36,74.64,5.28,2,0,0,1,1,1,0,5,0,3,17.9,76.95,1,5,1,10,1,1
89.5,83.37,7.89,3,2,0,0,3,1,0,4,1,3,81.51,78.8,4,4,1,8,1,1
86.96,91.8,8.49,0,2,1,1,4,1,0,5,0,2,69.68,22.82,4,5,1,3,1,0
76.46,86.27,8.12,4,1,1,1,1,0,1,3,1,3,15.6,69.52,1,3,0,0,0,1
99.63,91.71,7.37,2,1,0,0,4,1,1,1,1,2,76.78,57.26,5,1,2,7,0,0
70.66,65.2,5.32,0,0,0,0,5,1,0,3,0,2,30.07,46.69,1,0,2,6,1,0
99.54,87.04,5.63,5,0,0,1,1,1,1,3,1,1,98.89,51.85,3,4,5,6,0,1
58.83,97.41,8.66,0,0,1,1,3,1,0,4,0,0,83.3,79.3,2,3,4,7,0,0
95.36,61.23,9.28,0,0,0,0,4,0,1,1,1,3,20.03,94.77,4,3,5,8,1,0
76.45,63.85,8.91,4,0,0,0,1,0,0,3,1,2,46.76,54.89,5,0,0,6,0,0
62.4,73.22,8.48,3,2,1,0,4,0,1,2,1,1,15.86,86.11,1,3,3,9,0,1
56.73,86.18,7.03,6,2,0,1,1,1,0,5,0,3,33.14,33.66,2,4,1,6,1,1
80.82,91.76,6.99,4,2,1,1,1,1,1,0,0,0,30.17,9.62,2,2,6,1,1,0
65.65,77.13,7.44,2,2,1,1,5,1,1,0,0,3,11.3,14.83,4,3,4,7,0,1
65.07,87.92,8.15,0,1,1,0,2,1,1,2,0,0,52.74,36.16,4,0,3,9,0,1
83.24,50.88,9.34,4,0,0,1,3,0,0,2,1,0,31.28,85.89,5,3,1,8,1,1
63.8,77.14,5.89,2,0,1,1,3,0,0,0,1,3,4.61,15.91,3,3,3,6,1,0
50.62,90.34,6.58,1,2,1,1,5,1,1,5,1,2,92.32,35.92,3,4,0,10,1,0
61.42,77.56,9.68,2,1,1,1,4,0,1,1,0,0,54.5,70.33,2,4,0,6,1,1
96.14,83.07,6.28,4,2,0,0,2,0,1,3,1,2,17.41,46.38,3,1,2,7,0,0
84.67,57.72,8.18,3,1,0,1,4,1,0,2,0,2,64.32,27.06,4,1,0,4,0,1
70.11,95.24,5.1,4,0,0,1,4,0,1,0,1,1,79.96,42.87,2,5,5,1,1,1
62.12,95.05,8.96,6,2,1,0,4,1,1,0,1,1,28.67,53.75,1,1,6,2,1,0
83.19,58.88,9.48,6,1,0,1,5,0,0,1,1,3,63.67,3.58,1,2,4,1,1,1
77.0,79.35,7.42,1,1,0,0,4,1,1,0,0,3,12.21,12.83,3,2,5,3,0,0
50.47,67.51,6.71,4,1,0,1,4,0,0,5,1,1,14.86,13.81,3,0,5,9,0,1
68.33,52.02,9.75,1,1,1,1,3,0,1,4,0,3,92.35,93.22,5,0,6,4,1,0
62.16,67.33,7.93,5,0,1,0,5,1,1,3,1,2,76.89,64.86,1,5,0,5,1,1
55.3,97.84,8.95,3,1,0,1,3,0,1,5,1,2,10.03,95.93,1,4,5,6,1,1
62.08,57.5,8.43,2,1,0,1,3,1,0,5,0,2,2.97,27.6,2,5,3,5,0,1
92.77,64.62,8.39,0,2,0,0,4,1,0,5,1,2,23.31,49.94,1,4,0,7,1,0
85.21,91.3,7.62,3,1,0,0,4,1,0,5,1,0,72.94,10.18,2,1,3,6,0,0
57.06,93.55,5.77,3,2,0,1,2,0,0,5,1,2,41.43,82.08,4,3,6,3,0,1
51.31,84.34,9.01,5,1,1,1,3,0,1,3,0,2,78.25,68.78,2,3,2,2,0,1
98.7,97.65,7.11,0,0,0,0,3,0,1,2,1,1,73.28,7.84,4,0,0,3,1,1
80.2,78.3,8.08,2,0,1,1,1,0,1,2,1,2,2.26,14.3,4,2,5,7,0,0
74.4,57.18,8.92,0,1,0,1,1,0,0,2,1,0,58.2,14.64,4,2,1,8,0,0
62.78,58.34,9.21,3,0,1,1,1,0,0,4,1,3,44.05,32.85,4,1,0,10,0,1
55.02,75.79,7.09,4,0,0,0,1,1,0,3,1,0,82.22,41.72,3,3,4,7,0,0
76.3,82.92,6.14,0,0,0,1,2,0,0,3,0,1,82.86,97.81,5,5,1,4,1,1
93.26,61.6,7.36,0,1,1,0,3,0,1,0,0,1,82.54,2.98,4,4,3,4,1,1
55.36,69.58,7.47,3,1,0,1,4,0,0,0,1,0,65.01,36.72,1,3,5,3,1,1
67.53,83.4,5.42,1,2,0,1,3,0,0,4,0,1,47.64,92.16,1,0,3,0,1,1
91.45,92.14,8.35,5,1,0,1,2,0,1,4,0,3,70.09,19.75,1,4,2,3,1,0
90.66,94.85,5.88,5,0,1,0,5,1,1,5,1,2,22.9,94.6,4,1,5,1,0,1
95.81,66.65,6.81,4,1,1,0,1,0,0,4,0,1,11.35,64.93,1,4,4,4,1,0
85.22,82.04,5.31,4,0,1,1,3,0,1,3,0,2,57.15,6.01,3,1,4,10,0,0
53.52,66.45,8.69,1,0,0,0,5,1,0,0,0,1,47.9,14.2,2,5,1,7,1,1
74.76,75.99,8.9,2,1,1,0,3,0,1,2,1,3,68.03,80.02,1,5,1,10,0,0
69.29,84.23,6.86,2,0,0,0,3,1,0,1,0,0,53.93,97.19,3,3,3,5,0,0
55.01,85.64,8.04,2,0,1,0,5,1,1,2,1,1,36.32,61.65,1,2,0,6,1,0
94.36,53.68,6.54,0,1,0,1,5,0,1,0,0,0,1.43,62.53,1,1,5,9,0,1
51.26,90.16,5.25,0,0,1,1,3,1,1,4,0,2,63.09,25.68,1,3,5,1,0,0
63.07,68.32,6.95,5,1,0,0,2,0,1,5,0,0,88.26,56.98,3,1,0,10,1,1
78.42,51.63,9.24,3,2,0,0,1,0,0,5,1,2,39.44,9.16,1,2,3,1,1,1
99.98,68.28,6.87,0,2,0,0,4,1,0,3,0,3,34.43,36.31,5,2,5,2,1,1
82.06,76.37,7.94,2,1,0,0,2,1,0,2,0,3,39.86,93.59,5,3,0,7,0,1
52.75,73.43,7.1,4,1,1,0,2,1,1,4,1,2,45.34,65.04,4,3,0,6,1,1
81.41,69.9,7.34,4,0,0,0,1,0,0,2,0,3,70.02,83.22,3,5,6,0,0,1
56.91,64.68,7.95,5,1,1,0,4,0,0,5,0,2,75.8,36.83,1,3,0,1,0,0
97.78,73.39,9.38,5,1,1,0,5,0,0,4,1,1,31.16,86.45,1,1,6,4,1,0
90.03,55.7,7.9,4,0,0,0,1,1,1,5,1,3,82.25,35.47,5,3,5,0,0,0
99.99,54.95,7.69,0,1,0,1,2,0,0,3,0,2,27.47,27.96,4,0,4,8,1,0
93.49,56.67,8.6,2,0,0,0,2,0,1,2,1,0,64.2,10.7,3,2,6,7,0,1
75.61,63.02,7.55,6,0,0,0,1,0,0,0,1,3,4.12,32.91,1,4,5,6,0,1
88.22,96.31,6.87,2,2,1,0,4,1,1,3,1,1,86.1,22.48,1,4,0,6,1,0
95.38,75.57,8.94,6,1,0,1,4,1,0,5,0,3,81.05,10.01,2,5,0,4,1,0
75.61,92.16,6.09,5,2,0,1,1,1,0,5,1,2,33.32,22.9,2,3,1,7,1,1
90.4,77.62,7.45,3,2,1,1,2,0,0,3,0,2,13.45,28.27,1,1,0,1,1,1
53.62,60.99,8.38,5,0,1,1,5,1,0,2,1,2,2.65,94.99,4,3,2,4,0,0
94.49,77.04,6.82,0,2,0,0,1,0,1,0,1,1,11.8,41.12,3,2,2,0,1,1
79.98,96.48,6.07,0,0,0,1,3,1,0,2,0,1,48.13,4.44,3,4,5,5,0,0
97.73,93.8,6.32,1,1,0,1,1,0,0,4,0,0,18.57,37.8,3,4,4,1,1,0
58.57,69.36,5.92,3,2,1,1,3,1,1,4,0,2,57.67,6.23,2,1,3,1,1,1
71.1,99.48,7.36,1,0,1,1,2,0,1,1,0,0,22.09,98.72,3,0,5,1,0,0
65.13,81.3,5.75,0,2,0,1,4,1,0,1,0,0,23.1,26.05,5,1,5,0,0,1
94.24,65.35,9.14,0,0,1,1,3,1,1,5,0,0,54.23,24.92,5,2,0,8,0,0
91.25,51.51,6.13,3,2,1,0,4,1,1,0,1,2,49.69,18.71,4,5,1,10,0,1
64.18,68.38,5.12,4,0,1,0,5,1,0,5,1,2,31.24,92.26,5,5,1,3,0,0
72.18,77.9,7.98,4,2,1,0,2,1,1,5,1,0,2.56,91.02,1,4,3,2,0,1
88.16,68.63,6.02,6,2,1,0,3,1,0,2,1,3,47.32,77.03,3,5,3,1,1,1
61.32,78.5,7.24,3,0,0,0,2,1,1,0,0,3,39.96,36.82,2,0,0,3,0,0
86.91,62.7,5.88,0,1,1,0,1,1,0,0,1,3,62.48,93.83,5,4,6,8,0,1
84.04,72.18,8.64,0,0,1,1,2,0,0,1,1,3,39.75,87.45,2,3,2,8,1,0
95.76,71.02,5.32,1,2,0,0,4,0,1,4,0,3,29.57,53.73,5,0,1,8,1,1
65.64,53.41,6.2,3,1,1,0,5,1,1,4,1,3,40.5,17.96,5,3,0,4,0,1
76.36,85.08,7.68,1,1,0,1,2,0,1,4,1,3,27.57,95.76,2,0,6,1,0,1
91.38,71.95,8.08,1,1,1,0,2,0,0,3,0,0,41.14,78.62,3,2,3,6,1,0
66.73,74.78,7.14,6,0,0,0,2,0,0,4,1,0,80.64,54.65,3,2,1,5,0,0
75.21,72.92,6.93,5,1,0,1,3,1,0,4,0,3,69.07,72.87,3,1,5,2,1,1
84.9,82.74,7.48,2,1,0,0,4,1,1,3,0,0,61.3,97.08,3,3,4,2,0,1
94.9,75.46,6.58,4,0,0,0,1,0,0,5,0,3,2.51,31.91,2,1,4,2,0,0
71.55,79.49,7.72,1,0,1,1,4,0,0,0,1,2,46.84,58.43,1,4,5,6,0,1
50.48,95.58,7.71,5,2,1,0,1,0,1,5,0,3,99.26,27.27,2,0,6,9,0,0
97.62,77.85,6.89,2,0,0,0,1,0,0,3,0,0,28.66,5.82,5,3,4,10,0,1
77.85,85.14,8.54,4,1,1,0,4,1,0,0,1,1,79.18,17.87,2,0,3,7,1,0
68.31,61.7,8.38,1,2,1,0,4,0,1,3,0,3,29.61,13.87,3,1,1,4,0,1
78.81,67.03,5.31,2,0,1,0,5,1,1,5,0,3,83.64,91.95,1,3,5,10,1,0
52.34,75.56,5.2,4,0,0,0,5,1,1,5,1,2,57.63,89.0,2,0,3,1,1,0
63.76,94.85,5.37,0,0,0,0,5,0,0,5,1,1,9.25,84.52,3,1,3,6,0,0
66.03,76.63,6.42,3,2,1,0,5,1,1,3,1,1,85.85,98.99,1,5,3,0,0,0
52.86,97.31,6.04,3,1,0,0,4,1,1,5,1,0,86.3,88.88,2,4,0,4,0,1
98.52,81.84,8.18,6,1,0,0,1,0,1,2,1,1,5.14,37.66,4,3,6,0,1,0
50.12,74.02,8.28,0,2,0,1,1,1,0,2,0,3,9.53,53.61,5,4,0,2,1,1
53.15,90.75,9.52,3,0,0,0,3,0,1,1,1,2,16.35,41.5,2,2,1,0,0,0
57.81,93.44,6.19,0,1,0,0,3,0,0,2,1,3,43.51,47.21,4,4,4,4,1,0
60.37,73.72,6.32,1,0,0,0,4,0,0,5,1,2,45.04,54.46,2,2,3,6,1,1
72.16,94.11,5.16,6,2,0,1,4,1,0,0,0,0,63.0,57.31,3,1,6,7,0,0
82.96,89.11,8.32,1,0,1,0,2,0,0,1,1,2,71.79,2.57,1,0,6,6,1,1
82.06,74.06,9.83,0,1,1,0,2,0,1,1,0,1,38.64,60.13,3,3,4,1,0,1
74.85,95.35,8.48,2,0,1,1,2,1,0,3,1,1,89.23,19.2,3,2,3,3,1,1
99.63,85.14,7.47,2,0,1,0,3,1,1,3,1,1,17.57,71.69,5,2,1,4,1,1
50.92,57.71,9.28,2,0,1,0,4,0,0,2,1,2,0.88,67.14,2,1,0,3,1,1
55.37,54.74,9.74,3,1,1,0,5,1,0,5,0,3,9.92,0.47,4,5,1,1,1,0
85.0,86.39,5.57,2,2,1,1,1,1,0,4,1,0,17.66,15.84,2,5,4,10,1,1
75.79,57.21,9.7,5,1,0,0,5,0,0,1,1,1,47.58,19.27,3,0,6,7,0,1
87.15,77.06,8.05,0,1,1,0,2,1,1,1,0,1,45.41,65.37,3,2,2,9,1,1
66.98,62.89,5.69,5,2,0,0,3,0,0,1,1,2,54.68,47.59,1,2,5,8,1,0
83.96,52.05,8.5,6,1,1,0,5,0,0,1,1,2,85.73,43.15,4,3,6,7,0,0
90.07,69.12,7.29,6,1,1,0,5,1,0,1,0,3,19.13,31.82,3,5,3,7,0,0
51.2,85.05,8.52,0,2,1,0,1,0,0,0,0,2,79.45,40.49,2,2,0,7,1,0
97.62,56.97,7.03,0,2,0,1,1,0,0,4,0,2,13.58,8.94,5,2,4,3,1,1
73.36,56.65,8.05,5,1,1,1,1,1,0,3,0,2,62.26,25.45,3,5,5,2,0,1
61.33,55.5,9.26,3,0,1,1,1,0,0,5,1,1,59.41,38.8,3,4,3,9,1,0
58.06,69.88,5.75,0,2,1,1,4,1,1,4,0,0,26.86,34.96,5,2,4,2,0,1
76.97,94.53,9.61,4,2,1,1,4,0,0,5,0,1,7.8,12.07,3,3,1,6,1,0
56.22,89.75,6.89,4,2,1,0,4,1,0,0,1,1,0.11,78.43,5,0,3,3,1,0
54.66,74.2,9.49,2,1,1,0,5,1,0,2,0,0,75.74,11.36,5,1,4,6,0,0
84.77,63.1,5.53,5,0,0,1,1,1,0,1,1,2,16.44,59.62,4,2,5,10,0,1
58.15,97.63,9.45,2,0,0,1,1,0,1,1,0,1,63.85,81.76,3,3,6,4,1,0
76.58,94.94,5.77,6,0,1,0,3,0,1,0,1,2,50.22,50.7,1,5,3,10,1,0
65.07,65.71,5.47,3,2,0,0,3,1,1,2,1,3,3.67,40.83,5,0,3,10,1,1
51.99,73.25,5.38,3,2,1,0,2,1,0,2,0,0,3.88,40.17,3,4,0,4,0,1
95.22,81.03,5.69,2,1,1,1,5,1,0,3,0,3,70.07,13.12,3,5,6,0,0,0
95.25,92.67,7.42,2,2,1,0,4,1,1,5,0,1,81.62,23.49,2,5,5,8,0,1
70.14,93.41,6.3,0,0,0,1,1,1,1,0,0,0,28.19,25.08,5,0,2,8,0,0
51.04,93.88,5.06,3,0,0,0,5,1,0,0,0,1,76.82,4.59,3,3,2,2,1,0
97.23,64.38,6.98,1,0,0,1,1,0,1,5,0,1,25.7,43.54,1,3,6,9,0,1
51.41,85.11,9.86,6,1,0,1,5,0,0,5,1,1,76.97,88.09,2,5,2,8,1,1
93.76,52.84,7.57,2,2,0,1,3,1,0,2,0,2,34.76,64.1,1,3,2,2,1,0
81.29,70.32,8.9,0,1,1,1,2,1,0,4,1,1,93.67,57.33,5,4,4,9,1,0
71.12,59.88,5.48,2,1,1,1,4,0,0,0,0,0,31.58,20.58,3,5,0,6,0,1
79.95,58.04,7.83,3,0,1,0,5,1,1,0,0,1,29.63,10.32,5,1,4,7,0,1
53.45,96.1,5.27,0,0,1,1,4,0,0,3,0,2,43.19,98.36,2,2,0,5,1,1
88.39,80.13,6.11,0,1,0,1,2,0,1,4,1,3,55.57,50.26,1,3,6,2,1,1
86.34,58.34,5.23,5,2,1,1,5,1,1,1,1,2,86.44,55.58,2,0,2,5,1,1
61.99,66.67,8.86,5,2,1,0,5,0,1,0,0,0,14.01,38.64,2,0,0,10,1,1
51.77,99.89,6.26,4,2,0,1,2,0,0,0,1,2,51.35,17.75,3,1,4,7,0,0
72.66,65.49,5.56,3,0,0,0,3,0,1,2,1,0,75.56,64.52,5,4,1,0,0,1
99.06,65.63,9.33,6,2,1,1,3,1,0,3,1,1,18.11,33.94,4,3,5,7,1,1
53.09,70.47,7.71,5,2,1,0,4,0,1,5,0,0,41.61,99.31,1,4,0,0,1,1
74.51,97.04,8.08,0,1,1,1,3,1,0,5,0,2,64.86,72.2,1,0,0,8,0,1
57.19,95.54,7.33,2,1,0,1,4,1,0,3,0,0,19.01,41.01,3,5,2,8,1,1
67.37,79.35,5.05,4,2,0,1,3,0,0,0,1,3,90.6,70.62,3,5,3,4,0,0
68.73,57.31,8.03,0,1,1,0,3,0,1,5,0,1,97.2,0.43,3,1,5,10,0,0
83.42,88.99,8.74,3,2,0,1,1,0,1,3,0,3,10.38,27.0,4,2,0,2,1,1
81.15,77.8,7.14,5,0,1,0,5,1,0,2,1,3,15.51,64.44,1,1,0,0,1,0
69.01,81.22,5.85,6,2,0,0,5,0,1,0,0,3,89.75,88.79,2,5,4,5,0,1
89.38,71.21,9.72,5,0,0,0,2,0,0,1,0,1,28.48,33.74,5,5,3,8,0,1
81.2,93.54,7.75,2,1,0,0,5,1,0,0,1,0,88.87,98.09,2,1,3,4,0,0
58.15,74.01,8.59,2,0,1,1,2,0,1,4,0,1,19.26,33.56,4,2,1,4,0,1
74.4,78.12,7.42,4,2,1,0,2,0,1,0,0,0,94.67,18.15,1,2,3,8,1,0
71.19,52.28,6.89,6,1,1,0,1,1,1,4,1,3,37.62,22.38,4,2,3,2,1,1
85.71,69.96,9.67,1,0,0,1,3,1,0,2,0,1,38.4,76.53,3,0,1,3,1,1
55.29,99.01,6.38,3,2,0,0,2,0,1,3,0,1,59.12,8.23,2,1,3,9,0,0
88.95,57.64,5.22,5,1,1,0,2,1,0,5,1,3,45.09,57.01,5,1,3,8,0,1
67.01,56.27,7.93,6,1,0,0,5,0,1,1,0,1,40.67,84.25,2,5,4,6,0,0
89.6,93.29,8.71,0,0,0,0,5,0,1,1,0,0,98.53,7.43,1,2,6,9,0,0
66.53,81.44,9.33,2,2,1,1,5,1,1,3,0,3,78.64,13.08,1,3,6,6,0,1
80.52,56.79,9.35,5,1,1,0,5,1,1,2,0,2,42.53,23.87,1,3,4,0,0,1
97.08,56.11,7.52,6,2,1,1,4,1,0,5,0,3,61.32,27.99,1,1,4,4,0,1
80.47,83.36,5.82,1,1,1,0,1,1,1,4,1,1,30.59,72.77,2,4,2,2,1,0
78.29,69.09,9.34,2,0,0,0,3,1,0,0,0,3,88.45,20.12,1,0,6,1,1,1
80.33,83.16,7.96,4,0,0,0,4,0,1,0,1,0,92.79,89.2,5,0,5,9,1,0
84.2,86.64,5.9,0,1,1,1,4,1,0,2,0,2,9.12,43.19,4,5,5,5,0,0
94.71,82.55,8.76,4,1,1,1,3,0,1,0,0,2,67.55,30.55,3,0,0,1,1,1
83.79,99.46,5.8,4,0,0,0,5,1,0,4,1,1,3.07,59.74,4,1,5,7,1,0
91.01,56.52,8.77,2,2,0,0,5,0,0,2,0,0,88.03,45.17,4,0,5,1,1,1
87.86,80.11,7.52,3,1,1,0,1,0,1,0,1,1,77.74,84.11,3,2,2,2,1,1
82.56,74.3,7.52,5,1,0,0,3,1,0,0,0,2,6.35,33.7,5,5,1,8,0,0
57.48,50.76,7.06,1,0,0,1,5,0,0,2,0,0,61.91,67.86,3,5,1,2,0,0
92.47,74.67,7.68,4,1,0,0,3,0,0,5,0,0,11.68,86.81,1,2,6,1,1,1
69.38,70.83,7.57,5,0,0,1,5,0,0,5,1,3,40.39,68.55,3,5,0,0,0,1
74.45,75.28,9.2,1,0,0,0,5,0,1,5,0,1,60.21,94.82,4,4,6,7,1,1
70.45,95.32,7.01,4,1,1,1,4,0,0,1,0,3,64.51,8.04,3,1,5,2,1,0
50.4,80.33,9.17,5,0,1,1,1,1,1,0,0,2,68.76,70.04,2,4,3,7,0,1
51.82,82.01,9.32,6,1,0,1,2,1,1,0,1,0,48.46,92.2,5,1,0,6,1,0
70.58,51.24,8.26,5,1,1,1,4,0,0,3,0,2,56.87,44.58,5,3,1,6,0,1
92.17,85.83,8.36,1,2,0,0,2,1,0,0,0,2,13.88,98.48,4,1,0,4,1,1
96.87,74.0,9.71,5,0,1,0,1,1,0,3,1,1,11.87,78.64,1,1,3,0,1,1
66.7,85.63,5.09,6,1,1,1,5,0,0,0,1,1,68.08,72.73,3,4,1,3,1,1
85.89,87.88,8.53,0,1,0,1,3,1,1,0,1,3,69.56,87.82,5,0,1,10,0,0
85.21,67.13,6.37,5,0,0,1,1,1,1,0,1,1,92.48,47.05,5,1,6,7,1,1
80.14,89.89,7.27,2,0,0,1,5,0,0,2,1,3,90.4,68.94,1,4,5,8,1,1
54.4,69.82,5.77,0,1,0,1,1,0,0,0,0,1,90.38,84.9,2,2,4,2,0,0
76.92,79.98,6.14,3,1,0,0,4,0,0,0,0,3,10.73,1.76,5,1,3,8,1,0
66.45,66.92,6.1,6,0,1,0,1,1,1,0,1,0,2.62,31.78,3,1,1,8,0,1
57.67,76.05,7.18,1,0,1,0,1,1,1,5,0,2,4.76,51.77,1,4,3,3,1,1
63.17,96.49,7.26,2,1,0,1,4,0,1,1,0,3,40.03,89.44,3,4,3,10,0,1
64.04,59.82,8.0,4,0,1,1,2,0,0,2,1,1,89.4,91.05,5,4,0,2,0,1
63.73,51.91,7.96,1,1,1,0,5,0,0,3,0,0,10.65,79.06,2,3,0,5,1,1
62.37,79.74,6.85,2,1,1,1,2,0,0,5,0,0,14.62,41.95,1,4,2,8,1,0
73.89,85.83,6.07,2,0,1,1,5,1,1,0,0,3,11.55,93.45,5,1,6,8,0,1
60.96,71.78,7.51,2,1,0,0,5,1,0,0,1,0,49.51,20.51,1,4,2,0,0,1
62.31,66.74,5.57,3,1,0,1,2,0,1,5,1,3,55.96,92.08,3,1,5,10,1,1
76.47,87.64,9.45,4,1,0,1,3,1,0,0,1,2,94.25,7.08,5,0,1,7,0,1
66.83,98.68,7.41,4,2,0,0,3,1,0,4,1,2,8.12,79.48,4,3,4,10,0,1
70.59,52.43,9.28,1,2,1,1,4,0,0,5,1,2,86.56,78.61,5,5,4,0,0,1
90.85,74.34,8.83,2,2,1,0,4,0,1,5,1,3,79.78,15.06,1,0,2,6,1,1
97.37,69.25,9.45,2,0,1,0,4,1,0,5,1,2,24.67,58.15,4,3,6,1,1,0
84.6,96.8,7.25,1,0,0,1,1,0,1,5,1,3,79.19,26.05,1,4,1,5,1,1
62.99,84.4,7.93,4,1,0,1,4,1,0,3,1,0,40.3,55.97,3,5,2,0,1,1
65.5,69.47,5.62,4,1,0,0,3,0,1,5,1,1,19.48,10.04,2,4,2,8,1,1
86.18,95.25,8.14,3,0,0,0,3,1,1,5,0,0,31.13,47.36,1,3,5,10,0,0
71.62,99.65,6.85,6,2,0,0,5,0,1,0,0,3,20.74,89.82,5,1,4,3,0,1
78.69,72.78,7.73,1,1,0,1,1,0,0,0,1,3,47.13,81.07,2,2,2,2,1,0
96.47,76.02,9.19,6,0,1,0,3,0,1,4,0,2,98.27,28.94,3,0,0,3,0,0
77.75,66.6,9.95,6,2,1,1,3,0,0,4,0,1,75.69,43.38,2,4,6,7,0,1
63.63,57.37,8.68,5,1,0,1,1,1,1,4,1,3,74.93,16.06,2,1,4,5,0,0
84.09,83.83,9.62,6,2,1,1,2,1,0,0,1,3,64.41,69.76,2,1,2,2,0,0
85.52,79.66,9.76,5,0,1,0,5,0,0,0,0,1,10.58,30.54,4,0,3,1,1,1
78.02,77.21,9.08,1,0,1,0,3,1,0,0,1,2,27.78,18.59,5,2,4,3,0,1
99.5,74.38,6.01,1,2,0,0,5,1,0,2,0,0,80.93,57.23,3,1,4,4,0,1
59.8,86.38,5.9,2,2,1,1,5,0,1,4,0,0,87.35,22.55,2,0,6,4,1,0
84.43,92.92,5.81,3,0,1,0,1,0,0,0,1,0,87.16,29.24,1,4,6,2,0,0
50.71,65.72,5.29,3,0,0,0,2,1,1,5,1,2,29.46,91.0,1,5,6,0,0,1
86.06,86.79,9.6,5,2,0,0,1,0,0,0,0,1,54.37,77.83,2,3,4,8,0,1
66.47,99.48,9.9,2,2,0,1,2,1,1,1,0,1,41.27,14.1,1,0,4,9,0,1
74.88,59.03,8.13,3,0,0,1,2,1,1,4,1,3,34.94,92.5,1,5,5,3,1,0
51.29,90.99,5.42,0,2,1,0,1,1,0,4,0,0,7.52,16.37,3,1,5,4,1,0
69.12,53.69,9.89,4,0,1,0,2,0,0,4,0,3,8.94,5.49,4,0,1,9,0,1
55.04,66.69,7.22,2,2,1,1,3,1,1,1,0,1,93.06,88.38,4,1,0,7,1,1
86.3,70.51,5.61,3,0,0,1,4,1,0,2,1,0,30.27,12.4,4,3,2,3,1,1
53.33,59.94,9.74,6,2,0,0,5,1,1,4,0,2,54.17,68.36,3,4,6,6,1,1
77.0,57.57,6.61,0,1,1,0,4,1,0,2,1,1,60.64,88.96,4,1,1,2,0,1
70.58,89.19,5.25,2,1,1,0,3,0,0,5,1,0,91.3,61.75,5,1,2,3,0,0
95.53,65.1,5.41,3,2,1,0,5,1,1,4,1,1,93.77,48.06,5,2,4,8,1,1
55.79,75.29,7.14,2,0,1,1,4,1,1,0,0,2,13.06,97.62,1,4,1,6,1,0
68.74,61.55,7.47,5,1,0,1,5,0,1,3,1,1,81.33,56.77,4,3,6,7,1,1
85.54,64.84,8.99,3,1,1,1,5,0,1,4,0,1,85.46,37.05,5,2,3,5,1,1
80.78,86.4,5.64,2,1,1,0,3,1,0,3,0,1,35.48,95.57,3,1,4,10,1,0
76.96,58.28,5.81,6,2,0,0,4,1,0,3,0,2,35.34,94.25,2,0,1,1,0,1
88.61,84.31,9.76,6,1,1,1,4,0,0,5,1,3,91.66,16.65,2,0,6,7,0,0
54.69,95.66,9.25,5,0,0,0,4,0,1,5,0,3,56.25,58.01,2,0,4,10,0,0
94.41,58.96,9.48,0,2,1,1,5,0,0,5,0,1,72.82,15.27,3,3,4,6,0,0
91.8,64.59,6.46,3,0,0,1,4,1,0,5,1,2,29.14,83.62,3,4,0,4,0,0
81.82,96.73,9.65,0,0,0,0,3,0,0,0,0,3,97.28,33.47,4,3,6,5,1,0
78.62,53.55,6.18,0,2,0,1,1,1,1,0,0,1,58.0,17.45,1,0,1,7,1,1
77.75,85.66,6.87,1,2,1,1,5,0,1,1,1,0,9.66,12.72,3,0,2,7,0,1
99.63,83.84,8.01,0,1,0,1,2,1,1,1,1,0,45.58,6.81,2,1,3,5,0,1
57.83,63.81,9.74,1,1,0,1,4,1,1,4,0,2,26.99,96.01,4,2,5,8,0,0
84.93,68.79,7.01,1,2,0,0,4,0,1,3,0,1,12.99,58.85,4,5,3,8,1,1
76.82,75.26,9.53,5,0,1,0,4,1,0,1,1,3,23.56,77.35,3,3,2,3,0,1
62.63,95.88,7.84,4,1,1,1,4,0,0,4,0,0,77.95,84.76,5,1,1,3,0,0
84.67,70.69,6.16,3,0,0,1,2,1,0,0,1,1,52.57,57.09,5,3,0,2,1,0
93.26,94.28,7.87,1,0,0,1,2,0,1,0,0,0,92.74,6.74,3,4,5,5,0,0
81.33,92.63,6.87,4,1,1,1,5,1,1,1,0,1,9.22,35.28,3,3,2,0,0,1
86.66,94.37,5.41,0,1,0,1,5,0,1,2,1,0,0.94,92.98,4,4,1,2,0,0
93.1,65.06,6.08,4,0,1,1,5,0,1,0,0,2,35.45,22.49,2,4,1,1,0,1
99.89,51.82,8.2,2,2,0,0,3,1,1,2,0,1,13.52,19.75,4,5,2,10,0,0
51.91,59.12,7.78,3,1,0,0,3,0,0,1,0,2,50.15,77.79,5,3,3,9,0,1
82.01,51.28,7.3,6,1,0,0,1,0,0,0,0,3,17.95,51.17,2,4,1,4,0,1
72.55,79.06,9.68,4,0,0,1,2,0,0,4,0,2,99.04,49.05,1,1,0,3,1,1
92.83,73.43,5.28,1,1,0,1,4,0,1,3,0,0,83.52,57.32,1,2,5,2,0,1
64.25,72.21,9.82,0,1,1,1,1,1,1,3,1,0,31.83,67.91,1,1,4,2,0,1
88.88,95.88,5.27,4,0,1,0,1,0,1,4,1,3,33.01,22.2,4,4,2,6,1,1
51.38,69.62,5.31,1,0,0,1,3,0,0,3,0,1,44.75,42.55,4,3,6,1,0,1
96.5,56.07,6.17,5,1,1,1,2,0,0,3,0,0,71.54,1.01,5,5,1,10,0,1
51.78,76.87,9.35,6,2,1,1,2,1,1,3,1,3,65.95,46.95,1,1,4,6,1,0
83.89,71.22,5.35,1,2,0,0,2,1,1,2,1,1,53.53,29.79,4,2,6,9,0,0
96.75,93.64,5.93,0,1,0,0,4,1,1,1,1,1,8.25,71.76,3,2,2,10,1,1
76.04,81.72,6.77,6,1,0,1,3,1,1,1,1,0,98.02,37.02,2,4,0,0,1,1
90.88,55.59,7.24,2,2,0,1,4,1,0,3,1,1,56.84,74.18,3,3,0,1,1,0
88.21,99.59,9.46,4,0,1,0,3,1,1,1,0,0,96.84,24.83,3,1,3,9,0,0
79.79,99.9,8.31,0,2,1,0,2,1,1,0,0,3,65.28,66.13,2,3,4,6,1,0
75.68,99.94,8.84,6,2,1,1,3,0,0,3,1,3,89.43,3.57,1,3,0,5,1,1
72.13,91.19,6.71,5,0,1,0,2,1,0,5,1,0,10.83,96.69,5,2,2,5,1,1
99.29,64.13,6.73,4,2,0,1,2,1,1,4,0,2,75.43,56.75,2,5,0,10,0,0
69.8,62.94,7.09,4,0,0,1,5,1,0,0,1,1,96.18,28.79,4,0,1,5,0,1
84.07,55.06,6.57,6,0,1,1,1,0,0,0,0,0,46.29,15.92,3,2,5,1,0,1
62.35,93.09,9.51,2,2,0,1,4,0,1,2,1,1,15.41,60.14,1,2,5,1,1,1
79.29,87.2,5.5,2,0,1,1,4,1,0,5,1,3,99.41,55.83,2,4,5,9,1,0
62.79,98.69,8.59,3,1,0,1,4,1,0,0,0,0,32.18,46.27,3,0,2,3,0,0
77.95,54.3,5.13,4,1,1,0,5,0,1,0,1,1,40.93,94.49,2,5,0,6,0,1
59.81,90.51,8.5,5,2,1,1,5,1,0,3,0,2,98.61,88.2,4,4,4,10,1,0
85.93,57.32,6.55,0,1,0,1,3,0,0,3,1,3,82.72,96.66,3,4,6,0,1,0
66.82,97.87,8.14,2,2,0,1,2,0,0,3,0,2,14.19,64.29,2,2,1,9,1,1
58.55,90.48,6.7,3,2,0,0,3,0,1,0,1,1,19.13,54.41,2,5,4,0,0,0
75.47,89.27,9.68,2,1,1,1,2,1,1,2,0,0,19.35,88.71,4,4,2,3,0,0
52.43,59.26,9.36,3,2,1,0,1,0,0,3,1,2,79.65,65.52,1,3,3,0,0,1
82.95,78.86,9.19,3,0,1,0,4,1,1,2,1,1,82.0,85.63,4,2,1,7,1,1
76.09,75.48,8.13,3,1,1,1,5,0,1,4,1,0,1.38,36.28,1,2,6,6,1,0
58.74,92.37,7.65,1,2,0,1,5,1,1,4,1,0,41.95,27.3,1,5,1,7,0,0
79.11,85.87,8.28,3,0,0,0,1,0,1,4,1,1,71.51,5.95,5,5,6,9,1,0
51.51,82.58,6.15,4,2,0,0,2,1,0,1,1,2,4.49,51.87,5,5,1,7,1,1
53.3,78.43,5.31,5,0,1,1,5,0,1,2,1,0,79.66,51.97,3,0,6,8,1,0
69.02,92.94,6.29,2,2,1,1,5,1,1,1,1,1,38.39,12.8,2,1,1,5,1,0
88.47,62.24,6.61,1,1,1,0,3,0,1,2,1,1,64.38,7.59,4,1,6,1,0,0
90.6,66.13,5.01,3,0,0,1,2,1,1,0,0,0,86.88,89.17,3,1,2,3,0,1
61.46,98.79,6.3,3,0,0,1,1,0,0,0,1,2,83.36,3.9,5,0,2,9,0,1
83.77,75.55,6.05,3,0,0,0,2,1,1,2,1,0,52.75,88.11,3,0,2,7,0,0
67.67,66.09,9.69,2,1,1,0,5,0,1,5,1,1,87.68,71.44,4,0,0,6,0,0
78.26,56.69,8.5,3,1,0,1,4,1,1,0,0,3,38.15,54.11,5,5,2,10,1,0
67.26,73.85,9.39,5,0,0,0,5,0,0,4,0,2,98.16,32.92,1,0,4,10,0,1
84.12,52.22,9.83,4,0,0,0,2,1,0,2,1,3,30.72,15.77,1,3,5,2,0,1
89.0,62.82,5.18,1,1,0,0,4,1,1,1,0,0,21.08,10.97,1,4,2,1,0,0
91.43,62.44,8.04,4,0,1,1,4,0,0,0,1,2,9.37,36.73,3,3,0,3,1,0
77.85,50.46,6.41,5,2,1,1,4,0,1,3,1,0,79.13,66.7,2,5,2,5,0,0
82.64,52.61,6.69,3,1,0,1,5,1,0,5,0,2,43.33,39.61,4,1,6,0,0,1
90.87,85.65,6.74,5,1,0,0,3,1,0,2,1,3,48.33,65.0,4,3,3,1,0,0
87.4,58.71,8.87,3,0,1,1,1,1,0,0,1,2,70.34,28.62,3,5,2,1,1,0
64.4,96.64,7.18,6,1,1,0,1,1,0,0,0,2,45.06,61.97,2,4,0,2,0,1
75.86,73.37,7.38,4,0,0,1,5,0,0,0,0,2,23.22,36.52,1,0,5,2,1,0
84.38,82.25,5.96,6,1,0,0,4,0,1,4,0,0,5.27,56.94,4,1,4,3,1,1
68.69,83.71,6.62,0,1,0,1,3,1,0,3,1,2,48.15,85.28,1,5,0,5,0,0
50.59,52.49,5.88,4,2,1,0,2,1,1,5,1,3,80.57,42.75,1,1,0,9,1,0
71.9,61.88,7.57,0,1,0,0,3,0,0,2,1,1,27.27,97.65,1,3,5,2,1,1
93.76,75.09,6.58,2,2,0,0,2,0,1,4,1,0,31.74,34.11,2,1,1,8,1,1
92.5,55.23,9.42,4,1,0,0,1,0,1,2,1,1,28.01,10.05,5,3,2,1,0,0
71.0,50.28,6.55,0,2,1,0,4,0,0,4,0,3,38.39,98.44,5,3,0,0,0,0
62.89,96.68,9.62,4,0,1,1,5,1,0,5,0,1,61.07,33.6,2,0,2,0,1,0
53.61,62.04,9.63,2,2,1,1,5,0,1,5,0,2,70.22,87.81,2,5,4,0,1,1
90.16,67.77,7.0,6,2,0,1,2,1,0,2,0,0,73.02,59.5,4,0,2,3,1,1
71.65,72.99,8.61,4,2,1,0,5,1,0,1,1,0,65.69,16.09,5,2,5,6,1,1
79.81,79.24,9.79,0,2,1,0,2,1,1,0,0,0,59.52,33.01,2,2,1,10,0,0
85.14,53.66,6.65,0,1,0,0,1,0,1,5,1,3,62.19,17.39,4,0,3,7,0,0
95.26,83.49,5.38,3,2,0,0,5,1,1,0,0,2,95.88,21.54,3,3,0,5,1,1
67.38,96.15,7.03,4,2,1,1,3,1,1,0,1,2,77.69,51.51,3,5,3,5,0,1
50.68,52.4,9.79,5,2,0,0,4,0,0,5,0,1,57.37,49.11,2,2,4,10,0,0
96.86,55.07,7.53,5,1,0,0,1,1,1,4,0,2,39.98,10.91,2,2,1,0,1,0
97.74,84.99,7.25,0,0,1,1,4,0,0,4,1,1,3.98,37.88,4,3,0,6,1,1
58.72,86.76,7.96,1,0,1,0,5,0,1,4,1,2,54.56,32.6,5,1,0,3,1,0
94.13,75.07,6.18,3,0,1,1,2,1,1,4,1,1,0.92,0.84,2,3,6,2,1,0
51.98,77.43,5.68,3,1,1,1,4,0,1,1,1,1,12.9,71.74,4,5,5,3,0,1
78.86,62.0,7.89,1,1,0,0,4,1,0,4,1,0,72.1,59.41,5,0,3,4,0,0
87.35,63.14,6.65,2,0,0,1,4,0,0,2,0,3,91.78,81.78,1,5,4,2,1,0
89.17,73.78,6.64,4,0,1,1,2,0,0,1,0,3,36.12,75.94,4,2,2,0,0,1
83.79,93.73,6.67,0,2,0,1,4,0,0,4,0,1,87.7,56.96,2,1,3,3,1,1
67.7,62.18,9.24,3,2,1,0,1,0,0,1,0,1,56.22,61.51,5,1,1,8,1,0
60.14,92.1,8.67,3,0,1,1,5,0,1,0,0,1,60.0,26.71,5,1,3,2,0,1
69.17,50.45,5.27,5,2,0,1,1,0,1,4,0,1,39.06,13.62,5,3,1,10,0,1
51.96,61.44,7.69,0,2,0,0,4,0,0,1,1,1,93.83,56.94,3,3,2,8,0,1
69.36,69.11,8.97,2,2,0,1,4,1,1,5,1,3,40.71,68.72,2,2,6,9,1,0
93.87,96.41,9.72,4,1,0,1,5,0,0,1,0,1,9.92,31.48,3,2,2,8,1,0
72.02,58.14,8.46,1,0,1,1,1,0,1,2,1,0,54.44,39.2,4,4,0,2,0,0
62.74,73.62,6.69,1,0,1,0,3,0,1,2,1,0,54.06,73.74,3,1,6,0,0,0
70.4,80.18,7.96,0,0,0,1,1,1,1,1,0,3,13.36,72.54,2,4,0,2,1,0
94.96,73.35,7.33,4,0,0,1,2,1,0,5,1,1,18.12,37.23,5,2,1,7,1,0
65.19,89.88,7.1,6,2,0,0,4,0,0,5,0,0,23.54,33.4,1,0,1,10,1,0
84.0,92.26,5.98,6,2,0,1,1,1,0,4,1,1,18.49,66.17,2,2,4,2,0,1
68.89,62.42,5.35,6,0,0,1,1,0,1,5,1,3,66.31,92.64,2,2,3,0,0,0
90.18,94.01,5.31,4,2,1,0,5,1,1,3,0,1,6.52,53.74,3,3,1,3,1,1
87.1,90.6,7.56,3,0,0,1,4,0,0,2,0,0,73.03,65.4,3,5,2,8,0,0
81.68,63.91,6.22,2,1,0,0,3,1,1,0,1,3,22.22,38.84,5,4,5,4,0,1
79.84,94.75,8.46,4,2,0,1,4,1,0,5,1,2,54.69,20.38,4,4,1,10,0,0
83.44,85.44,6.03,2,2,0,0,2,0,0,3,0,3,47.1,25.38,3,5,2,7,0,1
64.25,92.71,8.2,6,0,0,1,4,1,0,3,0,1,18.64,9.48,2,3,3,4,0,0
90.61,81.63,6.15,4,0,0,0,2,1,1,4,0,1,68.81,33.37,1,0,0,10,1,1
97.04,80.27,8.41,4,1,0,0,4,1,1,4,0,3,61.56,74.01,1,3,5,2,1,1
94.55,74.43,5.84,4,1,1,1,4,1,0,3,1,3,59.82,96.4,2,3,3,3,1,0
96.36,52.28,6.94,3,2,0,1,4,0,1,4,0,0,37.21,68.72,4,0,3,9,0,0
69.84,66.07,8.05,5,1,0,1,5,0,0,5,0,2,41.73,59.55,4,3,2,4,0,0
95.65,97.08,5.26,0,0,1,0,1,1,0,3,0,1,27.32,61.46,3,2,4,9,1,1
62.66,75.53,6.4,6,0,0,1,1,1,0,3,0,2,63.8,20.53,2,0,4,0,1,1
62.38,79.38,5.79,0,0,0,1,2,0,0,1,0,1,81.85,32.4,4,2,5,6,1,1
86.19,87.13,6.93,1,1,0,0,1,0,0,4,1,0,57.32,91.65,3,3,4,3,0,1
92.67,99.55,5.19,4,1,0,1,1,1,0,0,0,2,62.24,13.27,1,2,6,2,1,1
96.63,86.15,8.7,3,1,0,1,1,1,1,0,0,0,48.0,65.22,1,1,1,9,0,0
56.89,82.02,8.15,3,1,0,0,4,0,1,4,1,2,88.4,17.47,2,1,6,2,1,0
92.29,98.19,9.98,5,2,1,0,2,0,0,4,0,3,49.07,75.8,2,0,3,10,0,0
73.08,94.32,5.66,3,0,1,0,4,0,0,1,0,0,37.36,81.4,2,1,3,1,0,1
89.12,59.92,9.27,5,0,0,0,1,1,0,3,0,0,4.52,10.29,3,3,6,1,0,0
70.49,85.77,7.03,2,2,1,0,1,1,1,0,0,1,54.78,31.79,5,3,3,9,1,0
68.94,90.32,6.59,1,2,1,0,1,0,1,5,1,2,73.91,52.01,1,2,6,2,0,0
55.75,62.38,9.53,4,1,0,0,5,0,0,4,1,1,39.66,70.61,2,3,4,1,0,1
91.73,85.91,5.92,2,0,1,1,4,1,1,1,0,3,69.39,70.78,1,0,4,6,1,0
87.09,54.78,7.75,5,2,1,1,4,0,0,3,0,1,55.13,79.44,5,0,5,10,1,1
72.02,66.95,5.15,5,0,0,1,1,0,1,1,1,0,5.45,26.45,3,4,0,10,0,0
78.3,74.08,8.84,4,2,1,1,4,0,1,5,1,2,85.98,66.29,4,3,0,0,1,1
82.76,56.61,6.08,1,1,1,1,3,1,1,1,1,0,46.31,87.11,2,1,1,4,1,1
99.02,87.67,7.68,4,0,1,0,2,1,1,4,0,0,11.96,67.25,1,1,6,10,1,1
80.5,99.25,5.5,5,0,1,1,3,0,0,5,0,2,31.03,45.54,2,2,2,9,0,1
91.45,97.23,9.25,4,0,1,1,4,0,0,3,1,1,32.82,92.59,2,0,4,8,0,1
59.62,67.09,8.28,1,1,0,0,5,0,1,1,1,3,85.01,48.05,2,0,1,7,0,0
77.42,91.81,6.41,1,1,1,1,5,0,1,5,0,2,26.95,88.73,4,5,6,0,1,0
85.35,52.05,6.98,1,0,1,0,4,1,1,1,0,1,58.62,73.39,2,5,0,5,0,0
64.55,69.34,8.85,3,1,1,1,4,1,1,3,0,1,98.69,90.9,2,1,1,6,0,0
96.97,68.44,8.28,2,2,1,0,1,0,0,0,1,2,99.86,53.74,5,4,3,6,1,0
54.68,73.68,8.81,5,0,0,1,4,1,0,3,1,2,52.64,63.1,3,0,5,2,0,1
61.49,70.98,5.53,0,1,0,1,3,0,0,1,0,1,76.84,2.48,5,0,1,0,1,0
76.93,52.45,8.27,1,0,1,1,4,1,0,1,1,3,62.83,60.15,4,0,6,8,0,1
88.25,72.35,9.88,5,2,1,1,4,0,0,2,1,3,41.97,92.44,2,1,2,2,0,1
81.71,57.36,7.68,2,0,1,0,4,1,0,2,0,0,95.02,91.15,5,5,0,10,1,0
75.39,82.37,5.08,6,2,1,0,5,0,1,0,0,0,90.87,2.27,5,2,5,10,0,1
63.59,80.62,5.61,6,0,0,0,4,1,1,1,0,1,79.34,14.87,5,3,4,0,0,0
80.92,61.21,8.92,2,0,0,1,5,1,0,5,0,0,46.1,62.42,5,5,0,9,0,1
52.51,96.63,5.95,0,0,1,1,1,0,0,0,0,1,96.97,89.83,3,3,2,2,1,0
84.83,67.37,6.16,5,2,1,1,1,0,0,3,0,0,43.3,6.27,3,2,2,6,1,1
58.03,93.49,9.41,5,1,0,1,5,0,0,3,0,3,65.38,34.74,3,4,1,5,1,0
64.84,52.98,6.59,0,0,0,0,1,0,0,5,0,1,65.48,94.87,4,5,6,9,1,0
85.55,52.79,8.88,6,0,0,0,1,0,1,1,1,3,20.34,69.33,5,0,5,8,1,0
50.23,84.19,7.24,5,1,1,1,1,0,0,4,0,2,19.25,7.53,1,1,6,5,0,0
83.33,71.13,6.48,3,1,0,1,5,0,0,0,0,2,50.5,2.14,2,4,3,1,0,0
65.36,51.79,9.38,5,2,0,1,2,1,0,2,0,2,32.46,0.8,4,0,0,10,0,1
59.74,85.08,7.87,3,2,1,0,5,1,0,1,1,3,57.3,84.77,2,2,0,8,0,0
55.0,85.53,5.55,1,0,1,1,4,0,0,4,0,1,42.29,94.19,2,3,3,6,0,1
82.92,63.7,5.52,0,0,1,1,2,0,0,5,1,0,73.94,83.79,5,3,3,5,1,1
79.46,96.19,7.94,1,1,1,0,1,0,1,4,1,1,95.66,3.59,1,1,2,6,0,0
52.8,89.56,9.79,5,0,1,0,3,1,0,5,0,0,44.61,57.86,2,1,2,7,1,0
73.86,79.48,5.23,1,1,1,1,5,1,1,5,0,1,14.8,23.48,2,3,4,8,0,1
59.32,79.57,8.9,2,0,0,0,4,0,1,1,1,2,84.91,47.05,3,4,2,1,0,1
63.86,50.41,5.85,0,1,0,0,4,1,0,0,0,1,11.0,54.47,5,0,4,5,0,0
93.68,98.22,8.85,3,0,1,0,5,0,1,4,0,3,33.52,14.81,3,3,3,5,1,1
53.49,73.56,6.5,0,0,0,1,4,0,1,3,0,3,68.5,44.53,5,3,2,6,1,0
93.2,88.85,7.42,1,0,0,0,4,1,1,3,0,3,97.3,74.32,1,4,6,10,1,1
56.88,70.45,6.9,0,2,0,1,3,1,0,2,0,2,96.93,70.92,3,4,6,6,0,0
95.1,77.37,6.87,4,0,1,0,1,0,0,5,1,2,18.33,43.38,2,1,0,6,1,1
96.78,81.39,6.26,2,0,1,0,4,1,1,0,0,0,34.29,80.16,2,5,1,2,0,1
78.74,95.77,6.34,2,2,0,1,4,0,1,5,1,3,17.17,1.13,3,2,6,8,0,0
85.6,80.76,9.51,1,2,1,1,5,0,1,4,0,2,15.12,2.54,3,4,4,6,0,1
61.44,61.09,8.58,1,1,0,1,1,1,1,5,0,3,95.06,25.81,4,1,5,1,1,0
69.23,65.99,6.62,5,2,0,1,4,0,1,0,1,0,19.42,26.61,4,1,3,2,1,0
98.25,91.08,7.32,4,1,1,1,2,1,0,0,0,0,20.29,92.57,5,1,0,9,1,1
52.98,92.6,9.55,3,1,0,0,3,0,1,0,0,3,84.95,11.36,4,0,1,8,0,1
71.49,81.85,7.71,3,0,0,1,5,1,1,3,1,3,77.04,6.44,1,1,2,8,1,0
56.36,51.44,7.7,6,1,0,0,3,1,0,2,1,1,57.44,72.25,1,1,4,5,1,1
78.45,57.0,6.5,6,0,0,1,2,1,1,3,1,1,75.37,49.13,4,4,3,8,0,0
60.37,74.36,7.13,2,1,1,1,5,1,0,5,0,1,83.84,1.08,1,4,2,6,0,0
83.23,58.82,7.11,2,0,1,1,4,1,1,0,1,2,23.36,87.67,2,0,0,10,1,1
75.03,74.61,5.44,4,0,0,0,1,1,1,2,1,3,60.62,5.29,1,2,3,0,1,0
82.0,64.69,6.11,4,2,0,0,5,0,0,5,0,2,79.94,9.05,2,0,6,9,1,1
94.04,51.48,8.85,1,2,0,0,2,1,1,0,0,1,80.48,8.95,3,4,3,2,1,1
79.71,84.59,5.01,5,0,1,1,5,0,0,3,0,1,61.24,34.77,2,3,3,4,0,0
90.98,84.69,8.6,3,1,1,1,3,1,0,5,0,3,48.91,84.43,4,1,6,7,0,1
54.87,98.64,5.64,0,0,0,0,3,1,0,4,1,3,77.79,22.54,3,2,5,4,0,0
79.05,62.0,5.73,1,2,1,1,4,0,0,5,0,3,29.05,76.09,4,1,6,0,0,1
62.42,56.02,9.67,1,0,0,1,2,1,1,4,1,0,98.0,92.11,5,4,6,5,0,1
86.38,56.84,6.58,6,2,1,1,4,0,0,2,0,2,83.42,86.39,3,0,2,4,0,0
59.88,60.22,6.93,0,0,1,0,2,0,1,0,1,2,65.96,63.53,2,2,3,8,0,0
81.32,67.93,9.95,6,2,1,1,5,1,1,5,0,2,94.92,15.66,5,5,5,2,0,1
94.51,80.04,9.7,6,0,1,1,2,1,0,2,1,3,71.14,8.74,2,3,1,5,1,1
80.15,95.18,6.06,0,0,1,0,2,0,1,4,1,1,60.34,74.34,5,1,1,7,1,1
67.83,93.04,9.45,3,2,0,1,3,0,0,1,0,1,43.76,14.57,4,3,5,6,0,0
91.61,96.91,7.08,5,1,1,1,2,1,1,5,0,0,87.13,54.77,4,5,1,5,0,0
67.87,91.7,7.75,3,2,1,1,5,0,0,1,1,2,17.63,73.25,1,5,2,8,1,0
70.64,73.28,9.1,0,2,1,0,3,0,1,4,0,1,87.45,31.95,3,5,3,1,0,0
86.9,56.02,9.62,1,2,1,1,2,0,0,5,0,1,49.36,99.81,1,4,0,6,1,0
76.08,51.5,8.86,5,2,1,0,2,0,0,3,1,2,46.96,86.95,5,4,0,5,0,1
92.86,70.92,7.43,3,1,1,0,5,1,0,4,0,0,73.57,50.41,2,4,6,10,1,1
70.13,88.7,5.57,6,2,0,0,3,0,0,3,1,3,88.32,49.89,1,1,4,10,0,1
58.76,66.93,8.32,2,1,0,0,3,0,0,5,0,3,56.81,82.68,2,0,6,2,0,0
84.0,69.08,7.82,2,0,1,1,5,0,1,0,1,3,44.34,84.28,4,5,2,0,0,1
87.55,81.4,7.85,6,2,1,0,4,1,0,1,0,2,45.34,12.15,5,2,3,3,0,1
67.86,84.03,5.32,4,1,0,1,1,0,1,0,1,3,40.53,64.29,3,2,5,9,0,1
97.61,51.11,8.77,1,0,1,1,2,1,0,1,1,1,69.44,64.33,1,0,3,6,1,1
64.58,97.28,7.32,5,0,0,0,5,1,0,3,1,3,54.48,67.25,2,3,3,5,0,0
86.56,60.73,7.54,1,2,1,1,1,0,0,4,0,3,87.85,18.14,4,3,2,9,0,1
67.14,93.49,6.6,2,1,1,1,3,0,1,3,1,2,40.77,43.12,2,3,0,5,1,0
58.91,93.23,5.45,1,0,0,1,3,1,0,5,0,2,74.82,58.74,1,3,3,8,1,1
69.73,98.08,6.05,0,2,1,1,4,0,1,5,0,3,76.33,24.06,2,3,6,2,0,1
57.57,66.16,5.15,1,0,1,1,1,1,1,0,1,1,30.73,72.9,1,5,6,3,1,1
68.03,57.83,7.83,3,1,1,0,4,1,1,4,0,1,97.66,62.62,4,1,1,10,0,1
78.58,71.28,7.86,1,0,0,1,1,0,1,4,1,2,29.64,61.91,2,0,4,6,0,0
85.67,90.81,5.75,0,1,0,0,4,0,1,3,1,0,90.27,19.18,4,2,4,3,0,1
82.94,59.69,6.33,6,0,1,0,5,0,0,5,0,3,20.34,90.08,4,1,3,7,0,0
54.8,54.68,7.77,3,2,1,1,5,1,1,4,0,1,78.34,72.3,4,3,1,8,1,0
84.74,60.02,9.62,6,0,0,0,5,0,1,3,0,1,14.78,47.57,1,0,2,5,1,0
70.25,98.12,6.64,5,1,0,0,3,0,0,0,1,2,34.26,70.93,5,4,3,10,0,0
69.24,90.06,6.33,6,1,0,0,1,1,1,0,0,2,63.47,78.31,4,5,0,6,0,1
65.02,85.99,6.32,5,1,1,0,3,1,0,5,0,0,88.28,50.57,4,3,4,9,0,0
67.76,72.78,8.57,2,2,0,1,2,0,0,5,1,1,79.88,53.69,4,0,4,1,1,0
79.33,87.99,8.56,5,1,1,1,1,1,0,2,1,1,60.27,32.89,2,0,0,7,0,0
60.17,78.36,5.34,3,2,1,1,4,1,0,0,1,3,97.74,33.05,5,5,5,10,0,0
69.23,52.68,6.45,0,2,1,0,4,1,1,2,1,2,18.88,57.33,5,0,6,0,1,1
95.34,73.7,5.25,0,1,0,0,5,0,1,1,1,2,59.11,23.79,3,1,4,10,0,0
93.13,81.94,9.1,6,1,1,1,5,1,0,0,0,3,5.11,10.95,1,2,4,1,1,1
76.12,78.34,6.02,3,1,0,1,4,0,0,5,1,3,33.94,5.2,2,0,0,8,0,1
55.64,86.26,9.21,3,2,1,1,2,0,0,0,1,3,19.06,41.79,4,1,0,10,1,0
79.94,82.01,8.35,1,2,0,1,2,0,1,5,1,2,55.65,7.12,3,4,2,7,1,1
89.42,85.37,6.58,3,0,0,0,3,1,1,1,0,3,45.45,54.49,3,3,4,1,1,0
71.62,67.22,9.25,1,1,0,0,1,1,1,4,0,1,1.66,88.75,4,2,0,6,0,0
54.94,97.85,7.39,1,0,1,0,5,0,0,4,0,1,32.12,33.57,3,4,5,6,1,0
86.78,68.53,9.03,5,1,1,0,5,1,1,5,1,3,20.38,31.48,5,5,4,10,1,0
72.73,67.82,9.98,6,2,0,0,4,0,0,5,0,3,99.34,43.86,2,4,2,6,0,0
63.43,73.68,6.23,2,0,0,1,3,0,0,1,0,1,28.94,15.81,5,4,5,0,0,1
80.16,94.02,5.7,0,0,1,0,1,0,0,3,1,1,17.38,3.97,3,3,1,2,0,0
85.06,93.86,5.24,3,1,0,1,3,1,0,5,1,1,78.0,50.0,3,4,1,9,0,1
85.82,52.76,6.95,0,0,0,1,2,0,1,5,0,2,19.67,31.68,1,4,4,10,1,0
87.05,59.02,9.93,1,1,0,0,2,0,0,3,1,2,95.65,29.53,2,1,1,8,0,1
83.98,52.81,5.4,0,2,0,0,1,0,1,3,1,1,14.99,66.29,3,0,5,7,0,1
53.56,61.57,8.84,3,0,1,1,1,0,0,4,1,0,18.52,19.49,5,3,0,9,1,1
93.09,65.93,6.45,3,2,0,0,5,0,0,4,0,1,32.94,57.36,2,3,3,4,1,1
94.55,98.22,5.57,5,2,0,0,5,0,1,2,0,1,74.81,76.69,4,4,2,0,0,1
71.17,94.91,5.22,4,0,0,0,4,0,0,2,1,1,25.56,45.24,4,5,1,3,0,0
57.71,91.02,5.92,5,1,0,0,3,0,1,0,1,0,87.04,16.9,1,3,5,6,0,0
92.14,59.66,5.99,5,2,0,1,4,0,1,2,1,2,91.35,85.02,2,1,3,2,1,0
76.62,76.53,8.54,0,2,1,1,4,0,1,5,0,3,20.05,4.49,2,4,0,7,0,1
72.74,86.86,7.52,1,1,1,0,5,0,0,5,1,1,93.94,8.69,2,0,4,2,1,1
91.17,82.58,6.73,0,0,0,0,5,0,0,3,1,1,47.63,43.6,5,1,2,0,1,1
99.04,84.97,5.84,3,0,0,1,4,1,1,0,0,3,42.92,88.28,2,5,0,3,0,0
73.97,96.47,5.34,5,0,1,0,2,1,1,3,1,0,70.66,99.65,5,5,2,10,1,1
97.35,79.4,6.71,3,0,0,1,3,0,0,3,1,2,94.44,49.67,5,4,3,1,0,0
74.85,91.42,8.6,3,0,0,0,2,1,1,4,1,3,7.44,65.26,1,1,0,3,1,1
93.3,83.56,6.86,4,1,1,1,2,1,1,0,0,0,56.35,83.23,3,2,6,9,1,0
58.68,84.83,7.76,1,2,0,0,2,0,0,0,0,1,1.71,13.05,2,4,4,9,1,1
89.53,84.74,6.25,3,2,0,0,2,1,0,4,0,3,33.19,96.65,2,2,1,10,1,0
69.92,71.97,8.9,5,0,1,1,4,0,0,2,0,1,15.54,57.29,5,5,2,4,1,0
56.48,60.66,5.76,0,2,0,0,1,1,0,3,0,1,27.33,42.22,1,2,6,0,0,0
84.49,77.67,5.32,6,0,0,0,3,1,1,0,1,3,73.35,20.12,4,1,2,7,1,1
64.64,58.84,6.24,3,0,0,1,2,0,0,1,1,1,62.47,52.76,3,3,0,2,0,1
99.22,98.59,6.57,2,0,0,0,5,0,1,5,0,1,53.74,19.47,3,5,0,1,0,1
73.97,59.99,9.23,5,2,1,1,3,1,1,5,0,3,53.01,5.82,4,5,6,6,0,0
87.03,56.16,6.68,5,1,0,0,4,1,0,5,0,3,48.62,91.6,5,4,1,4,1,1
96.28,69.78,5.49,2,1,0,0,3,1,0,5,0,3,41.56,49.64,1,2,6,9,0,1
59.02,68.67,8.61,0,1,0,0,2,0,1,2,0,0,35.61,67.59,4,1,0,4,0,0
78.83,77.02,7.13,5,0,1,1,4,1,1,2,0,2,3.51,52.43,4,2,5,5,0,1
98.8,53.76,9.08,4,1,1,0,4,1,0,5,1,3,29.07,72.59,3,0,6,6,0,1
58.06,56.96,9.53,5,0,1,1,1,0,0,3,0,2,24.53,72.69,4,3,3,1,0,0
96.68,53.56,5.48,1,1,0,1,5,1,0,2,1,1,4.79,28.44,4,4,1,5,0,1
62.49,97.72,7.7,4,1,1,0,1,1,1,5,1,1,46.26,55.31,2,4,5,3,0,0
71.79,98.3,5.36,0,0,0,1,1,0,0,0,1,1,81.07,55.41,1,0,4,5,1,0
68.79,68.26,5.48,1,1,1,1,3,1,1,5,0,3,78.61,55.95,4,2,4,7,0,0
66.04,92.54,5.31,1,0,0,1,1,0,0,2,1,1,39.65,73.73,5,3,6,10,0,1
56.88,67.46,8.96,5,2,0,1,5,0,1,0,0,3,50.74,65.34,3,4,1,2,1,0
84.95,81.64,8.48,1,0,1,0,3,1,0,3,0,2,47.62,59.53,4,5,2,10,1,1
65.47,66.72,5.88,6,1,1,1,3,0,0,5,1,1,50.69,9.09,4,3,6,7,0,0
96.19,57.32,8.81,5,1,1,1,4,1,1,0,1,1,16.9,45.11,5,2,5,4,1,0
73.86,73.49,9.74,1,2,1,0,2,1,1,5,0,1,5.79,9.9,1,3,6,7,0,1
84.91,87.87,6.55,2,2,1,1,3,1,0,4,0,0,52.06,81.94,1,2,4,2,1,0
72.24,95.06,5.27,3,0,0,0,5,1,0,1,0,1,26.66,68.5,5,1,4,1,1,1
80.15,81.7,5.45,3,0,1,0,2,1,1,5,1,3,76.5,86.9,4,4,5,3,0,1
71.09,87.34,9.14,0,2,0,0,1,0,0,5,1,0,74.61,78.06,4,4,0,6,0,0
99.77,74.02,9.94,2,2,1,1,3,1,1,1,1,0,85.42,86.76,4,1,6,6,0,0
77.46,83.13,6.94,3,2,1,1,1,0,1,4,0,2,37.37,58.55,2,3,1,2,0,1
72.8,77.44,9.6,3,2,0,1,4,0,1,5,1,2,60.59,45.9,3,0,6,9,0,0
54.44,80.03,9.36,4,0,0,1,4,0,0,3,0,1,91.98,55.79,2,5,6,7,0,1
94.87,99.43,9.19,1,1,1,0,1,0,1,3,0,1,20.0,1.21,5,5,3,8,1,0
95.46,59.0,5.34,1,0,0,0,2,1,0,5,0,0,80.74,75.99,4,0,1,1,0,1
51.14,96.83,5.95,4,1,0,1,4,0,1,4,1,1,53.7,84.03,5,1,6,0,1,0
94.69,71.3,9.56,5,0,1,1,1,0,0,5,1,0,84.69,49.25,1,4,0,1,1,0
95.71,95.3,9.24,5,2,0,1,1,0,1,2,0,3,90.59,69.0,5,3,2,4,0,1
58.25,54.02,6.04,4,0,0,0,4,0,1,0,1,0,69.19,95.31,4,5,6,4,0,0
76.09,78.45,8.06,2,0,0,0,3,1,1,1,1,3,73.96,89.26,1,0,2,8,1,0
88.58,99.02,5.33,3,0,1,0,2,0,1,1,1,1,23.04,13.68,4,2,3,4,0,1
53.03,51.97,9.98,6,1,1,0,3,1,1,5,0,0,48.68,22.5,4,4,6,1,1,0
69.83,95.28,6.87,6,1,1,0,4,0,0,4,0,1,20.62,69.28,2,2,6,6,1,1
90.38,80.01,8.05,3,1,1,0,1,0,1,2,0,3,3.37,85.64,5,0,5,2,0,1
57.29,95.04,8.19,6,0,1,1,2,0,0,1,0,0,38.98,24.85,1,0,1,6,1,0
89.59,75.67,7.94,5,0,0,0,5,0,0,2,0,3,1.06,19.3,4,0,6,9,0,0
65.9,50.84,8.46,2,1,1,0,5,1,0,4,0,2,96.81,30.47,4,5,0,6,1,0
56.21,98.27,8.95,6,2,0,1,1,0,1,5,1,0,75.01,56.66,2,1,6,0,0,0
62.01,88.86,6.03,6,0,0,0,4,1,0,2,1,2,19.02,21.94,3,4,1,4,1,0
62.37,53.52,9.74,3,1,1,0,3,0,1,2,0,2,60.63,42.93,4,4,1,1,0,1
80.35,63.22,7.25,0,2,0,0,2,0,0,4,0,2,59.27,0.46,2,1,4,10,0,0
58.29,85.9,7.58,1,1,1,1,1,0,0,4,1,0,10.91,15.73,2,5,3,0,1,0
55.2,97.62,9.21,3,2,0,0,1,0,1,1,0,2,56.91,7.43,2,5,0,4,1,1
91.63,66.78,7.92,0,0,0,1,3,0,1,3,1,3,29.25,47.58,3,1,0,5,1,0
78.69,75.98,6.11,4,2,0,1,4,1,0,1,0,3,30.79,9.34,4,3,5,9,0,0
70.94,71.97,7.86,1,2,1,1,4,0,0,5,0,2,40.35,11.22,2,4,3,8,0,1
52.44,68.01,9.43,3,1,0,0,2,1,0,5,1,1,0.25,8.66,5,2,0,8,1,0
73.21,78.53,7.09,1,0,1,1,2,1,1,2,0,1,64.54,24.33,2,5,1,3,1,0
69.1,60.67,8.76,6,1,1,0,5,0,1,4,1,0,41.24,19.2,4,3,2,6,0,1
99.39,60.18,8.39,5,1,0,1,1,0,0,1,0,3,84.1,32.92,1,2,5,0,0,0
98.77,64.09,5.68,4,0,1,1,1,0,1,3,1,1,65.22,82.88,2,0,6,2,1,0
80.05,62.43,9.8,6,1,1,0,1,1,1,4,1,0,97.82,62.99,3,1,2,0,0,0
67.28,92.93,9.28,6,0,1,0,3,0,0,3,1,2,9.91,96.8,4,4,1,8,1,1
99.27,63.77,8.99,0,2,1,0,1,1,1,3,0,3,93.09,98.35,3,5,3,3,1,0
56.64,79.63,6.79,0,1,1,1,3,1,1,4,0,3,78.53,97.91,2,4,0,5,0,1
51.54,98.07,9.33,4,2,1,0,3,1,1,0,0,1,58.69,73.53,5,1,2,5,1,0
68.22,74.84,7.29,1,1,1,1,4,1,0,4,0,2,1.9,34.76,4,4,0,4,0,0
80.83,84.57,6.32,0,0,1,0,5,1,1,5,1,3,81.81,8.53,1,1,5,2,0,0
73.75,91.3,8.23,5,2,1,1,5,0,1,5,1,0,91.68,91.36,3,5,0,6,1,0
68.37,66.9,6.75,4,2,0,1,4,0,0,2,0,0,98.76,1.28,4,0,2,5,1,0
66.75,55.16,7.7,0,0,1,1,2,1,1,5,1,1,73.63,93.38,4,3,4,8,1,0
54.95,74.93,7.11,3,0,0,1,4,0,0,3,1,1,13.65,93.89,1,3,0,9,0,1
98.38,50.57,6.61,6,1,1,0,5,0,0,3,0,2,53.66,71.35,2,1,4,6,1,1
52.69,94.83,6.41,0,0,0,1,2,0,1,4,1,0,69.51,16.18,5,4,4,8,0,0
66.56,59.38,7.22,2,0,1,1,5,0,0,1,0,0,1.27,73.89,5,4,1,8,1,0
54.41,87.12,6.19,4,0,1,0,2,1,0,1,1,0,29.73,29.14,2,5,3,8,0,1
96.32,58.11,5.57,3,1,0,1,4,0,0,4,0,1,70.33,4.4,4,5,1,1,1,1
88.88,69.78,7.27,2,0,1,1,3,1,0,3,0,2,35.14,87.31,1,0,4,3,1,0
94.16,98.31,8.97,6,2,0,1,5,0,1,2,0,0,9.53,11.84,5,3,5,6,0,1
88.21,66.91,9.53,2,2,0,1,3,0,0,0,1,0,94.88,4.93,2,1,0,2,0,0
66.09,54.08,7.41,0,0,0,0,2,0,0,0,1,2,33.04,25.92,3,0,5,4,0,1
50.55,64.73,6.41,3,2,1,0,4,1,0,1,1,0,6.53,15.82,1,5,6,2,1,0
51.63,71.61,8.4,6,0,0,0,4,0,1,0,0,3,8.83,17.27,5,1,4,0,0,0
62.72,61.16,7.23,2,0,0,1,5,0,1,4,1,0,94.74,96.55,5,3,2,1,0,0
84.14,86.48,7.74,1,0,0,0,4,0,0,5,0,0,78.81,79.12,5,5,0,5,0,0
57.91,60.45,8.42,3,0,0,1,2,1,0,2,1,0,22.19,28.4,2,4,0,9,0,0
98.32,52.05,8.44,0,1,1,1,2,1,0,0,0,1,18.36,80.69,1,1,6,0,0,1
90.34,57.19,6.55,4,0,0,0,3,0,1,1,1,2,35.43,14.97,5,5,0,6,1,0
80.47,98.29,8.64,6,1,1,1,3,1,0,3,0,1,67.58,85.24,4,4,5,7,0,0
89.41,85.5,5.23,5,2,1,1,5,0,0,5,0,3,87.32,77.34,1,2,4,5,0,0
64.11,60.76,5.56,2,1,0,1,5,1,1,2,0,0,6.68,72.29,2,1,2,6,1,0
52.05,73.26,6.52,4,2,1,0,1,1,1,1,1,0,72.86,24.92,1,1,5,2,1,1
59.02,74.22,7.9,3,0,1,1,5,1,0,2,0,3,73.51,60.65,4,5,6,2,0,0
70.5,93.26,9.57,3,0,0,1,2,0,1,5,0,0,96.89,32.02,3,5,3,0,1,1
59.32,58.64,9.61,5,0,1,1,2,0,0,5,1,2,94.99,15.69,4,1,4,4,1,1
52.95,61.58,7.98,1,2,0,0,5,0,1,1,1,3,27.91,4.21,1,2,6,7,0,1
77.07,54.77,6.5,6,2,1,0,1,1,1,5,0,3,44.94,88.55,2,2,1,5,0,1
90.99,98.16,7.41,3,0,1,0,3,0,1,0,0,1,50.88,88.61,4,4,4,9,1,1
84.61,71.77,5.27,6,0,1,1,4,0,1,0,0,1,43.25,55.61,3,5,4,5,1,1
54.7,60.99,9.04,4,1,1,1,5,1,0,4,0,0,70.67,10.32,1,2,4,4,1,1
67.42,98.14,8.99,6,0,0,0,4,0,0,4,0,2,60.14,7.71,3,4,4,0,0,0
71.58,74.08,8.73,4,1,1,0,1,0,0,3,0,0,56.29,8.85,2,1,2,6,0,1
76.35,66.06,6.81,4,0,0,0,5,1,0,3,0,2,54.93,41.26,1,0,1,4,0,1
70.11,90.36,7.04,0,2,0,1,1,0,0,0,1,1,78.02,88.12,2,4,6,3,1,0
55.76,79.65,9.79,2,1,1,0,5,0,1,4,1,3,61.14,88.62,2,3,6,2,0,0
82.04,67.75,5.91,4,2,0,0,2,0,1,2,1,1,66.3,87.78,1,5,5,10,1,0
66.16,97.01,7.75,5,1,0,1,1,0,1,4,0,1,26.91,6.39,3,4,6,0,0,0
72.0,57.22,9.43,2,1,1,1,3,1,1,1,1,1,63.9,0.24,2,0,4,2,1,0
61.12,89.1,8.45,0,1,1,0,3,1,0,2,1,1,42.21,63.65,1,0,1,5,1,1
95.67,55.6,7.4,0,0,1,1,3,1,1,5,1,2,20.57,52.27,3,0,0,7,1,1
95.54,66.84,8.41,5,0,1,0,1,0,1,4,0,2,97.19,79.93,3,1,6,6,0,1
91.88,81.0,5.26,0,2,0,1,3,0,0,5,1,1,20.71,40.22,1,3,4,1,1,1
61.21,65.41,7.15,6,0,0,0,4,0,1,5,0,0,52.74,14.47,1,3,1,9,1,1
78.9,58.29,8.64,6,1,1,0,2,1,0,0,1,1,26.65,71.86,3,3,2,4,1,0
81.57,55.96,9.41,4,2,0,1,5,0,0,1,1,2,72.34,97.17,2,1,6,6,0,0
57.86,89.76,9.17,5,0,0,1,1,0,1,1,0,3,72.75,44.14,2,2,4,2,1,0
96.47,83.13,9.39,6,0,1,0,1,0,0,5,0,1,43.31,22.69,3,3,2,0,1,0
73.78,66.82,6.31,5,2,0,0,4,0,0,1,0,3,92.34,3.83,3,5,5,10,0,0
90.78,74.86,9.85,1,2,1,1,2,0,0,5,1,1,37.93,87.91,5,1,0,2,0,0
84.88,89.62,6.95,5,1,0,0,3,1,1,1,1,1,59.31,5.47,2,0,2,4,1,1
97.63,51.47,7.85,0,0,1,0,5,1,1,2,0,3,53.53,8.58,2,5,1,9,1,0
81.86,79.15,5.39,2,1,0,1,4,1,0,4,1,3,9.3,60.43,4,2,1,9,1,0
90.31,69.89,8.43,6,0,1,1,4,0,1,1,1,1,9.83,7.78,1,1,4,2,0,0
84.79,50.28,7.33,0,2,1,0,1,0,0,5,1,2,89.2,87.51,5,2,2,3,0,0
75.87,85.32,8.93,0,2,1,1,1,0,1,5,1,3,41.21,68.48,4,1,5,3,0,0
87.52,87.49,6.93,1,2,0,1,3,1,1,3,1,0,48.67,30.57,2,3,3,6,1,1
53.48,77.46,9.67,4,1,1,1,3,0,0,3,0,2,18.78,29.6,4,2,6,6,1,1
87.01,81.84,5.2,3,1,1,0,5,1,1,0,1,3,90.13,77.74,4,4,2,7,0,0
77.28,60.48,9.64,1,1,1,0,1,0,0,1,0,0,21.31,34.3,5,0,3,9,0,1
97.12,61.06,5.55,0,0,1,1,3,1,0,2,0,2,57.15,88.28,4,4,2,4,1,0
74.7,74.52,7.1,5,2,1,1,4,0,1,2,0,1,71.96,12.71,3,2,5,10,1,1
78.15,78.36,5.04,0,2,1,0,4,0,1,1,0,3,12.05,52.77,2,2,1,3,0,0
83.2,71.83,6.39,1,1,1,1,2,0,1,3,0,3,73.0,23.08,5,5,1,7,1,1
87.02,89.91,5.15,4,0,1,1,4,1,0,3,0,1,43.73,33.86,2,1,2,4,1,1
82.37,74.17,5.5,3,0,0,0,5,1,0,4,0,3,12.62,71.11,5,1,4,7,1,0
89.25,61.21,7.38,6,1,0,1,2,1,1,0,0,1,51.89,99.43,3,5,1,10,1,0
52.73,59.4,9.63,2,1,0,0,4,0,0,2,0,2,22.67,83.97,5,5,1,6,0,0
70.61,62.91,8.54,3,1,1,1,3,0,1,0,1,3,84.28,85.31,2,2,0,8,1,1
71.15,51.58,9.11,0,0,1,0,1,1,0,0,1,1,41.83,19.79,1,5,5,0,0,1
72.2,75.39,5.44,0,0,0,1,5,1,1,5,0,2,36.99,67.64,2,0,3,6,1,1
79.09,79.81,8.2,1,2,0,0,1,0,0,2,0,1,58.52,90.07,4,3,4,6,1,0
75.02,54.55,9.34,1,2,1,0,1,1,1,4,1,3,61.7,18.56,3,5,6,10,0,1
95.42,57.44,8.69,2,2,0,1,5,1,1,3,0,1,98.58,74.75,2,3,3,8,1,1
86.66,77.82,5.32,0,2,1,0,2,0,0,4,0,3,37.24,99.05,2,1,1,8,1,0
66.46,72.53,6.75,1,0,1,1,3,0,1,0,1,1,31.58,2.55,3,1,2,1,0,0
93.44,70.58,7.17,3,0,1,0,4,0,0,3,0,0,75.94,41.42,2,4,4,10,0,0
95.6,72.68,6.87,5,1,1,1,1,1,1,0,1,0,48.18,60.89,5,2,1,7,1,1
65.36,64.61,7.63,2,0,0,0,2,0,0,4,0,2,41.39,37.98,4,4,0,6,0,0
57.2,94.92,9.6,6,0,1,1,3,0,1,5,0,3,67.92,11.28,5,4,3,2,1,0
90.84,55.67,9.1,5,2,1,0,1,0,1,5,0,0,47.84,88.06,5,0,2,5,1,1
50.2,86.63,9.32,4,0,0,0,3,0,1,2,0,1,24.75,8.07,4,0,5,5,0,0
69.63,79.47,6.65,6,0,0,1,3,1,0,1,1,2,88.76,92.12,5,3,2,0,1,1
76.42,57.82,8.01,6,1,1,0,2,0,1,5,0,1,79.32,76.16,1,1,5,3,0,0
67.62,94.37,9.49,3,2,1,0,2,0,1,2,1,0,63.05,18.15,5,0,4,0,1,1
72.76,72.16,7.22,2,0,1,1,2,0,0,3,1,0,16.05,45.62,2,4,3,4,1,1
94.08,92.61,6.74,5,0,0,1,4,0,0,0,1,2,44.96,29.36,2,3,2,7,1,0
51.74,75.52,7.02,1,2,0,1,2,0,0,2,0,1,13.94,22.94,4,0,6,10,1,1
63.26,68.36,8.57,0,2,1,0,2,0,1,5,0,0,68.36,83.73,4,0,1,4,1,1
61.81,83.48,9.1,2,0,0,1,2,1,0,1,0,1,4.82,17.4,1,4,0,9,0,0
93.65,88.47,5.38,4,2,1,0,3,0,1,3,1,3,76.81,90.02,2,4,0,3,0,1
54.85,60.51,9.82,2,0,0,1,2,1,1,2,1,1,75.59,6.21,5,5,1,2,1,0
80.26,68.81,6.99,5,2,0,0,2,0,1,4,0,3,36.31,44.03,5,1,0,6,0,1
57.39,77.46,7.22,4,0,0,1,4,1,1,5,0,0,92.98,0.83,2,4,6,5,0,1
52.6,99.1,8.71,6,1,1,0,2,0,0,5,0,3,43.16,96.13,5,2,5,0,1,1
96.31,62.75,8.12,4,1,1,0,1,1,1,5,0,1,67.0,77.4,4,0,5,3,0,1
83.85,85.71,8.41,5,1,0,1,5,1,1,2,0,3,63.58,41.0,3,2,5,0,1,0
63.82,86.92,9.52,6,2,1,0,4,1,1,2,0,0,7.63,12.19,5,2,5,7,1,0
65.03,50.16,7.35,1,1,1,0,2,1,1,2,0,1,8.69,14.35,3,3,4,1,0,1
50.6,89.95,5.34,0,0,0,1,5,0,1,4,0,1,18.69,34.88,2,4,2,8,0,1
77.67,76.1,5.04,1,1,0,0,3,0,0,4,0,0,29.35,77.38,1,0,6,10,0,1
72.26,83.87,6.85,0,0,0,1,3,1,0,2,0,0,7.79,6.03,2,0,4,9,0,0
90.86,63.45,6.25,2,1,0,1,1,1,1,5,0,3,92.17,28.82,4,2,3,5,1,0
81.45,87.08,7.97,4,0,1,1,4,0,1,3,0,3,79.54,60.73,1,1,0,2,1,0
84.59,74.78,6.2,2,2,0,1,4,0,0,5,1,3,11.37,50.99,3,2,6,4,1,0
51.65,76.14,5.77,1,1,0,1,1,1,1,2,0,0,58.89,24.11,5,4,5,9,0,1
58.33,96.02,7.1,1,2,0,1,4,1,0,1,1,2,97.14,86.03,5,2,0,2,0,0
95.28,56.26,7.68,3,1,0,0,1,1,1,0,1,2,77.5,55.14,4,5,2,2,0,1
73.65,82.49,5.9,3,1,0,1,2,1,0,3,1,2,69.08,86.65,2,5,1,2,1,1
81.96,93.99,9.53,6,1,1,1,2,1,1,5,0,3,14.88,83.43,5,4,5,8,1,1
75.2,71.59,6.51,6,0,1,1,5,0,1,5,0,1,45.71,49.28,1,1,5,2,1,0
58.38,86.42,5.56,4,1,0,1,1,1,0,3,0,2,15.71,11.41,2,5,5,8,1,0
63.53,66.98,8.21,3,2,1,0,2,0,0,1,1,3,34.28,11.1,4,5,6,10,0,0
89.16,83.54,9.1,6,1,0,0,5,1,1,0,1,0,95.99,84.07,1,5,1,5,0,0
53.17,67.9,8.94,5,1,1,0,1,1,0,3,1,0,41.71,70.28,2,2,5,4,1,1
59.61,57.12,5.42,6,1,0,1,3,0,1,2,1,3,28.78,12.55,4,4,4,6,1,1
90.57,85.2,8.8,2,1,0,0,5,1,1,1,0,1,3.68,74.36,2,3,4,1,1,0
56.49,62.9,7.22,5,0,1,0,1,0,0,4,0,2,15.65,68.81,1,2,1,10,1,0
78.09,99.32,9.32,5,2,1,1,1,0,0,3,1,1,16.76,39.08,1,3,2,6,0,1
93.09,52.52,7.09,1,1,1,0,4,1,1,4,0,0,74.84,12.98,3,4,6,2,1,0
89.58,75.91,5.26,4,1,1,1,2,1,1,3,1,0,40.84,44.08,3,0,1,4,0,1
78.85,86.67,5.11,2,1,1,0,3,0,0,5,1,1,84.97,97.83,4,2,5,7,1,1
97.94,99.95,6.35,5,1,0,1,4,0,1,5,1,0,63.06,52.54,3,0,0,6,0,1
90.56,64.06,9.66,1,1,0,1,4,1,1,0,0,1,99.22,89.64,5,5,3,1,0,0
76.01,85.29,8.65,6,1,0,0,4,0,0,5,1,0,16.03,94.77,1,5,6,0,0,0
75.52,93.99,7.95,1,2,0,0,5,0,0,1,0,3,82.51,62.38,1,0,2,0,1,0
86.35,86.35,9.04,3,2,0,0,2,1,0,5,0,1,42.91,45.36,4,0,4,4,1,0
85.24,98.78,6.52,5,1,1,0,2,1,1,5,0,2,96.46,62.09,4,2,3,7,0,1
93.12,80.61,9.49,2,1,1,0,3,1,1,2,0,1,50.02,21.37,5,2,5,7,0,0
71.94,82.82,8.87,0,0,1,0,3,1,0,4,1,1,23.87,56.79,2,5,3,3,1,1
74.69,80.87,5.82,6,2,1,0,4,1,0,0,0,3,80.47,78.84,4,2,6,9,0,0
98.07,58.68,7.07,5,0,0,0,3,1,1,3,0,2,66.56,80.5,2,1,4,4,1,0
65.68,87.35,5.51,0,2,0,0,3,1,1,1,1,0,56.08,29.62,4,1,6,10,0,1
71.21,74.73,8.96,0,0,0,0,1,0,1,5,1,3,77.51,96.69,3,3,2,2,1,1
86.01,78.48,7.37,6,0,1,0,3,1,0,1,1,3,18.07,28.55,3,3,5,4,1,1
73.96,55.27,7.75,2,0,0,0,4,1,0,0,0,3,62.18,51.46,2,3,2,4,1,0
90.24,83.82,5.35,4,0,0,1,3,0,0,4,1,3,87.51,8.49,5,0,0,4,1,0
85.96,76.94,9.1,6,2,1,1,2,1,1,0,1,0,16.5,92.17,4,3,0,2,1,1
74.94,92.46,5.55,1,2,1,0,4,1,1,4,1,0,62.46,24.45,1,3,2,1,1,0
60.09,82.94,9.16,4,2,0,0,1,1,0,0,1,3,98.13,83.52,2,0,3,9,1,1
50.98,62.59,9.5,6,0,0,0,3,1,0,4,0,0,70.82,90.15,5,0,1,9,0,0
73.39,82.04,8.62,0,2,1,1,2,1,1,2,1,0,20.12,33.15,3,0,1,3,1,0
94.26,90.32,8.76,0,1,0,1,2,0,1,5,1,3,90.62,71.36,2,5,5,7,1,1
68.3,91.83,7.68,6,2,1,1,1,1,1,5,1,0,53.5,63.48,5,5,4,7,1,1
62.83,65.98,8.91,6,2,0,0,2,0,1,1,0,2,85.8,94.63,5,4,5,2,0,0
64.64,55.58,6.26,6,2,1,1,2,0,1,2,0,3,21.29,9.66,1,2,1,1,1,1
66.9,94.19,6.35,2,0,0,1,4,1,0,2,0,2,21.08,57.38,5,5,3,9,0,1
71.58,55.47,8.01,4,2,0,1,3,1,1,0,1,0,54.03,60.3,2,0,5,8,1,1
55.19,83.47,8.28,6,1,0,1,3,1,1,0,1,2,85.38,21.64,3,5,5,8,1,0
97.2,73.45,6.25,5,0,1,1,5,1,1,5,1,1,5.65,39.85,4,4,3,3,0,0
59.9,60.82,5.42,1,1,0,1,3,0,0,2,1,2,46.55,38.57,2,3,4,2,0,1
72.79,91.75,6.92,3,2,1,0,2,1,1,0,0,1,97.86,79.9,5,1,5,2,0,1
64.94,95.2,5.92,6,0,1,0,3,0,0,0,1,1,47.62,42.46,4,5,3,0,1,1
83.06,95.11,6.66,0,1,1,0,2,0,0,3,1,2,65.91,70.59,1,3,0,0,0,1
54.57,87.86,6.59,0,1,0,1,3,0,0,3,1,3,37.28,46.88,5,3,0,8,1,0
59.48,77.57,6.49,5,0,1,0,4,1,1,3,1,2,92.48,36.55,1,4,5,6,1,0
72.43,63.85,8.84,6,1,1,0,3,0,1,0,1,0,62.31,49.11,4,5,3,6,0,1
66.01,97.36,7.35,1,0,1,0,4,1,1,5,1,0,58.53,50.27,3,0,0,8,0,1
98.74,70.13,7.09,1,2,0,1,4,1,0,1,0,0,60.53,87.96,4,3,1,1,1,0
50.18,83.76,8.27,0,2,1,0,4,0,0,0,1,2,43.22,5.45,4,4,6,6,1,0
98.7,87.93,7.86,0,0,0,1,4,0,0,1,1,0,47.0,46.69,3,5,0,0,1,0
70.98,50.9,6.62,5,2,0,1,5,1,0,1,0,1,43.94,99.17,3,3,4,4,0,1
54.74,69.66,8.36,2,2,1,1,4,1,0,5,1,0,56.71,21.14,1,0,2,6,0,0
57.17,95.4,7.71,5,1,0,0,5,1,0,5,0,3,69.87,34.58,1,1,4,2,1,0
81.67,58.03,6.6,6,1,0,1,4,1,1,5,1,0,13.46,18.38,2,3,2,3,0,0
51.35,67.92,5.79,0,2,1,1,2,0,0,1,0,0,65.08,75.26,4,2,5,7,1,0
76.68,79.2,5.14,6,0,0,0,4,1,1,3,1,2,6.2,36.61,3,4,6,6,1,1
62.74,60.88,8.38,3,2,1,0,4,1,1,2,0,3,75.18,12.2,1,5,1,0,1,1
95.18,86.18,8.72,1,1,0,0,2,0,1,4,0,3,75.47,94.66,2,2,1,10,0,1
61.4,61.45,8.5,0,0,0,0,3,1,0,0,0,2,34.39,17.33,3,0,1,3,1,0
99.08,94.15,6.85,4,0,1,1,2,0,1,5,1,0,16.13,25.1,5,1,4,10,1,1
57.01,60.08,7.45,3,0,1,1,3,1,1,2,1,0,48.15,72.77,5,2,2,0,0,1
55.37,78.51,7.45,3,2,0,0,3,0,1,2,0,3,47.1,34.29,1,1,5,6,1,1
75.82,95.8,5.6,3,1,1,0,5,0,0,3,1,1,97.41,24.21,2,4,3,5,0,1
95.12,74.71,5.87,2,1,0,0,5,0,0,1,1,2,36.95,89.82,5,5,6,4,1,1
55.27,93.23,8.97,0,2,1,1,2,0,0,2,0,3,4.9,89.11,2,4,1,7,0,1
80.74,99.34,5.07,6,1,1,1,2,0,0,1,1,2,93.73,38.64,2,0,3,8,0,0
92.83,83.26,5.06,3,1,1,1,5,1,0,5,0,3,43.15,61.72,5,4,2,2,0,1
92.19,50.64,7.39,2,1,1,1,1,1,1,4,1,1,83.9,24.55,5,5,2,9,1,1
73.65,94.21,8.17,4,2,0,0,2,0,1,5,0,3,97.25,79.7,4,1,6,9,1,1
73.36,99.9,8.2,1,2,0,0,2,0,1,1,0,0,7.12,49.68,4,2,1,8,0,0
63.66,84.48,5.33,0,2,1,0,1,0,0,1,1,1,69.48,76.84,4,5,3,4,0,1
72.44,95.46,8.76,0,2,1,1,2,1,1,1,1,3,85.87,55.59,3,5,5,0,1,0
60.44,53.75,8.25,6,2,1,1,2,0,0,1,1,0,64.46,30.44,4,1,0,2,1,1
54.95,51.09,8.02,5,1,1,1,4,0,1,5,1,1,11.93,56.93,5,2,1,7,0,1
97.34,93.27,8.8,2,2,1,1,4,1,0,4,0,1,19.67,98.6,3,0,3,1,1,1
85.3,88.7,5.26,5,1,1,0,2,1,0,0,0,3,14.69,3.11,2,0,5,9,1,1
75.01,54.02,6.05,4,2,1,1,3,1,1,3,0,2,32.65,41.05,5,5,5,4,0,0
87.19,87.09,8.58,5,2,0,1,2,1,0,1,0,3,2.97,21.98,3,1,1,3,0,0
63.76,51.9,5.68,2,2,0,0,5,0,1,3,0,0,95.47,83.42,1,3,3,1,1,1
78.52,91.96,8.44,5,1,1,0,4,0,1,0,1,2,30.94,27.1,4,2,5,0,0,0
99.03,67.87,6.98,1,0,0,0,1,1,0,1,0,3,30.64,86.45,4,5,2,6,1,1
80.21,64.19,8.69,6,0,1,1,1,0,0,3,1,2,43.73,53.87,4,4,2,8,1,1
76.0,69.36,9.49,1,0,0,0,4,0,0,1,0,2,84.09,86.25,3,1,2,10,0,0
55.74,86.96,5.97,4,1,0,1,3,0,0,4,0,2,78.48,18.52,4,3,0,10,0,1
78.54,55.27,5.84,1,2,1,0,5,1,0,1,1,0,29.76,13.49,1,5,0,4,1,1
78.55,71.37,8.62,3,1,1,1,3,1,0,5,0,1,44.16,19.42,4,4,2,1,1,1
69.12,58.96,8.92,5,1,0,1,3,0,0,4,0,2,62.16,19.13,5,1,4,5,0,1
80.93,63.8,8.26,6,2,1,1,4,0,0,4,1,3,60.72,29.6,4,3,0,3,0,0
87.53,50.03,8.53,6,1,1,0,3,0,1,5,1,1,33.55,73.94,2,2,0,10,0,1
69.25,68.07,5.16,0,2,1,0,1,0,0,0,1,2,64.88,19.56,5,1,0,10,0,0
57.06,97.57,6.55,2,1,0,0,5,0,0,1,0,0,84.76,94.43,3,3,0,6,0,0
65.91,50.57,9.11,1,0,1,1,5,1,0,1,0,0,28.54,24.96,1,0,1,0,0,1
87.4,88.42,8.56,4,0,1,1,2,0,0,0,0,0,27.11,74.95,4,0,4,6,1,1
97.71,61.51,8.58,5,2,0,1,1,0,0,0,1,1,46.63,52.36,2,2,5,10,0,0
51.89,92.98,5.12,3,1,1,0,4,0,1,3,0,2,46.22,99.17,2,1,4,3,1,1
51.36,81.63,5.73,4,0,0,0,3,1,0,2,1,1,61.64,59.18,5,2,0,10,0,1
92.15,97.71,8.15,1,2,0,1,2,1,1,2,0,0,90.55,54.03,1,3,3,5,0,1
92.67,57.85,5.72,6,1,1,0,2,1,1,3,1,2,68.25,94.81,3,3,1,2,1,1
91.67,88.87,7.49,5,1,0,1,1,0,1,5,0,1,55.34,61.93,5,2,1,8,1,0
66.3,69.82,8.47,4,2,1,1,5,1,0,3,1,1,90.2,82.45,4,4,3,8,1,1
92.27,60.46,5.11,3,2,1,1,4,0,1,0,1,1,18.64,22.9,2,1,6,10,1,0
95.26,79.58,7.81,4,1,0,1,5,1,0,4,0,3,37.63,14.45,4,1,4,2,0,1
85.81,63.37,8.57,0,2,1,0,3,1,0,5,1,2,41.08,72.97,1,2,1,8,0,0
51.02,56.97,9.78,1,2,0,0,3,0,1,1,0,1,99.44,72.1,5,2,4,1,1,1
85.46,62.66,9.31,3,2,0,0,2,0,0,0,1,2,14.05,89.74,2,1,4,9,1,0
90.87,79.83,7.45,5,0,1,0,1,1,0,5,1,2,28.32,89.77,3,3,3,3,0,0
72.83,85.24,5.13,2,1,0,0,3,0,0,1,1,3,41.66,96.24,1,3,2,0,1,1
99.72,58.24,8.18,3,1,1,1,1,0,0,1,0,0,50.45,40.81,5,0,1,4,1,1
61.29,98.72,8.18,2,0,1,1,1,0,0,3,0,1,24.62,32.17,1,0,0,5,1,0
50.16,78.85,7.35,0,2,0,0,5,0,0,3,0,2,13.23,34.47,3,0,0,4,1,1
86.39,97.75,8.08,5,1,1,1,2,0,1,3,0,2,40.94,25.77,3,2,0,3,0,0
54.56,98.24,8.62,4,2,0,0,3,1,1,2,0,2,87.58,6.47,3,2,2,2,1,0
67.96,64.13,6.46,1,2,0,1,4,0,1,2,1,1,13.4,35.03,3,0,4,1,1,1
79.66,85.52,5.93,2,2,1,0,1,0,0,0,1,1,43.12,50.87,5,2,4,9,1,1
50.38,70.59,8.06,6,2,1,1,2,0,0,0,1,3,35.44,84.66,2,5,1,2,1,0
69.26,82.28,6.91,0,0,1,0,5,0,1,4,0,0,30.37,79.31,4,3,2,9,0,0
87.64,85.94,8.31,6,0,1,1,1,1,1,1,1,1,24.54,5.42,4,3,0,7,1,0
84.79,51.42,5.57,0,0,1,0,1,1,0,5,1,1,47.16,19.78,2,2,0,2,0,1
63.73,51.9,6.67,0,2,1,1,4,1,0,2,1,3,92.75,56.93,1,0,2,4,0,0
78.69,70.09,7.11,4,2,0,1,4,0,0,4,1,3,49.35,82.82,4,1,2,8,1,0
75.11,65.55,8.37,5,2,1,0,2,0,1,4,1,1,54.32,43.59,5,1,0,10,1,0
96.21,56.13,9.15,2,0,0,0,2,1,0,4,1,0,55.45,33.1,4,5,1,10,0,1
53.57,59.17,9.63,6,1,0,1,5,1,0,2,0,2,55.24,83.59,1,2,5,10,1,1
77.61,79.07,7.45,6,2,1,1,1,0,1,5,0,2,24.63,75.9,1,1,0,5,0,1
61.04,71.94,6.05,3,1,1,1,5,0,0,1,1,3,89.55,17.05,1,4,3,10,0,0
53.44,51.34,7.71,6,0,0,1,2,1,0,2,1,2,33.21,91.55,2,3,5,2,1,0
65.61,72.96,7.17,3,0,0,1,5,1,0,5,0,0,20.73,97.71,5,2,3,5,0,1
82.64,70.0,8.45,6,2,0,1,5,0,1,1,1,1,74.18,39.62,2,5,4,8,0,0
80.73,82.28,8.61,6,2,0,1,2,0,0,4,0,2,34.41,19.79,2,1,3,7,1,0
92.41,58.0,6.21,4,2,1,1,5,0,0,5,1,2,71.18,24.17,3,5,5,0,0,0
74.76,87.11,9.73,6,0,0,1,4,0,1,4,1,3,31.88,21.51,5,5,0,10,1,1
60.88,91.35,6.78,1,1,0,1,3,1,0,0,0,0,14.83,5.66,1,0,2,8,0,0
83.19,52.74,8.65,0,0,1,1,2,1,1,5,0,2,59.35,25.37,4,1,2,8,0,0
57.46,77.84,5.29,3,1,0,0,3,1,0,2,0,2,34.57,47.9,5,4,6,0,0,0
68.51,90.7,8.12,2,0,1,0,1,0,1,0,0,2,28.91,17.45,4,5,5,5,1,1
74.49,56.14,6.33,1,1,0,0,2,0,0,0,0,0,88.51,10.09,4,3,2,5,1,1
52.65,92.08,9.01,1,1,0,0,4,0,1,4,0,2,60.99,46.86,1,3,6,1,0,0
65.41,50.24,9.75,6,1,1,0,2,0,1,1,0,0,29.69,16.61,5,1,1,5,1,0
78.92,98.34,9.86,3,0,0,1,1,0,0,4,1,3,38.77,52.35,1,3,5,3,1,0
53.43,57.7,6.06,6,2,1,0,2,0,0,4,1,0,39.61,71.69,3,5,3,9,0,1
80.05,51.48,6.65,1,1,0,1,1,0,1,0,1,0,96.76,96.82,3,3,1,3,1,1
64.61,93.88,9.67,0,2,1,0,2,0,0,1,1,0,50.33,18.09,4,1,2,4,0,0
51.22,91.1,5.06,1,1,1,1,4,0,1,5,1,1,42.92,18.15,1,1,2,9,0,1
57.85,85.91,5.74,1,1,0,0,2,1,0,2,0,3,27.62,59.4,3,5,1,9,1,0
81.5,75.72,6.93,5,0,0,1,5,0,1,1,1,3,57.66,22.84,4,0,4,3,0,1
79.53,62.7,6.69,3,1,1,0,3,0,0,4,0,0,46.75,31.27,3,0,4,5,0,1
90.86,75.6,5.57,1,2,0,0,4,0,1,4,0,2,93.44,5.38,3,2,3,5,0,0
51.79,86.68,9.11,6,2,0,0,4,1,1,4,0,0,55.07,48.94,5,5,3,9,0,1
95.53,78.59,9.09,6,0,0,0,2,1,0,5,1,2,23.94,0.77,5,3,4,1,1,0
69.8,64.22,8.78,5,1,1,1,3,0,0,5,0,0,15.83,5.09,5,3,3,0,0,0
58.4,82.86,6.05,1,0,0,1,3,1,1,1,0,0,1.26,85.31,4,4,1,1,1,0
88.09,84.75,5.84,2,0,1,1,5,1,1,5,1,2,89.17,51.31,1,2,5,10,0,0
71.03,77.57,8.72,1,2,0,0,2,1,1,5,1,1,44.77,92.99,5,5,5,3,0,0
78.98,59.93,6.86,4,1,1,0,2,1,0,0,1,1,33.42,42.02,3,0,0,7,0,0
94.9,98.2,5.66,6,0,1,1,5,0,1,0,0,2,85.63,60.09,3,1,0,1,0,0
61.89,64.39,9.38,0,0,1,0,4,0,1,3,0,1,14.7,52.58,1,1,5,3,0,1
82.56,66.05,8.26,0,2,1,0,3,0,1,1,1,3,69.67,61.83,1,3,6,4,0,1
58.96,69.58,5.28,6,2,0,1,1,0,0,4,1,1,90.19,8.83,1,1,0,9,1,0
62.38,73.89,8.41,3,2,1,1,3,0,0,2,1,1,11.49,16.65,2,2,6,7,0,0
83.42,98.36,8.98,4,0,1,0,1,0,0,4,0,2,97.71,68.89,2,4,6,1,1,0
66.36,64.76,8.7,1,2,1,1,4,1,0,0,1,0,67.65,55.38,4,5,3,3,1,1
60.91,52.52,7.7,4,2,0,1,1,1,0,2,0,2,87.34,40.58,4,3,6,10,0,1
67.9,62.15,8.83,1,1,0,1,4,0,0,4,1,2,56.27,75.73,2,4,6,4,0,0
62.63,87.99,7.66,6,0,0,0,1,1,0,4,1,2,3.44,75.39,2,2,1,4,0,0
88.7,66.33,9.08,0,2,1,0,2,0,1,3,0,1,82.79,95.83,1,5,2,0,1,0
75.39,64.03,6.22,1,1,0,0,5,1,0,3,1,2,64.35,99.91,4,2,6,5,1,1
84.6,54.0,7.56,3,0,0,1,2,1,1,1,0,2,68.98,80.67,3,4,2,8,1,1
80.39,85.97,7.87,6,1,1,1,3,0,0,0,0,3,48.76,89.41,4,4,6,0,0,1
56.96,67.58,8.67,0,0,1,0,1,0,0,5,1,3,63.15,36.4,1,1,5,3,0,0
50.82,99.1,8.44,0,1,0,0,3,1,0,1,0,1,1.84,15.52,3,4,0,5,1,1
76.29,76.4,5.69,6,0,1,0,1,0,0,1,0,1,84.83,15.01,5,0,2,10,0,0
60.03,84.49,7.36,4,1,0,0,5,1,1,0,0,0,95.88,75.75,2,0,3,10,1,1
85.13,77.99,7.03,2,2,1,1,1,0,1,5,1,2,44.25,12.68,3,5,6,3,1,0
93.28,79.0,9.41,0,1,1,0,5,0,0,5,0,3,71.46,99.1,4,2,4,4,1,0
55.93,81.06,5.41,1,2,0,1,1,0,0,4,1,0,54.03,35.42,2,3,2,7,1,1
63.33,79.01,5.6,5,2,0,1,3,1,1,4,1,1,74.32,65.25,5,5,3,8,0,0
84.86,63.66,6.09,3,0,0,0,3,0,0,5,0,1,78.59,46.43,2,4,5,10,0,1
61.73,90.46,7.91,0,2,0,0,1,1,0,1,0,0,86.14,79.55,1,4,0,1,1,0
69.17,63.09,7.37,1,0,0,0,2,1,1,0,0,0,98.63,87.87,3,5,4,8,1,1
85.71,60.88,7.79,4,0,1,1,1,1,1,2,1,3,34.92,57.18,1,5,2,7,1,0
90.99,88.96,9.08,0,0,1,1,2,0,0,3,0,2,69.54,2.55,1,1,4,3,0,1
96.14,74.47,6.12,2,2,0,0,4,1,0,0,1,0,69.21,44.18,4,3,2,9,1,0
72.57,88.89,7.68,5,1,1,1,2,0,1,0,0,1,11.11,92.99,1,3,4,2,0,1
56.58,83.51,9.71,6,0,0,1,2,0,0,2,1,2,5.82,92.09,5,1,0,4,0,1
97.58,58.97,6.96,3,0,1,1,1,0,1,0,0,0,13.84,81.45,5,3,3,0,1,1
68.79,54.87,6.38,2,0,1,0,4,1,1,1,0,3,81.59,27.99,1,2,0,10,1,0
68.61,85.85,7.97,1,0,0,0,2,1,0,1,0,1,0.62,12.78,3,5,3,6,0,1
61.53,78.69,7.09,4,0,1,0,1,1,1,0,0,2,42.67,26.97,5,5,5,4,1,1
82.22,96.63,7.36,3,1,0,1,3,0,1,0,0,0,51.24,98.22,5,1,4,2,0,0
89.42,53.81,6.47,0,2,1,0,4,0,0,0,1,1,39.5,55.05,2,0,1,10,0,1
56.94,69.88,5.73,0,0,1,1,1,1,0,3,1,2,5.21,45.67,3,4,0,7,1,0
95.16,72.63,6.88,3,1,1,1,1,1,1,2,0,3,54.18,91.93,1,1,3,3,1,0
51.81,89.31,8.95,2,0,0,1,2,0,1,4,0,1,36.48,53.14,3,2,5,3,0,0
71.23,94.51,8.17,0,2,1,1,2,1,0,5,0,2,69.16,47.38,1,5,0,3,0,0
70.58,73.12,5.09,3,1,1,0,4,0,0,3,1,1,87.48,88.52,1,5,6,5,0,0
93.22,99.6,8.89,0,2,0,1,2,1,1,4,0,3,89.17,26.88,4,3,5,6,0,0
98.95,50.95,7.28,0,2,1,0,3,1,0,1,0,2,30.99,27.31,2,1,1,5,0,1
61.9,60.65,5.55,3,0,1,1,2,0,1,5,0,0,94.44,30.34,2,5,6,7,0,0
53.35,63.85,9.68,0,2,0,1,5,0,1,0,1,0,4.56,30.92,5,2,6,4,0,0
95.69,60.56,6.34,1,1,0,1,5,1,0,0,1,3,64.62,44.21,1,4,0,5,1,0
68.87,80.96,5.3,3,1,0,0,5,1,1,5,0,0,43.77,70.9,2,4,1,8,0,1
71.2,76.02,8.0,5,0,0,0,4,1,1,0,1,0,47.73,72.51,1,3,5,8,0,0
52.71,51.96,7.28,6,2,0,1,2,1,1,3,1,3,68.85,8.76,3,0,6,8,1,1
51.24,83.6,7.9,0,1,0,0,1,1,1,4,1,2,78.05,26.67,5,5,3,1,1,1
97.48,89.41,6.6,5,0,1,1,2,1,0,3,0,0,57.46,59.61,3,1,0,2,1,1
80.75,96.01,5.19,6,2,1,0,3,0,1,0,1,3,50.99,95.02,4,5,3,8,1,0
79.53,58.47,5.25,0,0,1,1,3,1,1,1,1,1,40.64,60.69,3,2,5,2,1,0
63.64,53.91,7.79,6,0,0,0,1,0,0,3,1,1,19.51,39.45,2,1,5,7,0,1
61.46,55.87,6.79,3,2,0,0,3,0,1,5,1,3,81.3,43.31,2,5,4,2,1,1
57.35,67.32,9.74,0,1,0,1,2,0,1,2,0,1,77.68,14.78,3,5,2,3,0,1
67.7,59.85,7.54,5,0,0,1,4,1,0,2,0,0,8.26,29.92,2,4,0,3,0,1
59.46,90.29,9.76,4,2,1,1,3,0,1,3,0,0,91.39,83.61,3,0,3,6,1,0
69.7,68.84,8.94,1,2,1,1,2,0,0,1,1,1,50.54,43.08,1,4,3,0,0,0
72.1,70.07,9.15,2,1,0,1,3,0,0,1,1,0,97.28,68.22,4,5,3,8,1,0
84.77,64.0,5.83,5,1,0,0,1,1,0,2,1,3,14.22,53.65,1,3,1,1,0,1
73.16,85.72,9.45,2,2,0,1,4,1,1,1,1,0,64.72,68.12,1,0,0,3,0,1
61.36,78.86,7.01,6,1,1,1,2,1,0,1,1,1,52.14,97.64,3,5,0,7,1,1
71.77,75.73,7.86,1,2,1,0,5,0,1,4,0,0,88.74,32.65,1,0,4,5,0,1
69.84,74.79,9.17,0,2,0,0,4,1,0,1,1,0,65.57,46.43,2,0,4,3,0,0
58.91,55.09,8.22,6,2,0,0,5,0,1,5,0,0,99.44,76.75,5,5,4,4,0,0
88.17,81.28,5.75,4,2,1,0,5,0,1,4,0,2,37.67,73.14,5,2,1,7,0,0
98.07,84.62,7.16,6,1,1,1,2,1,1,2,1,2,96.24,84.35,5,2,0,8,1,0
77.28,75.76,9.26,5,2,1,0,2,0,1,1,0,2,24.65,75.77,2,3,4,2,0,0
60.54,72.76,9.99,3,0,1,0,3,0,1,1,1,3,65.22,62.19,4,0,1,0,0,1
54.41,58.21,8.03,2,1,0,0,1,1,1,1,0,3,24.5,76.07,3,0,3,8,0,1
72.66,68.11,9.74,1,0,1,1,5,0,0,2,1,2,38.23,75.89,4,5,4,1,1,1
65.13,77.36,6.85,0,1,0,0,4,0,1,4,1,0,73.83,49.26,5,4,1,7,1,1
67.96,78.58,9.87,0,1,1,1,1,1,1,1,0,3,19.14,91.92,5,0,1,10,1,1
80.07,90.48,9.98,4,2,0,1,4,1,1,0,0,0,36.57,27.35,2,1,1,10,1,1
93.58,84.71,5.52,6,2,0,0,3,0,0,3,0,3,85.22,3.54,1,0,3,9,0,1
83.8,57.27,6.43,6,0,1,1,1,0,0,2,0,2,16.56,89.95,4,0,6,3,1,1
50.21,85.17,9.36,5,1,0,0,2,1,0,4,0,0,28.82,76.07,1,3,3,6,1,0
69.59,65.05,9.42,3,0,0,0,5,1,0,0,0,0,17.13,26.08,3,2,6,7,1,0
73.04,75.36,9.24,5,2,1,1,2,0,1,3,0,0,51.41,87.49,3,1,2,10,1,0
64.25,61.48,5.07,6,1,0,1,2,1,0,5,0,3,42.68,38.11,3,2,3,10,0,1
96.71,93.18,7.81,0,1,0,1,3,1,1,4,1,0,72.74,98.21,4,5,3,3,0,1
58.0,72.76,5.26,5,2,0,1,4,1,1,1,0,0,11.32,24.2,4,2,4,9,0,0
74.59,99.18,7.96,4,0,0,1,4,0,0,5,1,3,51.91,4.63,2,5,5,1,1,1
85.5,58.43,8.03,0,1,0,1,2,1,1,3,1,3,88.93,94.6,2,0,2,1,1,1
87.25,55.88,9.61,3,0,0,0,2,0,0,4,1,1,63.72,28.02,1,0,5,0,1,1
86.27,67.17,8.35,6,2,0,0,3,1,1,4,1,3,38.75,88.99,4,0,5,8,0,0
59.38,77.84,6.47,1,2,1,1,2,0,0,1,0,1,96.25,42.46,5,5,3,2,0,0
95.45,60.05,5.77,0,1,0,0,3,0,1,0,1,0,0.73,56.35,1,0,1,9,1,0
93.06,90.77,7.98,2,0,1,0,3,1,0,3,1,2,19.7,75.98,2,3,0,8,1,0
52.78,96.58,5.75,4,2,1,1,2,1,0,1,1,0,76.81,26.88,3,4,5,4,1,1
55.35,90.52,5.37,4,0,1,1,5,1,1,0,0,2,38.7,7.79,5,2,3,5,0,0
64.39,51.99,6.13,1,2,1,1,2,0,0,4,0,3,45.13,75.55,3,0,2,6,0,0
70.11,65.29,9.69,0,1,1,1,5,0,1,5,0,2,59.63,14.99,2,4,6,5,1,1
52.14,68.46,6.45,0,0,0,0,5,0,0,0,0,0,79.1,97.27,5,3,5,9,1,0
78.94,95.2,8.07,3,2,0,0,1,1,0,0,1,0,32.37,9.87,4,2,5,3,0,0
62.66,69.69,6.31,2,2,1,0,1,0,1,1,1,0,52.09,96.6,2,0,6,2,0,0
63.62,97.41,5.59,6,2,0,0,4,1,1,5,0,3,96.47,9.08,3,3,3,7,1,0
99.52,58.66,8.27,5,2,1,1,4,1,0,0,1,3,17.0,38.08,4,4,2,9,1,0
61.61,98.13,9.27,5,1,1,1,4,0,0,2,0,0,46.96,90.24,5,5,6,1,1,1
72.57,59.0,7.28,6,2,1,1,4,1,0,4,1,1,58.4,98.57,2,5,0,5,1,1
52.31,60.78,5.31,5,1,1,0,4,0,1,4,0,1,38.15,75.22,5,2,0,1,1,0
54.15,88.26,7.88,4,1,0,0,2,1,1,5,1,3,47.19,86.74,2,1,5,3,0,0
71.34,55.19,6.01,3,2,0,1,4,0,0,4,0,1,30.12,54.61,3,5,4,4,0,1
82.02,68.55,9.85,3,1,0,0,2,0,1,3,0,1,98.06,34.16,3,4,6,9,1,1
95.87,99.23,6.08,6,0,1,0,4,1,0,0,0,1,26.6,54.75,3,3,2,6,1,1
72.61,82.49,8.6,4,0,1,0,4,1,1,4,0,2,91.41,16.75,1,2,2,5,0,1
54.8,80.55,9.52,6,0,1,0,3,0,1,0,1,1,24.59,60.74,1,0,6,4,1,0
58.15,50.88,9.41,2,1,1,1,1,1,1,3,1,0,97.9,59.6,5,2,3,3,1,0
56.2,86.16,9.27,1,2,0,0,1,0,1,4,1,3,98.17,24.58,3,3,0,9,1,0
63.5,83.61,6.55,0,1,0,1,1,0,1,2,0,0,28.8,2.0,4,4,3,1,1,1
95.23,53.52,8.69,0,0,0,1,4,1,0,2,1,1,26.82,6.3,3,4,5,9,1,0
70.49,87.26,8.14,0,1,1,0,2,0,0,3,1,3,59.28,1.34,3,5,5,7,1,1
56.42,88.07,7.6,4,1,0,1,1,1,0,5,0,3,13.42,68.03,1,3,3,0,1,0
91.44,82.26,5.21,3,0,0,1,1,1,0,0,0,2,31.96,10.21,4,5,1,2,0,0
56.7,53.01,5.6,1,0,1,0,2,1,1,2,0,3,91.57,63.31,3,3,5,6,1,0
90.91,52.55,8.04,2,2,1,0,2,1,1,1,1,0,0.96,94.75,1,1,4,4,0,1
92.11,75.71,8.76,6,0,0,0,3,1,1,3,0,3,64.63,68.33,1,5,2,1,1,0
86.42,59.58,6.53,4,0,0,0,5,1,1,4,0,2,32.22,65.29,5,5,1,2,1,0
58.02,63.4,9.25,4,1,1,0,4,1,1,4,1,2,55.16,5.27,5,2,2,9,1,1
71.05,84.76,5.43,1,0,1,1,1,0,1,4,0,0,77.13,97.69,4,2,3,9,1,1
78.83,79.83,7.57,2,2,1,0,3,1,0,0,0,3,20.96,54.43,3,0,6,6,0,0
63.35,59.96,9.15,0,2,0,1,4,1,0,3,1,1,56.91,83.17,4,1,4,9,0,1
79.82,80.41,9.04,2,1,1,0,5,0,0,5,1,2,43.8,55.76,1,4,1,4,0,1
74.1,78.29,9.72,2,2,1,0,5,1,1,1,0,0,49.07,9.82,2,1,6,3,0,1
95.75,85.58,8.84,6,1,1,0,5,1,1,4,1,3,64.98,65.46,1,2,4,1,0,1
86.82,75.19,8.17,3,0,0,0,5,0,1,2,1,1,85.82,65.52,2,4,5,7,1,0
57.08,55.33,6.72,1,1,1,0,5,0,1,4,1,3,80.2,12.19,4,4,4,0,0,0
66.03,78.96,7.58,4,0,1,0,4,0,1,5,1,2,0.14,39.83,1,5,1,8,0,0
81.05,73.52,7.02,3,0,0,1,4,0,1,1,0,2,92.43,36.08,3,2,5,2,1,1
74.49,54.36,6.62,4,0,1,1,2,0,1,5,1,1,2.44,59.45,3,0,1,2,1,1
66.22,55.55,6.06,4,1,0,0,1,0,1,0,0,0,18.97,2.68,5,0,0,6,0,1
97.3,58.5,8.1,0,1,1,0,2,0,0,5,1,0,76.48,65.9,4,0,1,0,0,0
76.19,77.86,6.43,3,2,1,0,1,0,1,2,0,2,3.3,29.35,4,5,3,1,1,0
65.68,75.33,8.19,4,2,0,1,3,0,0,1,1,0,47.56,80.86,3,2,5,8,0,1
94.57,74.1,8.54,6,1,1,0,1,0,0,5,1,1,79.23,57.11,2,4,4,1,0,1
54.27,91.85,5.52,3,2,0,1,2,1,1,1,1,0,97.48,92.81,1,0,3,4,1,1
86.78,91.25,7.97,2,1,1,0,3,1,1,2,1,2,47.03,81.6,2,4,3,5,1,0
55.27,89.45,5.35,0,0,0,1,4,0,1,2,1,0,39.63,53.24,1,3,5,10,0,0
81.05,94.11,7.7,5,1,0,0,5,0,0,4,0,3,38.16,73.06,4,1,3,6,1,1
93.0,57.99,9.46,1,1,0,0,5,1,0,1,1,2,4.39,54.93,4,3,3,4,1,0
89.71,50.11,5.28,2,0,1,1,4,1,0,0,0,2,93.67,80.33,5,2,2,2,0,1
56.71,95.53,6.89,5,2,0,1,3,0,1,3,1,1,25.65,98.66,3,0,0,0,0,1
73.46,57.51,9.08,0,1,0,1,5,0,1,4,1,3,8.55,5.47,2,5,0,4,0,0
52.5,68.19,9.41,5,2,1,0,3,1,0,4,0,1,33.02,54.1,5,4,4,7,0,1
65.14,92.02,8.17,0,0,0,1,3,1,0,5,0,2,38.98,86.32,4,0,4,3,1,0
96.71,62.95,8.61,1,0,1,0,3,0,1,5,1,3,25.29,45.72,4,5,4,4,1,1
54.62,86.01,7.59,1,1,0,0,4,1,1,5,0,1,67.56,4.01,3,4,4,9,0,1
52.44,75.33,9.66,4,0,0,1,2,1,0,1,0,2,87.42,73.73,1,3,0,3,1,0
93.13,86.46,9.04,1,0,1,1,2,1,1,0,0,1,88.29,65.13,5,4,3,1,1,0
53.39,60.57,5.39,2,0,1,1,5,1,1,4,1,1,70.68,60.36,4,4,0,7,1,0
95.65,55.75,8.33,2,1,0,1,3,1,0,0,0,3,36.13,74.32,1,2,4,0,0,1
71.74,61.54,9.32,5,1,1,0,3,1,0,1,0,0,39.7,25.74,1,0,3,1,0,1
63.46,85.55,6.56,5,1,1,1,4,1,0,4,0,2,65.51,32.1,2,2,4,0,0,0
56.73,63.82,7.7,1,2,1,0,3,1,1,5,0,2,22.14,60.57,1,5,0,5,0,0
61.55,94.28,9.9,3,2,1,0,3,0,1,3,0,3,67.2,76.54,4,2,2,3,1,1
80.39,71.27,5.69,4,2,1,0,2,0,1,2,1,3,7.42,83.03,2,0,3,8,0,0
55.02,62.57,8.44,2,2,0,1,5,1,1,1,1,2,72.15,94.45,4,5,4,2,1,1
74.2,79.78,7.21,0,1,1,1,3,1,0,1,0,2,0.1,55.91,4,1,5,4,1,0
95.16,85.67,7.59,0,1,1,0,1,1,1,0,1,3,66.8,44.08,4,2,0,0,1,0
80.63,84.29,9.1,2,1,1,0,2,0,1,2,0,3,37.92,52.98,1,1,6,2,0,1
82.3,75.94,7.69,1,0,1,1,2,1,1,5,1,2,43.16,39.86,1,3,4,2,0,0
57.5,77.98,8.51,6,2,1,0,2,1,0,3,1,2,57.01,62.64,4,1,3,9,1,0
78.51,81.02,6.7,2,0,0,1,3,1,0,2,1,0,19.89,63.26,3,3,2,7,0,0
72.04,95.78,5.43,6,2,1,0,3,0,0,4,1,0,78.86,9.9,4,3,5,10,0,1
51.82,76.5,7.09,5,0,0,1,3,0,0,0,1,2,65.74,25.81,2,1,4,1,1,1
68.61,54.91,6.12,5,0,1,0,2,1,0,0,0,0,4.24,22.43,5,3,4,6,0,1
79.51,80.23,8.88,5,1,1,0,2,0,1,1,0,0,93.66,22.52,1,2,4,3,1,0
99.84,70.17,7.24,0,2,0,1,4,0,1,0,0,0,32.11,7.04,3,1,4,1,1,0
57.56,81.92,7.29,2,0,0,1,4,0,0,5,1,1,67.06,44.86,3,2,0,0,0,1
75.51,98.49,7.87,4,1,0,1,3,1,0,3,1,1,80.51,67.81,1,4,5,6,0,0
64.15,53.54,7.14,0,2,0,1,2,1,1,0,1,2,22.57,17.07,5,1,5,6,1,1
98.1,72.56,8.25,3,2,0,0,1,0,0,1,0,2,21.48,71.49,3,2,2,1,1,1
74.63,97.97,5.0,1,2,1,1,1,1,1,2,0,0,16.36,28.14,2,1,4,9,1,1
90.58,72.79,5.72,4,1,0,0,4,0,0,3,1,3,74.76,35.24,3,0,0,0,0,0
91.42,78.45,7.94,2,0,1,0,4,1,1,0,0,2,28.58,80.14,2,3,2,9,1,0
50.63,73.26,9.2,1,0,1,1,1,1,0,1,0,2,97.93,73.58,5,2,4,3,0,0
68.68,85.32,8.97,1,1,0,0,3,1,0,3,1,0,3.99,93.63,2,3,1,5,1,1
53.75,53.61,8.61,6,2,1,1,4,1,0,3,0,3,68.21,14.54,5,0,0,4,1,1
54.09,52.35,9.83,1,2,0,0,5,1,0,1,0,1,40.72,85.89,1,3,6,8,0,0
97.33,64.05,8.06,0,2,0,0,2,1,0,5,1,3,48.66,76.85,1,1,6,9,1,1
85.62,86.95,7.4,4,1,1,0,5,0,0,2,0,0,7.52,59.54,3,1,6,2,1,1
87.58,51.13,5.54,0,0,1,1,1,0,1,3,0,1,30.02,34.93,4,4,2,0,1,1
88.42,88.1,5.57,2,0,1,1,5,0,1,3,1,1,63.28,85.51,1,4,5,2,0,1
51.28,83.1,8.05,5,1,0,0,2,0,0,3,0,1,5.49,42.66,4,1,4,5,0,0
89.37,51.34,5.76,0,1,0,0,3,1,0,4,1,3,83.68,91.2,2,0,2,1,0,0
91.95,73.09,5.27,1,2,1,0,3,1,1,1,1,0,58.15,74.63,2,4,6,3,0,0
58.48,75.96,6.55,1,0,1,0,1,0,0,1,1,2,76.89,77.8,1,4,1,1,0,0
98.12,66.31,7.02,1,1,0,0,1,0,1,0,1,0,96.73,25.93,3,3,3,1,0,0
74.86,75.94,8.3,2,0,0,0,2,1,0,3,0,0,86.7,28.25,2,0,2,4,0,1
87.64,72.58,9.07,5,0,1,1,5,0,0,0,0,2,27.74,56.26,5,1,0,1,1,1
56.72,63.89,7.01,0,1,1,0,1,0,0,3,0,0,78.94,33.45,5,0,0,6,0,0
85.69,50.94,9.0,0,0,0,1,3,0,0,4,1,0,81.34,2.34,4,1,6,2,1,1
93.37,69.87,5.82,2,1,0,0,1,1,0,0,1,1,45.42,74.07,2,4,5,5,0,1
70.69,71.01,5.73,3,2,0,0,2,1,1,3,1,1,83.04,59.17,3,0,3,5,0,1
78.66,75.3,5.67,2,1,1,1,2,1,0,4,1,3,27.79,27.0,2,5,6,2,0,1
98.61,83.57,6.17,2,0,1,0,4,0,1,5,0,0,40.54,0.85,4,3,4,6,1,0
63.25,65.07,7.91,2,0,0,0,3,0,0,3,1,3,20.5,72.58,5,1,6,0,1,0
75.31,85.82,9.84,0,1,0,0,4,1,0,1,0,2,52.17,60.55,2,3,1,5,1,0
52.37,75.99,6.19,0,2,0,1,1,0,0,2,1,1,46.55,60.88,1,1,1,5,1,0
61.38,54.06,7.09,6,2,0,0,5,1,0,2,0,3,60.15,24.37,5,2,1,1,0,1
80.96,99.05,9.33,0,1,1,0,1,0,1,5,1,3,95.2,18.72,1,5,6,9,1,1
60.24,94.54,6.02,0,1,0,1,2,0,0,5,0,1,96.0,69.17,4,5,1,7,0,0
56.52,88.37,5.65,6,0,1,0,4,0,0,1,0,3,40.61,61.62,1,4,0,0,1,0
97.58,72.76,8.6,5,1,1,0,3,1,0,1,1,1,31.56,74.4,2,2,2,4,0,1
76.08,80.46,7.77,1,2,0,1,2,0,0,0,0,1,55.18,32.65,1,0,1,5,1,1
89.24,73.15,7.72,0,1,1,0,2,0,1,0,0,3,75.42,50.77,1,3,0,6,1,0
71.11,65.33,8.87,6,2,1,0,1,1,0,1,1,3,49.93,76.12,3,3,2,9,1,0
87.67,50.11,7.15,3,0,0,0,1,0,0,0,0,0,9.7,93.53,4,4,5,1,1,1
71.18,55.73,8.56,3,0,1,1,3,1,0,3,0,1,55.44,71.19,3,2,0,3,1,1
86.3,85.02,7.73,4,2,0,1,1,1,0,0,1,2,35.07,73.16,2,0,5,1,1,0
78.08,64.66,8.19,6,1,1,0,4,1,1,5,0,2,18.45,2.18,1,5,2,9,1,1
80.35,71.03,6.83,2,0,0,0,4,0,1,1,1,0,6.8,59.87,5,3,0,0,1,1
73.12,99.07,8.99,6,1,1,0,1,1,0,3,0,2,54.5,64.93,2,0,0,9,0,0
69.52,54.53,5.21,3,0,1,1,3,1,1,4,1,0,30.65,22.77,2,3,2,6,1,0
81.61,87.71,6.16,5,0,1,0,2,1,1,2,0,2,89.92,13.5,2,1,4,3,1,1
62.62,79.68,8.92,6,1,0,1,5,1,1,0,1,3,74.72,4.54,4,0,4,2,0,0
83.51,70.65,9.49,3,0,0,0,5,0,0,3,0,3,20.31,47.99,2,4,0,1,0,1
69.95,76.93,8.81,0,2,0,0,5,1,1,5,1,0,87.46,6.19,4,1,1,8,1,1
79.64,59.57,9.8,0,0,1,1,3,1,0,3,1,3,29.1,67.84,5,0,6,5,1,0
98.97,65.72,9.08,5,2,1,0,5,0,0,0,1,2,92.02,97.69,5,0,4,7,0,1
54.99,63.54,7.93,6,0,0,0,2,0,0,3,1,2,83.1,49.78,4,4,1,5,0,1
80.95,86.98,5.72,0,1,1,0,3,1,1,1,0,2,82.4,55.35,1,2,4,2,1,1
62.52,66.87,7.35,3,0,0,1,4,0,0,4,1,3,60.42,17.54,4,4,6,1,1,0
74.96,64.29,6.85,0,0,1,0,4,1,0,5,1,2,90.03,49.01,5,4,6,3,0,0
69.29,82.15,5.05,6,0,1,1,2,0,0,1,1,1,53.98,1.71,4,3,4,5,1,0
69.14,65.44,8.35,0,0,0,0,2,1,1,4,1,2,66.6,63.59,4,5,1,1,1,1
72.14,88.1,5.76,4,0,1,0,5,1,1,4,1,1,39.51,83.1,5,3,2,5,0,0
92.92,85.17,8.93,1,2,1,1,4,0,0,3,1,0,2.33,87.55,1,1,6,6,0,1
90.14,99.16,9.52,2,1,1,0,3,0,1,5,0,1,61.3,45.31,3,1,1,8,1,1
91.86,53.29,9.4,2,0,0,0,3,1,1,4,1,3,6.92,25.01,5,4,4,0,1,1
86.8,52.02,7.64,5,2,1,1,5,1,0,2,0,1,63.67,47.94,5,2,3,10,1,0
64.58,97.76,9.8,2,2,0,0,2,0,0,2,1,3,70.81,85.69,4,5,1,10,0,0
55.44,50.95,6.71,3,2,0,0,2,1,1,1,1,3,96.26,68.53,4,3,0,5,1,1
76.2,77.02,9.98,1,2,0,0,4,0,1,5,1,0,19.82,73.09,4,3,5,7,1,1
55.76,83.54,7.66,0,2,0,0,5,0,1,5,1,2,74.76,82.3,5,1,3,6,1,1
73.76,65.59,6.13,2,0,1,0,5,1,0,2,1,0,45.63,85.76,5,3,3,8,1,0
74.71,61.25,8.5,4,2,0,0,3,0,0,2,0,2,49.36,31.28,5,5,0,6,0,1
94.1,76.92,9.52,1,0,1,1,1,0,0,4,0,1,94.16,25.97,5,0,5,5,0,1
73.08,89.91,7.13,3,0,0,0,4,0,1,1,0,2,73.46,75.8,2,3,4,8,1,0
74.25,55.33,5.22,0,0,1,1,3,0,0,5,0,0,75.82,70.05,3,1,6,4,0,1
57.11,63.8,5.29,6,2,0,1,5,1,1,5,0,0,69.54,18.64,4,0,4,0,1,1
76.7,91.85,7.79,5,0,0,0,1,0,1,5,1,2,39.26,97.54,4,4,3,3,0,0
99.3,53.4,5.3,0,2,1,0,4,0,0,3,1,0,28.41,72.71,3,3,2,5,1,1
87.99,66.2,8.34,1,0,1,0,4,0,1,1,1,1,58.94,47.59,3,2,1,5,0,0
75.6,74.84,8.0,1,1,0,0,5,1,0,2,1,1,54.43,63.97,1,0,3,8,1,0
75.34,65.67,7.12,5,0,1,0,4,0,0,0,0,0,73.94,60.12,5,3,6,8,1,1
71.46,81.25,8.44,2,0,1,0,4,0,0,4,1,1,82.35,5.8,2,5,0,6,0,1
57.49,74.22,7.04,0,1,0,1,4,1,1,5,0,3,4.55,56.52,2,3,0,3,1,0
64.84,77.21,9.62,5,0,0,1,4,1,0,2,0,2,87.19,65.81,4,4,5,1,1,0
56.44,84.65,7.71,1,0,1,1,1,1,0,1,0,0,73.42,40.58,3,5,0,5,1,0
60.82,86.44,5.32,3,0,1,1,5,0,1,2,0,0,42.23,13.87,4,4,5,9,0,1
99.95,65.13,9.28,5,0,1,0,3,1,1,5,0,0,51.54,42.1,3,3,6,5,0,1
52.42,84.73,8.84,0,1,1,1,2,0,0,5,1,2,32.88,24.27,4,4,3,8,0,0
52.72,60.25,5.72,2,0,0,0,1,0,0,2,0,0,95.39,8.38,3,5,2,10,0,0
59.38,66.17,6.55,4,1,1,1,5,1,1,2,0,2,31.34,73.62,3,1,6,8,1,0
50.69,99.37,6.83,3,0,1,0,5,1,1,3,1,0,79.12,25.48,3,1,3,8,0,1
72.81,79.55,7.95,6,0,0,1,1,0,0,1,0,1,7.73,0.6,2,4,1,1,0,1
80.0,96.91,8.96,2,0,0,0,3,0,1,1,1,0,72.42,18.29,1,4,1,6,0,0
66.58,59.72,7.26,5,0,1,1,2,0,0,0,1,3,80.07,86.15,2,5,3,8,1,0
87.88,62.59,5.47,5,0,0,1,4,1,1,1,0,0,0.69,56.33,4,5,2,9,1,1
84.64,76.9,6.77,0,0,1,0,5,0,1,0,0,3,93.96,3.95,5,5,0,7,1,1
74.77,84.22,6.68,1,1,1,0,3,0,1,0,0,1,37.17,7.1,3,2,1,8,0,1
76.3,61.45,7.36,6,2,1,0,5,1,0,2,0,2,23.11,63.08,5,2,1,2,1,0
96.05,55.62,5.08,5,1,0,0,1,0,0,0,1,3,35.98,9.96,4,0,0,10,1,0
67.68,65.01,7.55,2,1,1,1,3,0,0,1,1,2,99.7,7.22,2,4,0,8,0,1
56.69,72.02,8.75,4,0,0,0,5,1,0,0,1,3,34.99,69.88,1,4,3,0,1,1
55.42,73.02,7.72,6,0,0,0,3,0,1,4,0,3,50.65,96.41,5,5,2,7,1,1
86.59,80.03,9.95,0,2,1,1,2,0,1,0,1,3,41.66,52.15,5,3,6,10,0,1
67.83,65.69,7.26,3,1,1,0,4,0,1,2,1,0,22.72,24.81,3,5,3,1,0,1
84.59,91.67,6.94,3,0,0,0,5,0,0,4,1,3,17.17,14.47,1,3,6,10,1,0
86.96,53.66,9.65,0,1,0,0,2,0,1,5,1,2,43.34,45.19,1,2,2,10,1,1
59.34,90.93,8.95,2,1,1,0,4,0,1,2,0,2,16.41,95.99,5,2,3,8,1,1
73.13,72.77,6.0,3,1,0,0,2,0,1,5,0,2,31.92,81.9,3,4,3,3,0,0
54.43,52.66,6.79,4,0,0,0,1,1,1,5,0,3,62.09,54.28,3,3,1,7,1,0
63.03,63.42,7.96,0,0,1,0,4,1,1,3,1,3,22.23,52.09,1,2,2,9,0,1
51.14,77.49,8.89,2,0,0,1,2,0,1,2,0,1,65.49,16.5,3,1,5,1,0,1
97.31,67.34,7.58,6,1,0,0,3,1,1,3,1,2,63.62,47.63,1,0,5,8,0,0
72.65,86.07,9.87,3,1,0,0,5,0,0,2,0,1,79.07,45.66,4,3,3,10,0,0
58.32,50.21,7.38,4,2,1,0,1,1,1,0,1,3,75.24,93.71,1,3,4,9,0,0
55.49,93.24,5.66,4,2,0,1,4,1,0,5,1,3,21.48,21.54,1,3,2,9,1,1
95.88,53.27,7.15,0,2,1,1,1,0,0,0,1,2,92.18,85.84,5,2,0,4,0,0
71.09,90.43,8.21,0,1,1,0,5,0,0,5,0,1,69.74,92.3,2,4,4,5,1,1
94.28,64.73,6.12,4,2,1,0,3,1,1,2,1,2,78.12,26.23,5,5,1,0,1,0
61.82,92.45,8.69,2,2,0,0,1,0,0,5,1,0,50.28,45.94,5,4,4,9,1,0
60.72,54.71,8.4,6,0,1,1,2,0,0,0,0,1,58.84,93.81,1,3,3,5,1,0
74.74,81.1,6.8,3,0,1,1,1,1,1,0,1,3,73.27,63.39,2,3,2,0,1,0
73.78,65.45,9.84,1,0,0,1,4,1,1,5,0,1,1.12,47.28,2,4,5,5,1,0
75.46,77.0,9.81,3,1,1,1,4,0,1,3,1,1,41.51,22.69,3,5,0,8,1,1
50.26,96.76,9.06,4,2,1,1,3,0,0,2,1,1,45.69,37.29,2,3,0,1,1,0
61.85,60.92,5.97,0,2,0,0,2,0,0,1,0,2,50.88,23.71,1,1,5,1,1,1
90.95,88.11,6.43,5,1,1,0,1,1,1,1,1,2,39.79,22.21,5,0,4,7,1,1
92.79,54.22,6.96,4,0,1,1,1,1,0,5,0,0,61.48,7.7,5,0,2,3,1,1
59.54,79.61,5.87,5,2,0,0,4,0,1,3,1,1,75.95,45.79,3,3,4,0,1,1
80.86,60.07,9.84,5,0,0,1,4,1,0,5,1,3,77.14,70.83,3,2,0,0,0,1
90.29,96.25,5.81,5,2,0,1,3,1,1,1,1,1,1.67,87.54,5,0,6,4,1,0
83.71,55.87,8.25,3,2,0,0,5,0,0,0,1,0,85.7,38.22,1,1,4,2,1,0
73.58,73.75,9.87,4,2,0,0,1,1,1,5,0,3,79.05,34.93,3,5,0,7,1,0
55.91,78.62,7.45,3,2,0,0,1,1,1,5,0,3,66.25,87.06,1,1,0,3,1,0
83.67,67.94,8.9,3,2,1,0,5,0,1,4,0,3,35.38,6.01,3,4,3,2,1,0
60.29,56.38,5.46,2,1,1,1,5,0,1,5,0,0,47.63,85.56,1,2,0,6,1,0
54.62,89.97,7.37,5,0,1,0,1,0,1,5,1,2,83.17,82.04,4,4,0,6,0,1
68.62,81.32,9.59,3,1,0,1,5,1,0,1,0,2,3.2,69.57,1,2,1,2,1,0
55.96,61.15,6.74,4,1,0,0,1,1,0,5,1,3,98.42,52.0,1,0,4,6,0,0
96.6,97.9,8.02,4,2,0,0,2,0,0,2,1,1,34.44,67.15,2,4,5,0,0,1
63.31,60.63,5.3,4,0,0,0,3,0,1,2,0,3,37.22,2.88,1,3,2,1,0,1
69.09,57.8,9.62,5,0,0,1,5,1,1,1,1,3,60.76,98.82,3,4,1,10,0,0
96.68,75.31,7.62,5,0,0,0,4,0,1,4,0,1,36.97,7.0,1,0,2,7,0,0
55.36,66.18,6.27,0,0,0,1,3,1,0,5,1,1,57.12,28.08,3,2,6,2,0,0
60.12,67.77,7.47,2,1,1,0,3,0,0,3,1,3,73.33,96.87,2,3,2,3,0,0
62.73,92.84,5.15,5,2,0,0,3,0,0,3,0,0,63.22,34.14,3,4,1,4,1,1
97.48,73.34,7.84,1,1,0,1,2,0,0,4,0,0,33.32,2.36,5,0,3,2,0,0
76.86,61.8,7.06,6,1,1,0,4,0,1,1,0,2,80.39,41.87,3,5,5,3,1,0
62.1,88.55,5.33,4,2,0,1,1,1,0,2,0,1,2.38,76.88,4,3,6,9,0,0
98.18,65.91,7.62,0,1,1,1,5,0,0,0,0,3,98.71,64.15,4,2,6,1,1,0
75.97,60.97,7.55,4,2,1,1,5,1,0,5,0,1,92.29,73.37,5,4,2,8,0,0
82.03,54.17,9.18,3,0,1,1,2,1,0,2,0,2,22.96,40.5,3,4,4,2,1,0
52.77,82.04,9.7,6,0,1,1,1,0,1,3,1,0,65.98,65.86,3,5,3,0,1,0
82.57,71.45,8.64,4,0,0,0,1,1,1,0,0,3,44.12,14.55,3,2,4,7,1,0
53.67,59.37,8.19,4,0,0,1,5,1,1,2,1,0,91.29,52.79,3,2,1,0,0,0
83.84,91.67,8.87,1,1,0,1,3,0,0,3,0,3,22.28,82.23,3,0,1,10,0,1
85.03,76.5,5.95,6,0,0,1,2,0,0,3,0,1,93.09,76.16,1,3,0,4,0,1
83.97,68.09,8.16,4,1,1,1,2,0,0,5,0,2,57.2,41.71,2,0,5,3,1,0
84.88,98.07,6.36,4,1,1,1,5,1,0,2,1,1,98.4,35.3,2,1,4,4,1,1
51.57,69.32,8.92,3,2,1,1,3,1,0,5,1,3,95.53,92.26,4,3,2,6,1,1
93.7,59.31,8.68,4,1,0,0,4,0,0,1,1,3,67.16,20.41,2,3,4,1,1,1
89.52,78.57,8.05,5,1,0,1,5,1,0,4,0,3,31.76,10.32,4,3,5,8,0,0
89.41,74.8,9.8,1,2,1,1,4,1,1,4,1,0,53.02,40.32,5,5,4,1,0,1
94.17,78.71,6.41,2,1,0,0,4,0,1,1,0,1,82.41,48.83,5,5,5,7,1,0
67.94,83.47,9.92,3,0,1,0,4,1,0,5,1,0,55.98,14.02,5,0,1,0,0,0
63.68,94.07,7.48,5,1,1,0,1,1,1,1,1,2,67.31,66.44,4,3,5,9,1,1
62.6,88.26,5.49,4,2,0,0,5,1,0,1,1,1,9.55,39.57,5,4,2,3,0,0
69.97,52.67,9.61,5,2,0,1,2,0,1,5,1,0,1.51,56.72,4,1,6,10,1,0
80.85,77.27,6.49,0,2,1,1,3,1,0,5,0,2,14.17,33.49,1,5,1,0,1,0
67.65,52.04,9.15,6,1,1,0,3,1,1,2,1,3,24.7,26.39,5,0,6,8,1,1
69.83,51.65,7.12,6,0,0,1,4,1,0,1,0,0,0.85,45.22,4,5,0,0,0,1
89.02,71.75,6.9,0,0,0,0,5,0,0,2,0,1,41.15,50.73,1,0,5,6,0,1
52.88,68.88,9.38,4,2,1,1,3,0,1,0,1,2,79.99,94.32,1,5,1,0,0,0
74.73,82.72,6.45,2,0,1,0,3,0,1,3,0,2,33.11,8.18,2,5,4,8,0,1
96.3,66.89,9.68,0,1,0,0,5,1,0,0,0,0,60.74,36.85,4,1,2,5,0,0
52.1,61.58,9.23,1,0,0,0,4,1,0,5,1,0,5.77,68.85,5,1,6,3,1,0
73.33,99.0,6.99,5,0,0,1,4,0,1,1,0,1,10.96,48.35,2,1,3,8,0,1
89.2,86.66,9.26,3,1,1,0,1,0,1,3,1,0,95.75,44.39,3,4,0,0,0,0
95.81,70.37,9.57,6,2,0,0,5,0,1,1,1,2,52.47,89.31,4,4,4,0,0,0
79.42,67.21,9.02,3,2,0,1,2,0,0,5,1,0,98.53,4.85,3,0,6,3,0,0
65.23,73.4,5.58,3,0,0,1,5,0,1,0,0,3,66.08,50.45,3,5,2,10,1,0
91.42,67.97,7.81,2,2,1,0,3,0,1,3,0,3,91.07,26.71,4,0,6,4,0,1
83.46,67.74,5.74,6,0,1,1,4,1,1,5,0,3,70.23,56.29,2,4,1,5,1,0
65.14,69.33,5.48,6,1,0,0,5,1,0,5,1,0,34.24,48.1,1,3,2,3,0,1
68.46,77.35,7.27,1,1,0,0,5,1,0,3,0,2,76.59,60.79,3,3,0,2,1,0
54.85,52.75,9.35,1,2,0,1,2,0,0,4,1,2,43.37,22.79,2,1,2,2,0,0
97.26,76.91,5.23,6,1,0,0,3,1,1,5,1,2,25.45,67.77,1,0,2,9,1,0
81.34,99.41,8.72,5,1,0,0,3,1,0,5,1,3,15.38,43.91,4,4,5,9,1,0
90.15,57.34,6.24,5,2,1,0,4,0,1,3,0,0,44.3,67.85,3,5,2,6,0,0
64.02,68.18,9.44,4,2,0,1,1,1,1,2,1,2,29.63,72.43,5,0,4,3,1,1
88.03,95.89,8.83,6,0,1,0,2,1,1,3,1,0,38.76,92.36,2,2,4,2,0,0
74.65,82.79,5.82,3,1,0,1,4,0,0,3,1,0,31.2,86.76,5,2,3,6,0,0
74.8,83.38,6.1,1,0,1,0,4,1,0,0,1,1,65.43,39.88,2,1,0,9,0,1
56.94,96.71,6.33,3,2,1,0,2,1,0,0,1,2,68.75,86.73,2,2,6,6,0,0
75.69,89.97,9.84,6,2,0,1,4,1,0,5,1,0,66.6,43.47,4,4,3,3,1,1
80.87,53.15,8.58,5,2,0,0,3,1,1,5,0,2,56.29,27.75,3,2,1,4,1,1
51.33,70.01,8.23,6,0,1,0,1,1,1,4,1,0,98.8,90.08,5,0,0,4,0,1
50.62,53.03,6.66,4,2,0,0,2,0,1,1,0,2,89.78,44.3,3,4,4,7,1,1
75.68,61.75,9.64,0,1,0,1,4,1,1,0,1,0,95.54,32.75,1,3,5,5,1,1
68.35,92.84,7.04,6,1,0,0,3,1,1,1,1,0,62.63,20.32,2,0,2,6,0,0
77.34,57.19,6.07,3,0,0,1,1,0,0,1,1,0,23.14,51.07,1,3,4,6,1,0
73.06,51.84,6.56,2,2,1,0,4,0,0,5,1,0,4.02,8.29,3,2,6,7,1,0
60.63,64.04,7.6,6,0,1,0,1,1,1,4,0,3,22.16,90.72,3,1,4,8,1,1
96.83,88.7,9.97,4,0,1,1,5,1,0,5,0,1,13.59,65.23,5,1,6,5,1,0
75.22,98.88,5.65,2,0,0,0,5,0,1,1,1,3,76.24,97.8,2,0,0,7,1,1
88.32,58.7,5.47,2,2,1,0,5,1,0,1,0,3,37.55,6.5,1,4,3,8,0,0
57.67,90.72,5.63,4,0,1,1,1,1,0,4,1,1,91.16,8.09,5,0,5,9,1,1
86.85,76.1,8.74,0,2,0,0,5,1,0,1,1,0,55.78,41.47,3,1,3,2,0,1
91.58,82.19,9.5,5,2,1,0,4,1,0,4,1,1,48.5,27.76,3,4,5,7,0,0
96.8,72.71,5.77,5,1,1,0,2,0,1,4,1,1,31.62,4.35,4,2,4,5,0,1
53.46,61.08,9.16,0,1,0,1,5,1,1,0,1,0,16.73,71.68,4,0,6,7,0,1
84.87,85.29,9.11,5,0,0,1,3,0,1,5,1,1,8.35,49.93,4,4,3,8,1,0
60.45,50.15,5.89,1,1,1,1,3,0,0,0,1,1,1.37,22.81,5,5,3,4,0,1
97.56,70.34,9.92,6,2,0,1,2,1,1,5,0,1,87.28,78.33,3,3,1,7,0,0
95.53,58.5,5.24,4,0,0,1,1,1,0,1,1,0,51.38,2.39,1,5,2,9,1,0
97.23,79.49,6.07,3,1,1,1,4,0,0,0,1,3,39.22,21.43,1,1,2,2,0,0
90.14,75.95,9.23,3,0,1,0,5,1,0,1,0,3,41.01,38.54,3,5,2,9,0,0
86.62,94.18,8.83,5,0,1,1,4,1,0,5,1,0,54.93,36.92,1,5,1,1,1,0
97.77,74.73,8.32,1,0,0,1,1,0,1,1,1,1,60.77,99.1,2,2,6,3,0,1
69.68,63.24,9.47,6,0,0,0,4,1,0,0,0,1,34.33,36.56,2,2,5,3,1,1
70.81,74.4,8.34,6,0,1,1,4,1,1,4,1,0,90.7,74.93,3,2,3,0,1,0
63.81,57.75,8.15,6,0,0,1,2,0,0,2,0,0,26.52,17.67,5,3,5,7,0,1
92.21,55.93,5.19,2,0,0,1,3,0,1,5,1,1,77.17,75.45,4,4,0,4,1,0
62.3,96.35,8.13,1,0,0,1,5,1,1,0,1,3,20.72,84.84,2,1,5,2,1,0
67.14,94.44,8.2,4,1,0,1,3,1,1,4,0,2,56.23,51.8,1,0,0,5,1,1
83.95,68.17,6.21,1,2,1,0,5,0,1,0,1,0,41.79,55.39,4,1,3,8,0,1
79.69,64.38,6.45,2,1,1,0,1,0,0,4,0,1,18.78,83.54,5,4,1,7,0,0
53.91,98.9,9.06,5,0,1,0,5,0,1,2,0,1,76.27,19.83,1,4,2,1,1,0
99.66,96.92,5.59,4,1,0,1,2,0,1,0,1,3,72.61,39.51,4,1,5,10,1,1
85.34,81.56,5.76,0,0,0,1,2,0,0,1,1,1,0.54,27.51,3,5,5,8,0,1
61.43,75.53,5.13,4,1,0,1,3,1,1,0,1,3,43.52,24.94,5,5,4,9,0,0
93.96,56.83,8.22,1,0,1,0,4,0,0,3,1,3,26.14,88.52,5,0,2,8,1,0
57.94,59.88,6.73,3,0,1,1,1,1,1,5,0,0,67.5,1.46,1,2,3,1,1,1
81.74,84.03,8.25,3,2,1,0,2,1,1,5,0,2,45.82,58.35,3,5,0,9,1,1
74.67,67.94,8.61,5,1,0,1,2,1,0,2,1,1,98.42,36.32,2,3,5,4,1,0
71.91,52.01,9.97,0,1,0,1,4,1,0,4,1,3,96.0,41.6,3,0,5,7,0,0
86.35,91.75,8.45,2,0,0,0,1,0,1,1,0,1,20.44,34.64,1,4,2,6,1,0
62.94,54.91,5.88,5,1,1,1,3,0,1,4,0,0,54.79,77.56,5,3,0,6,0,0
82.21,86.73,5.05,2,1,1,0,4,1,0,5,1,3,90.92,17.8,1,5,2,10,0,1
64.92,68.29,8.93,0,0,1,1,1,0,0,2,1,3,19.58,23.64,4,2,5,10,0,1
86.59,94.84,5.69,0,1,0,1,5,0,1,4,0,1,71.42,81.51,2,4,4,6,1,0
71.14,68.29,6.05,6,0,1,1,3,0,1,2,0,2,10.56,2.01,1,1,1,9,1,0
78.18,97.64,9.23,3,2,0,0,2,1,1,5,1,2,59.87,54.98,1,4,6,6,0,1
76.5,68.96,5.54,5,2,1,0,5,0,0,3,0,3,64.31,14.58,5,3,0,4,0,0
70.28,57.08,9.2,3,1,1,1,4,1,1,5,0,1,58.91,53.37,2,0,1,3,1,1
85.09,71.59,8.92,6,1,0,0,5,1,1,1,0,1,17.0,83.19,5,2,2,6,1,0
69.32,95.01,9.49,5,0,1,1,1,0,0,3,0,1,70.62,3.09,3,0,3,0,1,1
79.58,72.9,9.45,2,2,1,1,4,1,1,3,0,3,24.35,73.73,2,2,6,4,1,0
63.09,71.35,9.68,1,0,1,0,4,0,0,0,1,1,72.29,4.46,2,2,6,7,0,0
57.12,81.21,9.47,5,2,1,0,4,0,0,5,0,0,35.69,47.31,1,4,5,2,1,1
92.45,94.21,7.14,0,1,0,0,4,0,1,5,0,1,63.21,36.2,1,2,2,4,0,1
63.01,80.73,7.98,2,2,0,0,4,1,0,0,1,0,30.87,14.28,4,5,5,7,1,0
83.23,95.33,6.3,3,1,1,1,2,1,0,3,0,1,63.91,1.68,1,4,0,3,0,0
93.68,85.75,5.68,1,1,0,1,2,0,1,0,0,3,27.59,51.85,3,3,3,10,0,1
92.05,75.39,9.97,1,0,1,0,2,1,1,3,1,0,11.23,1.55,1,3,4,10,1,1
72.07,80.03,9.97,3,0,0,1,5,0,1,5,1,2,12.66,95.71,3,0,6,9,0,0
87.52,66.13,6.51,2,2,0,1,3,1,0,0,0,2,95.82,92.02,3,5,1,2,0,0
77.24,76.63,6.01,0,0,0,1,3,1,0,1,0,2,69.96,85.04,3,1,6,0,1,0
94.24,54.83,9.97,4,2,0,0,2,1,0,4,0,1,16.37,2.99,5,3,2,1,1,0
79.65,62.3,9.68,4,0,1,0,3,1,1,5,0,2,86.93,24.75,4,3,4,1,0,0
54.42,79.34,7.32,4,0,0,1,5,1,1,0,0,1,74.18,37.61,3,0,2,2,0,1
57.54,73.07,9.27,1,2,1,0,3,0,1,2,0,3,50.99,44.64,4,5,1,1,0,0
84.77,89.76,5.28,0,2,0,1,1,1,0,5,0,2,95.24,10.82,5,2,5,8,1,1
80.91,53.85,7.17,4,1,1,1,2,0,0,2,0,0,71.09,88.68,5,5,4,4,0,1
79.52,87.19,8.36,5,0,0,1,2,0,1,1,1,1,55.21,98.71,5,0,2,7,1,0
81.81,92.51,7.46,1,2,0,0,1,1,0,2,1,3,70.69,3.22,4,5,6,7,0,1
86.59,65.12,7.78,4,2,1,0,1,1,0,5,1,1,34.38,52.08,2,2,4,5,0,0
80.33,67.83,8.67,3,2,0,1,2,1,0,2,1,2,98.54,10.72,2,1,1,10,0,0
53.36,98.07,6.59,0,1,0,0,3,1,0,1,1,1,56.63,19.18,1,4,0,1,0,0
81.5,84.07,7.11,5,2,1,1,5,1,1,2,0,0,44.93,60.88,5,5,3,8,0,1
59.95,95.53,7.44,4,2,1,0,2,1,0,1,1,1,76.66,24.77,2,3,1,5,0,1
62.46,90.93,5.6,2,2,0,1,5,0,0,2,0,0,53.51,28.51,2,4,6,6,1,1
84.39,78.32,9.27,0,1,0,1,5,0,1,1,0,3,76.53,60.06,1,0,3,8,0,0
59.18,81.43,9.74,2,0,1,0,3,1,1,1,1,1,8.33,25.6,5,3,6,5,0,1
52.35,56.62,8.03,2,0,1,1,5,0,0,2,1,0,84.02,43.37,3,0,3,3,1,0
94.29,96.82,7.78,4,0,1,0,3,0,1,3,0,3,51.43,10.14,2,3,2,5,0,0
53.12,93.38,6.33,3,2,1,0,5,0,0,3,0,0,8.7,54.7,5,5,5,10,1,1
81.32,93.72,8.36,3,2,1,0,5,0,0,5,1,2,71.84,12.83,5,0,3,7,1,0
82.85,92.97,5.99,2,1,1,0,5,0,1,1,1,1,38.5,82.14,5,3,4,0,0,0
99.29,56.43,9.08,2,1,0,0,4,0,0,0,0,3,4.13,39.26,3,4,3,6,0,0
97.02,88.22,7.93,5,0,1,1,4,0,0,5,0,0,85.49,65.43,3,3,3,0,0,0
79.39,66.03,7.3,1,0,1,1,1,1,1,4,1,2,63.93,4.8,5,3,6,2,1,1
80.02,55.31,8.62,4,0,1,0,3,0,0,1,0,1,98.96,98.83,5,3,4,7,0,1
70.77,50.45,9.75,4,0,0,1,5,0,0,4,0,3,27.97,58.94,3,3,2,3,1,1
76.03,90.61,8.12,3,2,0,0,3,0,0,1,0,0,54.57,34.56,5,4,5,4,1,1
79.27,53.0,8.11,5,1,1,1,4,1,0,5,0,2,47.72,91.68,3,0,4,4,1,1
98.32,77.98,6.84,5,2,0,1,1,0,0,4,1,1,26.96,25.41,3,3,2,6,1,1
53.96,91.58,8.6,4,0,1,0,4,0,1,4,1,3,8.09,2.83,1,5,2,0,1,1
95.87,53.86,8.98,0,0,1,1,2,0,1,3,0,2,20.52,49.95,2,1,1,5,0,1
71.6,58.91,5.14,2,1,1,1,2,1,1,2,0,2,95.98,43.25,3,2,2,4,1,1
97.7,99.65,8.72,1,2,0,0,2,1,0,0,0,2,48.11,55.8,2,3,5,2,0,0
68.22,70.86,6.23,3,0,0,0,4,0,1,1,0,2,15.28,93.25,3,0,6,2,0,0
93.27,56.9,5.83,6,1,0,1,2,0,0,5,1,0,91.15,80.26,5,2,2,9,1,0
72.91,53.92,5.18,0,1,0,1,2,0,1,4,0,0,51.45,4.61,2,0,0,2,1,1
70.86,98.44,6.74,3,0,1,0,4,1,1,2,0,0,49.49,91.65,3,0,1,7,1,1
69.17,97.31,7.0,4,2,0,1,5,1,1,4,0,2,1.1,55.64,4,0,3,1,0,0
94.67,50.09,6.33,5,1,0,1,4,0,1,5,1,0,98.75,40.91,4,4,1,3,0,1
81.29,67.98,5.55,0,1,1,0,3,1,0,3,1,2,79.26,82.05,2,0,5,9,1,1
90.53,63.66,6.41,6,0,1,0,1,0,1,1,0,1,6.52,52.78,4,5,1,7,1,0
62.8,79.41,7.48,1,2,0,0,4,0,1,4,1,0,38.27,78.91,1,5,3,9,0,1
90.54,54.83,8.2,5,2,1,0,2,1,0,3,0,1,4.78,23.05,1,0,3,3,0,1
61.04,85.03,5.19,3,1,0,1,4,1,0,5,1,2,88.16,58.06,3,2,6,2,1,0
74.41,64.67,5.14,3,0,1,0,3,1,0,5,1,2,79.29,20.21,5,0,5,7,0,0
65.28,89.37,5.42,0,0,1,0,3,0,0,0,1,1,93.92,88.13,2,3,0,0,1,0
91.62,77.28,9.64,3,2,0,0,1,1,0,1,1,2,95.12,70.53,2,3,6,7,0,1
85.24,88.12,9.57,4,0,0,1,3,0,1,2,0,0,38.06,80.49,4,1,1,0,1,1
56.77,90.15,7.17,3,1,0,0,1,1,0,0,0,0,13.95,55.06,5,3,0,4,0,1
55.21,81.07,9.44,6,0,0,0,1,0,0,1,0,3,94.52,5.24,4,1,6,5,0,0
76.58,92.47,9.52,5,2,1,0,2,0,1,0,0,1,14.98,32.08,1,5,2,9,1,1
69.54,55.91,9.66,5,2,1,1,1,1,1,5,0,1,79.15,79.55,5,2,3,7,1,0
98.27,56.74,5.72,0,2,1,1,1,1,0,2,0,3,31.19,72.38,4,2,5,8,0,0
90.57,72.92,6.09,1,0,0,1,1,1,0,4,0,0,66.51,3.05,2,1,6,10,1,0
58.79,97.81,7.64,3,0,1,0,3,1,1,4,1,3,23.3,18.32,3,3,3,7,0,0
52.29,96.07,9.76,0,1,0,0,2,1,1,3,0,1,28.92,92.21,4,3,1,3,1,0
77.85,74.18,6.14,6,0,1,0,1,1,1,0,1,3,0.1,51.77,3,2,1,10,1,1
99.59,93.51,5.25,0,2,0,0,3,0,0,0,1,2,60.7,88.52,4,2,6,4,1,0
89.82,82.41,9.06,0,1,0,0,2,0,1,4,1,1,62.45,98.81,2,5,1,5,1,1
58.66,72.96,9.02,3,0,0,0,1,1,1,0,1,2,79.13,13.38,3,3,2,10,0,0
64.37,98.22,9.71,0,0,0,0,3,0,0,5,0,1,75.52,60.56,3,0,4,10,1,1
99.91,50.93,6.95,0,1,1,1,3,0,1,2,1,0,47.18,58.92,2,0,2,9,0,0
92.73,98.55,6.76,6,0,1,1,4,1,0,2,1,2,31.99,24.83,4,0,4,4,1,0
54.16,61.42,6.72,2,2,1,1,4,0,1,4,1,3,3.36,54.28,2,0,4,7,1,0
83.82,51.58,9.68,2,1,1,0,5,0,1,1,0,0,99.04,15.99,5,1,3,7,1,1
72.22,83.03,9.03,6,0,0,0,3,0,1,4,0,2,91.45,21.68,1,5,5,9,1,1
52.3,99.0,5.87,5,2,1,0,1,0,1,1,0,3,42.6,24.35,5,0,2,5,1,1
88.61,58.83,9.84,6,2,1,0,2,1,1,3,1,1,5.62,5.63,4,0,6,1,1,0
66.78,73.99,5.74,1,0,0,1,5,1,0,2,0,2,26.67,0.97,4,0,0,1,0,0
55.12,59.37,7.57,5,0,0,1,2,0,1,0,0,1,58.43,47.82,3,4,5,4,0,1
98.87,90.23,7.93,6,2,1,1,1,0,1,1,0,1,30.16,8.41,4,5,2,5,1,1
52.91,99.19,8.11,5,2,0,0,2,1,1,2,0,3,27.67,82.86,3,3,3,8,0,1
65.83,53.4,8.7,0,1,0,0,3,1,1,1,1,3,76.48,35.6,3,0,4,0,1,0
88.59,88.55,7.6,1,0,0,1,5,0,0,1,0,3,32.96,5.17,1,5,5,2,1,1
75.13,60.41,6.43,1,1,0,0,2,1,0,3,0,1,1.22,42.86,3,1,2,0,1,1
89.07,77.98,9.78,4,2,1,0,5,0,0,2,1,3,18.51,42.03,2,3,4,1,0,0
99.91,76.49,8.17,2,1,0,1,3,1,1,5,1,3,84.67,59.12,5,1,0,7,0,0
56.14,86.58,6.84,6,2,1,0,5,1,1,5,1,2,1.24,9.28,4,3,1,7,1,0
95.29,98.6,7.22,3,0,0,1,1,1,1,5,1,1,29.87,88.42,1,5,4,0,1,1
73.71,52.96,7.4,4,0,0,0,2,1,1,0,0,3,59.68,94.83,3,1,1,6,1,1
76.05,82.21,5.01,6,2,0,0,3,1,0,3,1,3,37.36,68.17,5,5,3,10,0,0
83.61,50.18,6.11,5,2,0,0,2,1,1,5,0,3,37.49,92.37,1,2,4,8,0,1
99.39,80.77,8.74,2,1,1,0,3,0,1,2,1,2,7.45,21.25,3,2,6,9,1,1
91.75,70.27,7.87,6,1,0,0,5,0,1,2,0,3,46.89,66.87,2,1,3,7,0,0
75.89,82.96,6.84,1,0,1,1,2,0,1,1,0,3,58.08,18.88,5,1,1,9,0,0
58.52,68.7,5.65,3,1,0,0,5,0,0,4,0,1,75.62,50.29,4,2,2,9,0,0
61.79,94.74,9.75,2,1,1,0,4,1,1,0,0,2,14.44,88.02,4,2,3,10,1,0
57.78,81.93,6.2,2,1,0,0,3,1,0,5,1,3,72.88,69.95,5,0,1,6,1,1
94.65,88.72,9.12,1,0,1,1,1,1,0,0,1,2,61.37,58.81,5,3,1,0,1,1
97.33,77.56,5.6,2,1,0,0,5,0,1,4,0,2,10.07,90.89,3,2,2,1,1,1
74.16,61.62,5.63,5,1,0,1,1,0,1,4,1,0,7.16,94.05,5,0,2,6,1,1
69.19,50.66,7.87,0,2,1,1,4,1,1,0,0,1,98.26,18.69,3,1,6,10,1,1
92.96,83.35,5.43,2,0,0,0,3,0,1,2,1,2,80.49,89.22,4,2,3,6,1,1
71.36,89.99,8.97,6,0,0,0,1,0,0,2,0,2,4.35,52.47,4,2,2,8,0,0
66.59,79.97,8.42,0,0,1,0,5,1,0,5,0,3,91.8,64.86,5,0,3,2,0,1
69.72,57.28,6.37,2,1,0,1,5,0,0,3,1,2,45.76,61.39,4,5,6,9,1,1
65.61,88.9,6.05,1,1,0,1,3,0,1,4,1,0,50.3,21.46,1,3,6,8,0,1
55.62,90.66,7.37,3,2,1,1,5,0,1,3,0,0,84.31,17.87,2,3,5,8,1,1
95.22,67.15,5.02,3,2,0,0,3,0,0,1,0,3,87.19,70.98,3,2,6,5,0,1
91.69,90.88,5.56,0,0,1,1,5,1,1,4,1,3,66.42,78.05,1,3,1,1,1,1
75.2,58.78,9.72,6,2,0,1,3,0,1,4,1,2,79.69,88.62,3,4,6,3,0,1
56.24,97.74,5.56,5,2,1,1,1,0,1,2,1,2,48.22,48.15,1,3,5,4,0,0
88.86,81.14,8.57,4,1,1,0,3,0,0,5,0,3,23.86,52.43,2,4,1,7,0,1
66.2,72.1,7.4,5,2,1,1,3,0,0,0,0,0,4.78,99.17,2,5,6,4,0,0
72.79,86.72,8.97,0,2,1,1,4,1,0,3,0,3,49.28,25.0,5,1,3,4,0,1
55.23,53.25,8.96,4,1,1,1,3,1,1,4,0,3,90.55,22.49,3,5,5,5,1,0
83.36,80.44,9.12,0,1,1,0,5,1,0,4,0,3,21.97,95.58,5,4,2,7,1,1
85.17,57.83,8.91,6,1,0,1,2,1,0,4,0,3,89.34,25.97,3,1,4,1,1,0
89.02,76.27,9.06,1,0,1,1,2,1,1,4,0,1,60.49,77.26,4,3,0,10,1,0
58.04,51.66,5.76,0,2,1,0,1,1,0,3,0,2,61.25,52.38,1,2,0,10,0,0
76.52,86.61,9.67,0,1,1,0,3,1,0,3,1,1,1.11,70.93,4,5,0,1,0,0
77.69,86.74,5.58,0,1,0,0,5,1,0,0,0,3,46.65,66.08,5,3,1,5,1,1
57.87,79.85,5.04,3,1,1,1,2,0,0,2,1,1,79.97,92.38,4,3,3,9,1,0
91.23,60.65,8.82,2,2,0,1,2,0,0,3,0,3,29.86,68.01,1,3,3,0,0,1
59.47,83.6,9.1,3,2,1,1,5,0,1,4,1,1,91.7,80.94,5,5,5,6,1,0
67.14,88.19,5.15,3,1,1,1,1,0,1,0,1,0,19.05,51.35,4,0,1,6,1,1
70.61,85.26,7.69,0,1,0,1,4,1,0,0,1,1,87.0,64.61,2,3,2,8,1,0
84.68,81.94,7.01,1,1,0,1,3,0,1,5,1,1,50.49,56.49,1,2,6,7,1,1
98.94,78.92,5.32,1,2,1,0,4,0,0,2,1,2,9.49,10.77,3,1,4,8,0,0
94.53,64.09,7.68,3,1,0,1,3,0,0,5,0,3,37.69,84.65,3,3,3,7,0,1
64.97,57.1,10.0,1,0,0,0,1,1,1,0,0,2,48.67,63.48,4,5,1,6,1,0
61.3,90.82,9.59,5,0,0,0,2,1,0,0,0,2,76.68,92.9,2,1,1,6,0,0
90.37,69.75,7.61,0,2,1,1,5,1,1,5,0,0,46.82,35.66,5,0,5,8,0,0
80.43,56.48,6.25,2,2,1,1,1,1,0,5,0,3,31.23,75.92,3,5,1,2,0,0
53.0,86.9,8.27,1,1,1,1,5,1,0,4,1,0,17.47,36.81,5,2,0,2,0,1
82.09,94.38,5.95,4,1,1,0,2,0,0,3,0,0,58.24,11.21,2,2,4,1,0,0
93.45,77.41,6.65,3,2,0,0,2,0,1,4,1,1,13.43,67.05,1,0,2,7,1,0
87.15,82.91,7.08,4,0,0,0,1,0,0,4,1,2,86.65,94.6,5,4,1,0,1,0
57.78,54.86,6.3,4,1,0,0,4,1,0,3,0,3,89.58,56.29,2,5,2,7,1,0
69.02,79.18,8.58,0,0,0,1,4,1,0,2,0,2,86.93,42.11,2,1,4,7,1,1
76.37,60.0,7.17,0,1,0,0,4,1,0,3,0,1,0.52,21.46,5,1,4,5,0,0
77.35,65.56,8.15,3,1,1,0,5,1,0,4,0,3,68.63,5.7,5,2,2,10,1,0
57.58,57.79,9.62,2,1,0,0,1,1,1,2,1,0,47.44,54.26,1,3,0,9,0,1
91.86,54.26,8.83,6,0,1,0,3,0,1,0,1,3,33.04,30.12,1,0,2,3,0,0
53.13,81.55,6.8,3,0,0,0,1,0,1,0,0,0,98.21,8.19,4,4,6,8,0,1
52.91,59.75,5.98,1,0,0,1,2,0,0,0,0,3,13.03,61.74,1,1,6,6,1,1
57.32,98.15,7.71,3,2,1,1,1,0,0,1,1,2,26.4,81.7,4,1,4,6,1,1
74.76,84.92,7.57,4,1,0,0,2,0,1,4,0,3,20.67,3.7,1,5,1,1,0,0
54.65,60.37,9.03,5,0,0,0,1,1,1,1,0,1,92.13,73.89,1,4,0,8,1,0
85.95,82.46,7.76,2,1,0,0,5,0,1,1,0,2,48.77,2.7,4,4,5,6,0,1
96.87,88.97,8.38,3,2,1,1,4,0,1,4,0,2,21.61,46.78,4,2,0,3,0,0
50.08,98.73,5.33,5,0,1,1,1,1,0,0,0,3,68.57,39.04,5,1,2,7,0,0
68.73,79.66,5.99,0,0,0,0,4,0,0,0,0,0,34.91,22.21,2,2,0,5,1,0
81.87,55.71,6.08,5,1,1,1,4,0,1,4,0,3,42.56,82.56,4,4,5,8,0,0
97.45,94.58,5.44,1,0,1,1,5,1,0,3,0,0,34.88,56.65,3,5,1,1,1,1
93.72,98.69,5.42,0,2,1,1,3,1,1,2,0,3,69.0,63.32,1,4,5,9,0,0
84.08,70.18,5.09,2,0,1,1,5,1,1,3,0,0,6.7,88.61,5,1,6,2,1,0
64.55,96.74,8.69,4,2,0,1,3,0,1,2,0,3,12.6,93.18,1,2,3,2,1,1
69.7,82.01,6.87,4,0,0,1,5,0,1,4,0,3,37.07,56.13,1,5,1,3,1,1
97.69,76.02,7.81,1,1,0,0,2,0,0,1,0,2,67.77,65.08,2,2,5,1,1,0
71.1,97.77,9.15,6,0,0,0,4,1,0,4,1,0,15.5,96.26,2,5,3,3,1,1
90.11,73.27,9.46,3,1,1,1,2,0,1,3,1,3,49.75,61.32,2,1,6,3,0,1
62.66,90.13,7.99,4,1,1,0,5,1,1,1,1,2,35.27,86.77,4,4,1,1,1,1
60.26,96.53,9.2,0,0,0,0,4,1,1,2,0,0,22.18,99.52,4,1,5,5,0,0
70.3,72.24,6.66,3,1,0,0,1,0,0,5,0,1,47.7,12.4,1,1,5,1,0,0
89.99,68.05,8.23,1,1,0,1,1,0,1,5,1,1,54.02,99.35,4,0,1,9,0,0
86.71,74.16,6.03,4,0,0,1,1,1,1,2,0,0,10.23,13.49,1,2,4,8,1,0
67.52,61.1,5.64,1,0,1,1,5,1,1,3,1,2,66.81,81.05,2,2,2,0,1,0
96.9,74.41,8.77,2,1,1,1,1,0,0,3,0,1,34.45,64.63,2,2,1,6,0,1
88.05,86.68,7.71,5,1,0,1,4,0,0,1,1,1,62.66,63.95,2,0,4,3,1,1
64.93,71.48,5.88,0,2,0,0,4,1,0,1,1,3,51.76,75.34,3,3,4,8,1,1
97.63,91.95,9.01,0,1,1,0,5,1,1,4,1,3,52.85,3.23,4,3,0,2,1,1
83.12,76.3,9.99,4,1,1,1,2,0,1,2,1,1,85.96,35.23,1,3,3,10,1,1
70.54,88.2,6.05,1,1,0,0,1,1,0,5,0,0,95.57,28.03,4,5,0,7,0,0
89.0,81.82,5.81,2,1,0,1,5,1,1,0,0,3,53.46,87.38,2,4,6,2,0,0
60.06,87.8,6.94,2,0,1,1,4,1,1,2,0,3,35.44,91.94,4,2,3,5,1,1
86.98,85.15,9.41,6,0,1,1,5,1,1,3,1,0,56.12,54.15,5,1,1,6,0,0
73.34,72.19,8.9,4,2,0,0,1,1,0,1,0,2,96.04,50.91,2,3,5,8,1,1
55.78,91.45,6.0,5,1,0,0,5,1,1,3,0,1,75.92,2.02,5,4,0,7,1,0
80.81,61.69,6.36,1,1,0,0,2,1,0,1,1,0,60.12,90.31,1,2,1,4,0,0
85.17,68.51,6.25,0,2,0,1,2,1,0,0,0,1,37.76,7.15,2,0,0,6,1,0
94.56,72.71,6.69,0,1,0,1,5,0,0,1,0,3,32.18,34.24,5,4,1,8,1,1
99.11,97.85,6.59,3,0,1,0,4,0,1,0,0,3,49.82,70.52,1,4,4,2,1,0
65.13,94.53,5.89,4,1,0,0,2,1,1,4,1,1,79.15,50.87,5,3,6,1,0,1
72.66,69.02,9.27,6,1,1,0,4,0,1,5,1,3,1.03,1.36,4,3,4,3,1,0
74.88,76.88,7.98,0,0,0,1,4,0,1,4,0,0,27.59,80.6,2,5,4,0,1,0
53.86,87.82,8.77,4,2,1,1,3,0,1,5,1,3,67.68,12.25,2,4,2,7,0,0
53.66,81.17,9.67,5,0,1,0,4,1,1,1,0,0,11.95,90.24,3,1,2,2,1,1
71.06,67.98,8.1,1,0,1,1,2,0,0,5,0,0,0.82,8.79,5,3,6,10,0,0
62.82,87.46,8.48,6,2,1,1,5,1,0,2,1,0,32.14,69.64,5,3,2,4,1,0
55.95,54.44,9.69,4,0,1,1,5,1,0,1,0,1,90.35,44.82,5,0,3,5,0,1
54.05,86.27,6.19,6,0,0,1,2,0,0,3,0,0,3.63,19.57,2,5,5,0,1,0
90.31,69.09,6.92,5,1,1,1,4,1,1,1,0,3,83.75,45.72,4,4,5,2,1,0
56.1,73.12,7.57,6,1,0,1,4,1,1,5,1,1,55.51,35.59,2,3,0,5,1,1
72.98,71.33,7.87,2,0,1,0,3,0,1,3,0,0,93.83,99.56,3,4,2,9,0,0
67.19,99.16,5.95,6,0,0,0,5,0,1,5,1,1,40.08,86.2,4,3,5,4,1,0
90.3,91.89,7.15,4,0,1,0,1,0,1,0,1,0,99.1,47.17,1,4,4,4,0,0
84.19,88.69,5.33,3,0,0,1,2,1,1,2,1,3,85.09,49.32,4,1,0,5,0,0
78.61,87.5,5.17,1,2,1,0,3,1,1,1,1,2,2.86,27.63,5,3,5,7,1,1
85.58,92.88,6.23,1,2,1,0,3,1,0,3,0,2,74.91,45.32,5,0,2,1,1,0
66.21,54.92,8.69,6,0,1,1,2,1,1,1,1,3,29.97,87.36,5,4,3,8,1,0
70.17,68.64,9.27,0,0,1,0,5,0,0,2,1,2,30.88,52.74,2,0,3,1,1,0
83.66,96.09,5.25,4,1,0,0,3,0,1,4,1,3,60.8,18.85,5,0,2,10,0,0
74.5,83.65,6.1,3,0,0,0,5,1,0,5,1,3,90.62,63.53,3,3,4,4,0,1
65.05,92.58,9.33,1,1,1,1,2,0,1,2,1,0,32.36,28.25,1,4,0,1,1,0
59.13,60.32,5.31,6,0,0,1,5,0,0,3,0,2,32.14,9.98,2,4,1,9,0,1
62.52,67.29,7.08,0,1,1,0,4,1,0,5,0,3,32.01,98.92,3,0,6,2,0,0
55.3,77.64,8.83,4,1,1,1,3,0,1,2,1,2,88.47,45.52,5,5,3,6,1,0
90.34,87.24,8.31,2,1,0,0,4,0,0,4,1,2,10.9,68.17,3,4,0,3,0,1
96.13,71.14,9.67,0,1,1,1,5,1,1,0,0,3,96.23,58.62,5,2,1,10,1,1
58.48,70.95,9.8,4,1,1,0,4,1,0,3,1,1,67.91,10.08,1,4,2,5,0,0
92.4,64.31,6.0,5,1,0,0,1,1,1,5,1,3,81.05,10.41,4,4,6,2,1,1
50.23,66.85,7.78,5,1,0,1,2,1,1,1,1,2,9.35,37.33,1,2,1,8,0,0
67.67,82.59,5.49,3,0,1,1,1,1,1,4,0,3,16.81,94.29,3,3,0,1,0,1
84.01,66.66,8.6,2,0,0,1,4,1,0,0,0,2,62.26,48.98,3,0,4,4,0,0
84.83,86.4,8.62,1,0,1,1,3,1,0,2,0,2,54.68,17.87,5,4,6,4,0,0
52.2,82.12,6.0,4,0,1,1,2,0,0,5,0,1,60.59,61.12,4,4,2,4,0,1
82.99,68.53,9.69,3,0,0,0,4,0,0,5,0,3,85.99,97.9,4,0,0,1,1,0
72.69,72.06,8.9,5,1,1,1,5,1,0,5,1,1,55.73,73.83,3,0,5,5,1,0
93.87,70.69,9.21,1,1,1,1,2,0,0,1,0,2,45.21,21.51,1,5,0,9,0,0
55.89,58.26,9.13,0,0,0,0,3,1,1,2,0,1,40.22,14.54,3,5,5,6,0,1
92.45,75.65,7.3,2,2,0,1,2,0,0,4,0,2,87.05,39.83,4,2,2,3,0,1
54.12,79.56,9.13,2,1,1,0,4,1,0,5,1,2,83.77,84.48,1,1,4,7,1,1
94.46,66.5,7.38,0,1,1,0,3,0,0,3,1,2,51.84,44.06,1,0,0,2,1,0
83.33,79.36,8.7,3,1,0,0,1,0,0,4,0,3,42.77,88.57,2,1,2,6,1,0
79.99,50.01,9.52,0,1,1,1,5,1,0,2,0,1,31.86,81.82,4,1,2,1,0,0
62.66,53.05,6.83,5,2,1,0,2,0,1,0,0,1,70.81,36.23,3,1,2,9,0,1
99.13,89.24,8.12,5,2,1,0,1,1,1,5,0,0,88.68,71.98,2,4,6,6,0,0
99.38,55.91,9.06,2,2,1,1,4,1,1,4,0,3,42.06,69.37,5,1,1,7,1,0
56.55,78.6,6.87,3,1,1,0,3,0,1,1,0,3,66.75,10.92,2,0,6,10,0,0
88.32,66.82,8.66,3,2,0,0,2,1,1,4,1,0,88.96,33.85,3,0,4,0,1,1
98.64,80.0,6.41,5,1,1,0,5,0,1,0,1,3,83.06,20.79,1,4,3,10,1,0
61.68,84.72,7.52,5,0,0,1,5,0,1,5,1,1,20.91,78.16,4,2,3,4,1,1
83.92,76.13,8.01,5,0,0,0,4,0,0,0,1,1,51.77,8.34,4,1,5,5,0,0
62.44,97.47,9.47,5,2,0,1,1,1,1,4,0,0,92.65,36.98,3,5,2,7,0,0
50.01,83.87,8.57,6,1,0,1,2,0,0,2,1,0,0.6,18.05,3,1,3,5,0,0
85.09,86.66,5.73,4,0,1,1,4,0,0,0,0,2,40.44,87.39,3,1,0,6,1,1
56.61,98.26,9.16,4,0,0,0,2,1,0,0,1,0,59.52,45.39,4,3,1,6,1,1
91.78,88.04,7.29,3,0,0,0,2,1,1,3,1,0,61.78,96.09,3,5,1,6,1,1
71.91,95.79,5.06,2,0,0,1,2,0,1,5,1,0,15.79,37.64,5,4,0,1,0,1
86.84,88.97,6.99,2,0,0,0,2,1,0,1,0,1,11.98,55.12,2,2,6,5,1,0
58.11,85.75,9.71,0,2,1,1,4,1,0,3,0,0,38.86,44.06,2,3,2,8,0,0
90.35,66.24,6.31,6,1,1,0,3,1,0,0,0,1,70.9,42.16,2,3,2,5,0,1
88.35,66.87,6.74,0,1,0,1,3,0,0,3,1,1,50.63,40.6,5,0,0,0,0,0
60.86,50.66,5.01,3,0,1,0,4,0,1,0,1,1,91.21,64.19,3,0,2,5,0,0
90.04,54.65,8.41,0,1,1,0,2,1,1,0,1,2,82.14,90.23,5,1,4,10,1,1
61.03,70.23,7.19,5,1,0,0,5,1,0,5,1,2,1.11,17.93,5,4,2,9,1,1
86.52,81.58,8.55,1,2,0,1,4,0,0,5,0,2,65.31,13.77,5,4,2,0,1,1
68.04,78.53,8.85,5,0,0,0,2,0,0,2,1,2,31.37,18.49,4,5,1,4,1,1
84.03,93.44,8.95,6,0,0,0,5,1,1,1,1,3,32.57,53.41,4,3,5,3,0,1
81.97,76.5,5.88,3,1,0,0,3,0,1,5,1,3,7.87,62.37,3,2,5,8,0,0
57.68,64.13,9.46,2,2,1,0,1,1,1,4,0,0,45.5,80.28,5,1,1,4,0,1
83.88,58.0,9.02,6,0,0,1,5,0,1,4,0,0,87.59,85.74,4,4,6,8,1,1
84.08,52.82,6.45,6,0,0,1,3,0,1,5,0,1,45.04,44.52,1,5,4,8,1,0
52.17,94.32,7.05,0,1,1,1,4,0,0,0,1,0,79.76,89.37,1,3,2,3,1,1
94.11,62.94,6.5,3,1,1,1,3,0,0,1,0,2,75.19,94.84,4,3,4,10,1,1
93.08,60.87,9.16,5,2,1,1,2,0,0,4,1,3,34.18,45.62,3,0,2,3,1,1
94.12,67.55,5.66,6,2,1,1,2,0,0,5,0,1,64.49,74.9,2,4,5,1,1,1
92.05,59.0,7.12,2,1,1,1,3,0,0,5,0,2,26.9,6.84,1,3,1,1,0,1
60.23,50.96,8.25,2,1,0,1,5,0,0,5,1,0,7.68,91.43,5,0,1,10,1,1
98.24,79.97,5.41,6,2,0,1,5,0,0,1,1,1,60.84,93.61,2,5,6,4,0,0
57.83,75.15,9.44,5,1,1,0,5,1,1,4,0,3,87.38,5.52,4,2,1,7,1,1
69.1,86.37,9.73,1,2,0,0,2,1,1,4,1,1,55.64,45.76,3,1,3,2,0,1
99.28,94.31,9.52,6,2,1,1,3,0,0,2,0,0,15.47,95.39,5,3,5,4,1,1
70.08,74.19,5.47,4,1,1,1,4,1,0,2,0,3,15.79,67.7,5,5,1,3,0,0
84.28,74.64,9.57,4,0,0,1,1,0,0,5,1,2,91.79,24.62,3,3,1,7,0,1
93.65,76.39,7.99,3,2,1,1,2,1,0,1,1,3,8.58,41.96,2,0,2,7,0,1
72.79,58.23,6.04,2,2,1,1,2,0,1,4,0,1,21.67,14.51,1,1,4,2,1,0
80.91,53.06,5.87,4,2,1,1,3,1,0,1,1,3,51.17,48.16,3,4,5,10,0,0
91.81,87.76,6.53,4,0,0,0,2,0,1,1,1,3,82.68,58.49,4,0,2,9,1,0
57.92,83.89,5.97,0,2,1,1,2,0,0,3,0,0,67.32,21.85,1,4,4,9,0,0
71.79,52.93,7.14,0,2,1,0,1,0,1,2,0,3,22.13,92.25,2,5,3,3,1,0
76.95,60.16,7.17,0,0,1,0,1,0,0,1,1,1,61.4,57.16,2,2,4,8,0,0
83.58,62.48,5.36,3,2,1,1,5,0,0,4,1,3,43.72,15.87,3,5,1,7,1,1
54.84,81.7,9.31,1,0,1,0,3,0,0,1,1,2,21.83,3.99,2,1,2,6,1,0
96.21,77.81,6.45,3,1,0,1,5,1,0,4,1,3,10.77,66.73,3,5,4,9,0,0
66.43,88.56,6.96,3,2,1,0,3,0,0,3,0,3,54.05,5.67,4,5,3,5,0,0
83.44,67.04,5.82,2,0,0,1,3,0,0,1,0,1,81.03,90.77,2,3,3,8,1,0
52.73,71.49,8.78,2,2,0,0,2,1,0,0,1,3,55.56,14.78,5,1,4,8,0,1
72.83,76.47,8.45,3,2,0,1,3,1,1,4,1,3,43.13,93.51,1,3,0,1,1,0
89.09,88.26,6.52,3,1,1,1,5,0,1,2,0,3,37.1,49.55,3,2,3,10,0,1
69.92,55.83,8.7,2,1,0,1,1,0,1,5,1,3,35.55,90.23,5,4,1,1,0,1
99.72,69.26,8.73,1,0,0,1,3,1,0,5,1,0,98.12,61.67,3,5,0,0,1,1
71.23,73.76,8.62,5,0,0,0,1,0,1,4,0,2,11.76,19.9,3,4,1,5,0,0
74.64,73.83,8.99,1,1,0,0,1,0,1,4,1,2,29.24,19.08,3,1,6,2,1,1
80.78,62.41,6.5,5,0,1,1,1,1,0,1,1,3,38.27,52.15,1,4,6,7,0,0
62.15,92.44,5.59,2,2,1,1,2,0,0,1,1,1,38.35,37.57,2,4,4,6,1,0
72.42,99.52,6.6,6,1,0,0,1,0,1,1,1,1,85.22,52.2,1,5,1,5,1,0
95.09,62.57,6.78,3,2,1,0,5,1,0,1,1,1,99.77,79.84,4,4,6,4,1,1
85.49,60.71,7.89,6,2,0,0,1,0,0,5,1,2,14.8,43.13,1,4,0,6,0,0
54.28,82.29,8.29,6,0,1,1,5,0,0,5,0,2,79.97,21.0,5,4,5,9,0,0
52.95,87.53,6.03,6,0,1,1,3,1,1,2,0,3,78.8,61.95,4,0,4,0,0,1
75.43,70.11,9.87,5,1,1,0,4,1,1,2,1,3,86.54,72.26,2,3,0,8,0,1
92.49,69.1,8.42,3,2,1,0,4,1,0,1,0,3,49.88,79.68,5,0,4,4,1,0
67.72,87.12,5.2,4,0,0,0,1,1,1,3,1,3,78.99,32.42,3,2,6,7,1,1
86.49,64.82,7.8,2,2,1,0,3,0,1,1,0,0,76.71,87.09,3,4,5,4,1,1
78.87,64.47,7.46,1,2,1,0,2,0,1,5,0,0,20.74,79.0,3,4,1,2,0,1
67.86,83.96,7.12,0,1,0,0,4,1,0,2,1,2,65.94,37.8,5,4,2,6,1,0
69.95,91.34,5.44,3,2,0,0,5,0,1,4,1,0,43.12,59.12,2,2,6,8,1,0
99.59,94.47,7.82,2,1,1,0,2,1,0,0,1,2,9.82,35.91,4,3,2,5,1,0
84.0,70.49,5.03,3,1,0,0,1,1,0,0,0,3,50.89,91.49,4,4,4,1,0,0
57.85,91.7,8.74,5,0,0,0,1,1,1,1,1,3,44.7,50.38,1,2,3,2,1,1
75.25,56.65,7.14,4,1,0,1,2,1,1,0,0,1,56.78,6.31,4,3,3,2,1,0
77.33,52.62,9.3,6,2,1,0,1,0,0,4,0,0,1.09,9.36,4,2,1,3,0,1
54.06,56.67,8.35,3,2,1,0,5,1,1,5,0,0,57.22,75.4,1,1,1,7,1,0
79.03,88.98,5.15,0,0,1,0,3,0,1,2,0,1,59.0,56.97,4,3,6,4,0,0
77.55,88.6,6.07,3,1,1,0,4,0,1,0,1,2,14.29,46.25,4,1,3,0,0,1
70.7,72.67,8.36,5,0,0,0,4,1,0,2,0,3,90.22,32.23,4,2,3,0,1,0
76.09,98.7,9.09,2,2,0,0,4,0,1,4,1,1,76.68,26.39,2,1,4,6,1,0
97.93,70.11,7.39,6,2,0,0,5,0,1,0,1,3,54.95,49.46,5,4,5,0,1,0
73.31,98.77,7.06,3,0,1,0,4,1,1,1,1,1,0.67,44.37,4,2,1,4,0,1
68.42,92.14,9.3,4,2,0,0,1,0,0,0,0,2,59.08,96.91,1,5,3,0,0,1
93.82,78.41,9.8,3,1,0,1,5,0,1,3,1,0,34.74,23.81,2,4,6,8,0,0
57.48,93.36,8.05,5,1,1,1,1,1,0,3,0,2,88.06,8.93,4,0,2,0,1,0
55.23,96.42,6.54,6,1,1,1,4,0,0,4,0,0,97.03,0.38,5,4,4,10,0,1
78.48,51.33,6.2,1,2,0,0,1,0,1,3,0,3,25.61,49.62,5,2,4,4,0,0
60.87,94.34,6.18,0,0,1,1,1,0,0,2,1,3,47.36,45.7,1,2,2,7,0,0
91.72,61.32,7.63,4,0,1,1,1,0,0,0,0,0,62.6,23.84,1,4,2,10,0,1
86.18,59.41,8.29,2,2,0,1,3,1,0,0,0,1,5.48,90.77,3,4,1,4,0,1
90.63,99.8,7.16,3,2,1,0,3,0,1,0,1,2,69.74,1.94,4,2,6,9,1,0
94.49,71.69,8.58,0,0,1,1,3,0,0,2,1,2,46.03,82.13,4,4,0,10,0,0
73.1,52.81,9.96,3,1,0,1,1,1,0,4,0,0,47.47,92.11,2,3,4,3,1,1
75.31,84.6,6.75,1,1,0,0,3,0,0,0,1,1,71.04,21.82,4,1,4,5,0,1
88.09,90.39,6.07,2,0,1,0,2,1,1,4,1,2,94.93,70.08,4,3,0,1,1,0
62.46,65.05,5.49,3,2,1,1,5,0,1,2,0,0,84.33,22.71,2,0,5,9,0,0
70.59,71.61,7.87,4,2,0,0,1,1,1,5,0,2,6.68,65.69,2,1,4,1,1,0
87.18,96.01,8.47,6,1,0,1,2,0,0,1,1,2,67.05,35.54,4,0,4,5,0,1
71.36,92.44,5.67,1,2,0,0,3,0,1,2,0,0,26.52,80.3,5,1,5,2,0,0
55.82,78.21,5.22,5,1,0,0,2,0,0,4,1,3,17.29,3.24,5,5,1,6,0,0
90.86,87.36,5.55,5,2,1,0,3,1,0,3,1,1,68.56,38.34,5,1,6,1,1,0
75.46,88.45,5.03,4,1,0,0,4,1,0,0,1,0,45.19,94.35,4,5,5,4,1,0
78.36,59.93,6.27,4,1,1,1,3,1,0,3,0,0,81.98,37.81,2,1,4,6,0,1
77.13,58.16,7.47,1,2,1,0,3,0,1,3,0,3,93.95,32.91,1,5,1,8,1,1
73.09,79.82,8.49,3,1,1,1,1,1,0,3,1,1,74.63,99.16,5,0,2,9,1,1
75.94,96.84,9.78,5,0,1,0,2,1,1,4,0,2,53.16,59.9,4,2,3,8,0,0
75.29,94.66,8.83,5,0,1,0,4,0,0,3,0,3,81.83,30.66,2,3,1,0,1,0
77.81,63.97,5.83,1,1,1,0,1,0,1,3,1,2,84.31,83.2,3,3,4,9,0,1
81.52,51.96,8.57,1,1,0,0,5,1,0,4,0,3,23.43,63.45,5,5,6,4,0,1
71.96,80.97,5.0,6,1,0,0,3,0,0,2,1,0,10.64,15.65,1,0,4,1,1,1
68.02,94.1,8.71,4,0,1,1,3,1,0,2,0,1,53.76,68.18,2,2,2,4,1,1
95.37,95.47,9.02,3,0,1,1,2,0,1,0,1,0,79.77,55.21,3,1,6,2,0,0
74.33,92.09,6.09,6,0,1,1,3,0,1,0,0,2,1.77,35.69,3,0,2,1,1,0
79.62,80.65,9.39,5,2,0,1,2,0,1,0,1,1,66.7,23.02,1,4,0,6,1,0
70.95,63.75,7.1,1,1,1,0,2,1,1,4,1,3,57.97,66.34,1,0,0,3,0,0
96.74,87.78,7.07,3,0,0,1,1,0,0,0,0,1,10.5,81.64,2,0,1,1,1,1
78.39,66.38,9.89,6,1,0,1,5,1,1,0,0,1,87.35,11.62,1,4,4,6,1,1
80.82,83.99,6.68,6,0,0,0,2,1,1,3,1,2,83.65,20.9,2,2,5,7,0,0
87.57,93.3,5.33,2,2,1,0,5,0,1,3,1,0,15.72,31.98,1,2,6,2,1,1
68.04,71.8,6.31,2,2,0,1,5,0,1,5,0,3,6.62,75.93,2,3,4,7,0,0
66.81,89.63,8.03,6,0,1,0,3,0,0,4,0,1,54.75,80.43,5,1,0,0,0,1
50.49,60.55,9.39,1,0,0,0,2,1,1,0,1,1,70.95,57.33,3,2,0,3,1,0
84.63,66.53,9.7,3,2,0,1,3,0,0,1,0,0,62.87,12.05,1,1,1,2,0,0
86.46,91.52,8.26,6,2,1,0,5,0,0,1,0,0,67.95,21.84,5,5,3,10,1,1
74.7,50.56,9.54,1,2,1,0,2,1,0,0,0,1,65.4,29.0,1,0,1,5,0,0
84.09,64.0,7.51,1,1,0,1,1,0,1,3,1,2,96.99,14.36,4,2,2,3,1,0
66.04,88.98,6.44,4,0,1,0,1,0,0,3,0,1,47.98,14.35,2,1,3,9,1,0
90.73,81.11,9.43,1,2,1,0,3,1,1,4,1,3,20.06,66.42,5,3,0,10,0,1
99.57,93.26,9.47,3,0,1,0,4,1,0,4,0,0,28.78,71.39,1,0,0,6,0,1
94.13,78.9,7.7,2,1,0,1,4,1,0,4,1,2,76.0,65.11,2,2,4,5,0,0
84.03,71.91,5.76,4,2,1,0,5,0,0,3,1,3,22.75,1.38,5,2,6,7,0,1
80.66,80.81,9.85,3,1,1,0,3,1,1,4,0,0,64.87,42.58,4,2,5,1,0,0
91.3,80.01,8.44,1,0,1,1,1,1,0,5,0,2,58.71,42.84,3,4,1,1,0,0
77.63,95.03,5.19,4,1,1,1,5,0,1,2,1,1,64.5,19.92,1,1,4,9,1,0
93.15,89.04,7.99,1,0,1,0,5,1,1,0,1,0,23.35,82.61,2,1,5,10,1,1
71.3,70.74,9.66,3,1,0,0,3,1,1,1,1,3,61.64,18.75,2,4,4,4,1,1
78.99,82.55,8.29,2,2,1,1,2,0,1,5,1,0,96.2,61.1,5,4,0,6,1,1
50.45,83.11,6.61,4,2,1,1,4,1,0,0,1,2,26.06,5.42,1,1,1,7,1,1
81.71,86.94,5.35,4,2,1,1,5,1,1,5,0,0,93.39,40.69,3,1,2,8,0,0
62.35,57.17,7.92,5,1,0,1,1,1,1,1,1,1,20.46,22.55,4,0,5,4,1,0
97.28,93.71,5.13,1,1,0,1,3,0,0,3,0,2,90.54,72.54,4,2,6,2,0,0
59.46,94.78,7.95,5,2,0,0,2,1,1,1,0,0,54.14,20.81,1,2,2,3,1,1
70.95,56.42,8.5,4,0,0,1,4,1,1,0,1,1,8.5,31.51,4,4,4,0,0,1
54.59,68.96,9.84,1,0,0,1,4,1,1,2,0,0,12.22,87.43,3,0,0,6,1,0
60.15,73.58,6.06,6,2,0,1,5,0,1,4,1,3,39.92,40.18,3,1,4,6,1,1
77.61,59.54,7.5,3,0,0,1,1,0,0,0,0,3,43.82,28.7,4,0,3,1,0,0
78.97,87.05,7.36,4,2,0,0,2,1,1,3,1,3,15.38,26.3,3,3,6,1,0,1
93.49,79.0,8.68,4,2,0,1,2,0,1,0,1,0,39.02,49.78,5,0,2,8,1,1
73.72,55.61,7.51,4,0,1,1,2,1,1,1,0,3,59.76,35.12,5,3,0,3,0,0
82.05,74.68,9.94,6,0,0,0,4,0,1,2,1,3,93.85,67.69,1,2,4,8,1,1
87.44,57.04,5.98,6,0,0,1,3,0,1,3,1,0,18.9,30.08,1,5,3,8,1,0
54.0,51.48,9.1,5,0,0,0,4,1,0,2,0,0,71.36,26.64,2,3,2,1,0,0
90.11,92.85,9.69,5,2,1,1,1,0,0,2,1,2,41.64,62.73,4,5,4,7,1,1
87.04,91.65,7.0,3,1,0,1,2,0,1,1,0,2,71.77,76.82,2,5,6,7,0,0
73.76,61.22,9.83,6,0,1,0,5,1,1,2,1,2,40.56,37.98,1,1,2,9,0,0
87.23,55.53,9.92,5,2,0,1,1,0,1,0,0,0,54.88,12.73,4,4,2,10,0,0
91.94,76.36,9.04,4,0,0,1,4,1,1,5,1,2,43.02,84.09,1,1,1,3,1,0
92.82,93.13,7.18,3,0,0,0,1,1,1,1,0,2,94.21,81.2,3,1,5,9,0,0
54.74,67.75,9.1,6,0,0,0,4,1,1,0,0,1,28.46,79.41,3,1,3,8,0,0
74.74,59.05,6.8,5,2,0,1,3,0,0,0,0,0,78.0,47.42,3,4,3,8,1,0
53.34,73.85,6.8,3,1,0,0,1,1,1,0,1,0,38.88,31.39,1,2,0,5,1,1
63.74,75.74,5.4,5,2,0,0,3,0,0,5,0,0,15.54,54.84,4,5,6,1,1,0
67.57,69.9,7.58,6,0,1,1,3,1,0,3,0,3,7.1,34.24,2,5,1,0,1,0
51.12,89.33,9.12,6,2,1,1,5,1,0,1,0,0,84.77,13.3,1,0,2,0,1,1
74.55,61.09,7.81,2,0,1,1,4,1,0,0,0,0,54.93,18.87,2,2,5,5,1,1
91.49,57.78,7.5,5,2,1,0,3,0,0,3,1,2,98.1,97.09,2,2,1,0,0,0
88.92,64.43,9.22,2,2,0,0,2,0,0,3,1,0,66.07,97.65,2,0,4,5,1,0
84.17,87.18,8.8,0,1,1,1,3,0,1,2,1,1,49.01,16.93,5,3,6,10,1,1
62.33,76.47,9.78,0,2,0,1,1,1,1,3,1,2,77.67,44.15,4,0,0,9,1,0
92.4,64.88,7.9,6,1,1,1,2,0,0,3,1,1,66.08,48.1,4,3,6,4,1,1
59.59,71.68,6.29,1,1,1,0,4,1,1,3,1,3,3.83,64.54,4,2,0,2,1,0
51.34,66.33,7.67,5,0,0,1,2,0,1,1,0,3,10.63,75.0,4,5,2,3,0,0
63.6,63.99,9.2,3,2,0,1,3,1,0,4,0,3,93.19,63.34,3,4,3,9,1,0
79.6,81.46,6.37,6,0,1,1,4,1,1,2,1,0,77.64,71.23,5,2,2,3,0,0
62.05,80.44,6.72,1,0,1,1,2,1,1,5,1,3,1.76,28.6,4,1,2,0,0,0
81.71,80.26,5.75,0,0,1,1,5,0,0,5,1,1,19.22,46.86,1,4,0,6,1,0
50.2,60.25,5.37,3,1,0,1,3,0,1,2,1,0,13.46,45.68,2,0,2,1,0,1
57.18,63.44,8.86,4,2,1,0,5,0,0,4,1,2,24.46,20.3,5,3,0,6,1,0
51.55,98.11,7.79,3,2,0,1,4,1,0,5,0,0,45.4,50.92,1,0,5,2,0,1
79.9,70.46,7.82,1,1,0,1,1,0,0,4,0,3,96.45,64.47,3,1,4,10,0,0
51.74,60.4,9.58,1,1,1,1,5,1,1,2,1,3,56.94,27.75,1,5,0,2,0,1
50.24,94.99,8.93,0,1,0,1,1,1,0,4,1,0,81.62,90.86,5,2,5,6,0,0
62.85,68.92,6.82,4,0,0,1,3,0,0,1,1,0,65.08,83.76,2,3,0,0,1,0
55.03,60.41,8.89,4,0,1,0,3,1,1,0,0,0,33.11,55.86,2,0,5,9,0,1
70.35,77.63,9.14,5,2,0,0,1,1,0,3,1,0,72.21,47.78,4,4,1,4,0,1
87.26,85.49,8.59,6,2,1,1,1,0,1,2,0,3,48.58,7.5,1,1,3,9,1,1
75.4,73.87,8.77,6,1,1,1,1,0,1,4,0,3,57.85,18.93,3,2,3,5,0,1
96.63,72.02,6.24,5,0,1,1,5,1,0,3,0,1,75.56,85.54,5,3,3,5,1,1
99.05,59.41,5.64,2,1,0,1,1,1,0,3,0,3,58.93,31.07,2,0,3,6,0,1
83.87,81.92,9.39,0,2,0,1,2,1,0,3,0,0,30.43,14.07,5,3,4,7,1,0
84.89,83.6,5.77,4,0,0,1,2,1,1,1,1,0,22.75,0.19,5,5,1,6,1,1
84.42,92.8,5.85,0,1,1,1,4,1,1,3,1,3,61.47,93.12,1,5,4,10,1,0
76.68,82.18,9.99,5,0,0,1,2,1,1,0,0,2,25.8,59.58,5,0,6,7,1,1
57.68,70.28,6.46,4,1,0,1,2,0,0,4,1,3,33.04,57.74,5,1,6,2,1,1
89.36,94.95,8.78,1,1,0,1,4,1,0,2,0,3,63.33,7.02,1,0,2,0,0,0
99.21,78.5,6.71,4,2,0,1,4,0,1,0,1,1,77.7,55.65,5,5,1,2,1,1
88.58,59.89,6.99,2,0,0,0,1,1,0,5,1,3,9.85,8.84,1,4,5,10,0,0
52.56,90.67,6.05,1,0,1,1,3,0,1,5,1,2,73.22,58.62,4,5,3,10,0,1
80.21,96.57,6.25,4,0,0,1,2,0,1,5,1,2,32.26,75.35,3,5,0,3,1,1
95.82,92.69,8.06,0,2,0,1,3,1,0,4,1,3,93.41,16.21,2,0,0,5,1,0
98.75,50.24,5.49,5,1,0,0,4,1,1,1,0,1,15.09,23.4,1,3,6,6,1,1
55.89,92.58,7.31,0,0,1,1,3,0,0,5,0,0,94.94,43.04,3,0,4,6,1,0
64.53,79.46,5.34,5,1,1,0,3,1,0,5,0,2,20.39,4.08,4,5,2,0,0,0
71.23,79.18,5.12,4,0,0,1,1,0,0,3,1,1,70.08,41.33,4,5,6,8,0,0
50.04,81.03,5.1,3,0,0,0,5,0,0,0,1,0,12.38,9.96,2,3,2,7,1,1
92.43,73.18,5.5,0,0,1,1,2,0,1,3,1,0,56.7,31.52,1,5,3,6,0,0
59.0,75.4,8.1,0,2,1,1,3,0,0,3,1,1,21.13,86.68,2,1,4,3,0,0
56.67,57.19,6.14,5,2,0,1,3,1,0,5,1,3,42.03,72.73,4,1,4,5,1,1
95.1,70.41,5.09,4,1,0,1,2,0,1,2,0,0,83.48,90.43,5,0,5,5,1,0
52.75,68.3,7.55,5,0,1,1,5,0,0,3,1,2,93.54,92.31,2,2,6,7,0,1
59.43,62.18,8.02,1,1,0,1,3,1,0,4,1,2,26.89,4.46,1,0,3,1,1,1
57.6,92.13,8.12,0,2,1,0,5,1,1,1,0,1,15.23,19.55,2,5,6,3,0,0
74.87,85.85,5.2,6,2,0,1,1,0,1,2,1,3,56.03,85.04,4,3,1,10,0,1
94.6,97.64,5.0,6,1,0,1,3,1,0,1,1,1,37.74,58.52,4,0,2,7,1,0
74.36,52.06,8.75,5,1,0,0,4,0,1,5,1,3,96.23,49.85,3,0,3,6,1,1
73.11,66.54,7.9,1,1,1,0,4,0,1,5,0,2,18.82,41.17,4,1,5,1,0,1
78.55,95.44,8.89,3,0,0,1,4,1,1,2,1,1,29.34,39.98,3,5,6,2,0,1
79.34,98.13,8.44,6,1,0,1,2,1,1,5,0,3,22.6,62.23,2,3,6,9,1,1
88.19,76.27,8.32,5,0,0,1,3,1,0,3,1,3,27.45,21.24,5,5,6,2,1,0
50.14,63.78,5.1,5,2,1,0,2,0,0,4,0,0,12.53,58.58,5,1,6,4,1,0
88.66,65.96,7.02,1,2,1,0,4,0,1,0,1,0,10.98,52.78,4,3,1,7,1,1
77.81,82.09,5.45,6,2,1,0,1,0,0,3,1,1,30.42,19.08,4,0,1,8,1,0
57.69,85.52,5.75,2,1,1,1,1,0,0,0,0,3,53.87,82.92,1,2,4,1,0,0
79.59,65.71,9.53,1,2,0,0,5,0,0,4,0,2,32.01,97.25,3,0,2,0,1,1
54.5,80.46,7.13,5,0,1,1,2,0,0,3,1,2,27.74,51.98,2,1,2,3,0,1
90.97,70.57,5.07,1,1,1,1,4,1,1,3,0,0,11.85,54.63,1,2,6,2,1,0
76.87,92.91,5.61,6,2,0,0,2,1,1,5,0,0,38.26,50.16,3,2,2,4,0,1
81.97,85.08,9.0,6,2,0,1,1,1,0,5,1,1,92.67,51.37,2,4,1,6,0,0
53.44,81.05,5.9,0,0,0,1,3,0,1,4,1,3,15.97,32.45,5,3,0,4,0,0
60.35,70.73,7.3,2,2,0,0,3,1,0,5,0,2,61.61,99.57,1,1,0,9,1,0
50.32,92.17,5.41,6,1,1,1,1,1,0,1,0,1,82.45,58.05,3,1,0,9,0,0
58.69,90.94,5.64,4,1,0,1,1,1,1,1,1,2,64.53,3.0,2,0,5,10,1,1
85.98,93.38,5.34,5,1,0,1,5,0,0,4,0,2,10.2,44.54,4,1,4,9,0,0
60.4,65.09,7.91,5,2,0,0,1,0,1,0,0,0,8.45,31.01,1,1,2,2,0,1
51.31,93.6,9.08,2,1,1,0,1,1,0,4,1,2,91.35,80.13,1,0,4,2,0,0
95.91,96.04,6.11,0,2,1,1,1,0,0,2,0,1,40.57,52.34,4,2,4,0,1,1
74.54,95.43,8.81,3,1,0,1,1,1,1,0,1,3,4.2,75.1,5,2,4,2,0,0
69.71,82.04,9.78,2,1,1,0,3,1,1,2,0,2,28.87,56.86,1,5,6,1,0,1
78.01,71.07,7.07,6,1,0,1,2,0,0,2,1,0,59.63,52.21,3,5,4,3,1,0
83.25,50.82,7.42,0,0,0,1,4,1,0,4,1,2,52.71,20.63,1,5,6,8,0,1
97.17,59.14,9.96,3,0,1,1,5,1,0,3,0,3,21.43,35.08,3,3,0,8,0,1
98.28,75.95,8.95,6,1,1,1,2,1,1,5,1,3,40.64,89.03,2,4,1,9,0,1
75.87,78.76,8.19,2,0,0,0,3,1,0,5,0,0,64.41,44.58,2,0,4,9,0,0
97.95,82.5,7.64,6,0,0,0,1,0,1,4,0,3,88.65,18.21,1,1,0,0,1,1
60.52,57.69,5.38,2,0,1,1,4,0,0,2,0,2,65.5,62.04,4,4,4,8,0,1
55.55,61.45,8.28,2,1,1,1,5,0,1,2,1,1,77.86,21.36,5,4,1,7,0,0
64.02,89.07,9.35,0,0,0,0,3,1,1,3,0,0,69.81,2.5,5,3,3,6,1,1
56.57,88.37,7.48,4,1,1,1,1,1,0,5,1,1,4.72,1.6,5,0,1,5,1,1
85.48,93.28,6.77,3,1,1,1,5,0,0,3,0,2,5.16,38.05,3,3,1,2,0,1
82.33,93.76,8.91,3,1,1,0,2,0,0,4,0,2,27.42,38.22,5,1,0,7,1,0
83.76,84.92,7.97,4,0,1,1,4,1,1,4,0,2,24.73,53.83,3,5,1,4,0,1
73.62,79.05,8.42,4,0,0,0,5,1,0,5,1,2,62.12,77.1,5,3,2,5,1,1
99.25,61.76,9.65,4,0,0,1,4,1,0,4,1,2,54.01,71.31,3,4,6,3,1,0
51.43,66.57,8.14,4,1,1,1,4,0,1,1,0,1,46.29,38.08,2,4,4,9,1,1
52.55,69.6,7.81,1,1,0,0,4,1,1,5,1,2,9.02,75.5,1,5,5,8,1,1
97.66,87.15,7.77,2,2,0,0,5,1,0,2,0,1,3.11,75.91,2,4,6,5,0,0
76.42,85.84,9.22,4,1,0,0,1,0,1,1,0,1,75.71,54.76,2,5,0,3,0,0
75.57,54.67,6.91,6,2,1,0,1,0,1,2,0,1,89.0,65.95,2,5,2,5,0,0
78.24,57.44,5.02,6,0,0,1,2,1,0,1,0,0,61.34,79.97,2,0,3,2,0,0
93.7,89.16,6.2,3,2,0,1,5,1,0,0,0,1,31.2,25.14,4,4,5,2,1,0
98.23,56.38,7.93,1,0,0,1,4,1,1,0,1,0,22.59,68.89,2,5,1,0,0,0
78.3,85.66,8.94,2,1,1,0,3,1,1,2,0,2,56.14,22.84,3,2,5,7,0,0
63.64,80.2,9.03,4,1,0,0,4,1,1,4,0,1,49.75,34.72,3,0,4,3,1,1
68.11,70.96,5.72,4,1,1,0,1,0,0,3,0,0,7.46,56.74,1,0,1,8,1,0
72.74,55.69,8.18,5,1,1,1,3,1,0,0,1,3,39.34,24.62,1,0,1,10,1,1
56.17,84.61,5.24,1,0,0,1,5,0,1,3,0,2,7.26,34.36,1,1,2,4,1,1
54.45,75.9,8.45,4,0,0,0,4,0,1,5,0,1,56.79,98.96,4,5,1,1,1,0
96.73,74.23,7.69,5,1,1,0,5,0,1,4,0,1,98.1,44.06,1,1,4,1,0,1
85.27,94.94,5.51,5,0,1,1,1,0,1,4,1,0,16.84,71.67,5,1,2,10,1,1
66.81,54.76,5.16,2,1,0,0,5,1,1,5,0,3,67.43,41.3,5,4,0,3,1,1
89.25,58.7,8.75,6,2,0,0,4,1,0,2,1,1,92.61,75.51,2,1,1,5,1,1
98.48,94.27,8.73,5,2,0,0,4,1,1,3,0,1,80.87,98.89,3,3,4,1,1,1
79.76,58.42,9.04,3,2,1,1,2,1,1,1,0,2,58.69,29.61,1,2,3,1,0,1
51.03,86.44,5.72,5,2,1,1,2,0,1,0,1,1,85.89,25.85,2,2,0,7,1,0
66.85,86.9,7.25,1,0,0,0,1,0,1,3,0,3,82.44,54.43,5,5,6,6,1,1
87.3,61.63,6.25,2,0,0,1,2,0,1,0,0,0,95.66,33.48,5,4,6,3,0,0
80.02,51.7,5.79,1,2,1,0,5,1,0,2,0,1,88.88,46.0,1,2,5,9,0,1
62.44,53.35,5.38,4,1,1,1,2,0,1,3,1,1,37.42,89.81,2,5,6,1,0,0
62.11,86.53,5.99,3,1,0,0,3,1,1,4,0,3,79.14,69.1,2,1,1,3,1,0
92.61,96.31,7.38,6,0,0,0,1,1,0,5,1,0,59.19,86.54,4,1,4,5,1,1
68.56,65.2,8.09,3,0,1,0,5,0,0,5,0,2,38.49,85.11,2,4,4,2,0,1
92.89,54.08,8.01,2,1,1,0,5,0,0,4,0,2,89.0,77.57,1,2,0,7,1,1
63.67,89.08,6.51,5,1,0,1,3,0,1,2,0,0,3.75,49.19,1,4,0,9,0,0
96.69,65.57,9.78,0,2,0,1,2,0,0,5,0,0,65.78,27.92,5,5,1,0,0,1
71.89,60.65,5.79,0,0,1,0,5,0,0,2,1,0,90.83,76.09,2,4,0,6,0,0
65.87,83.58,7.08,6,1,1,0,5,0,0,5,0,2,86.79,11.68,4,5,2,2,0,1
99.78,84.5,5.82,0,1,1,1,5,1,0,4,1,2,20.64,20.85,4,5,2,0,0,1
68.67,83.39,8.19,6,2,0,0,3,0,1,2,0,1,56.19,68.3,5,0,1,3,1,1
63.86,51.42,6.63,1,0,1,1,3,1,0,5,1,0,68.92,60.63,5,3,5,1,0,1
51.9,96.87,9.85,0,1,1,0,2,1,0,5,1,2,23.14,48.66,1,4,0,4,0,1
77.24,92.71,9.64,5,2,0,1,3,1,1,3,0,2,43.16,35.31,3,0,1,3,0,0
65.76,95.25,8.38,5,1,1,0,1,0,0,5,1,1,93.61,1.43,4,4,6,2,0,1
71.76,51.82,5.55,4,1,0,0,1,0,1,4,1,3,35.2,31.9,4,4,2,6,0,1
59.3,82.77,6.63,5,1,1,1,1,1,0,0,0,0,15.57,38.08,4,2,6,8,1,0
76.37,53.32,6.34,2,2,0,1,3,0,0,5,0,3,4.0,40.3,5,5,5,10,1,1
91.2,58.1,6.48,4,1,1,0,2,1,0,2,0,1,82.56,4.86,3,2,5,3,1,1
54.33,97.16,9.52,6,2,0,0,3,1,1,3,1,1,25.65,64.61,5,5,4,10,1,1
64.42,59.74,7.15,5,0,1,1,5,0,0,1,1,0,32.05,96.46,4,0,4,1,0,1
60.58,73.77,5.19,6,2,1,1,3,1,0,5,1,3,88.61,66.55,1,1,0,9,0,0
96.67,58.16,5.91,5,1,1,1,3,1,1,2,1,1,98.06,69.24,4,0,5,7,0,0
58.76,55.91,5.57,3,0,0,0,2,1,1,2,0,1,89.32,57.34,4,0,0,4,1,0
85.08,81.56,7.73,1,0,1,1,4,1,1,1,1,2,74.09,86.14,5,5,6,2,0,0
75.29,82.11,7.84,2,1,0,1,5,0,1,1,0,2,12.71,69.1,3,3,3,5,0,1
64.15,97.8,7.74,6,2,0,1,5,1,0,5,1,1,8.99,96.74,5,5,4,7,1,0
68.61,51.27,8.86,3,0,0,0,4,0,0,1,0,3,91.84,66.0,3,0,0,5,0,1
53.42,50.52,8.65,5,2,1,1,3,1,0,4,0,1,0.11,72.86,2,2,3,6,1,0
60.9,71.68,9.52,5,1,0,0,4,1,0,4,1,3,92.87,75.61,3,1,0,0,0,0
67.99,66.37,8.89,5,1,0,0,1,0,1,2,0,0,71.32,1.63,5,3,0,6,1,0
99.81,72.23,5.94,1,2,0,0,2,1,0,5,0,2,82.02,18.73,1,5,5,1,1,1
91.11,53.9,8.82,3,1,1,1,2,1,1,5,1,2,85.19,58.43,1,1,4,0,0,1
56.15,84.65,5.84,2,2,1,1,2,0,0,4,1,0,93.64,41.43,5,0,3,0,1,1
91.76,79.76,8.59,6,2,1,0,3,0,0,0,0,2,26.25,5.21,2,4,2,4,1,0
80.74,93.17,8.54,3,1,0,0,2,0,0,2,1,2,46.22,96.05,1,3,2,4,0,1
68.14,69.12,7.06,3,1,1,1,3,1,0,2,0,2,46.05,62.16,1,1,5,5,0,0
74.07,94.66,8.54,2,2,1,1,5,1,1,1,1,3,43.08,69.91,1,2,0,0,0,0
98.57,69.07,8.66,4,1,1,0,4,0,1,3,1,3,25.27,31.02,1,2,6,8,0,0
58.19,82.08,5.04,1,0,1,1,1,0,1,2,1,3,8.92,14.39,4,1,5,7,0,1
85.09,86.53,6.26,4,2,0,1,2,1,0,3,0,3,96.19,53.24,1,0,1,4,0,1
50.27,53.49,8.3,5,2,0,1,3,0,1,3,1,2,30.73,76.93,4,5,3,5,1,0
76.96,73.23,8.29,0,1,0,1,3,1,0,3,0,3,70.41,40.68,5,2,1,1,1,1
55.39,65.16,9.43,1,2,0,1,4,0,1,3,0,3,65.94,20.31,5,1,1,2,1,0
86.78,95.05,7.45,3,0,1,0,4,1,1,4,0,2,71.54,64.25,2,3,3,8,0,0
78.55,50.12,8.67,0,1,0,1,2,1,1,2,0,3,51.82,6.79,1,3,1,9,0,1
53.94,76.99,8.57,0,1,1,1,1,0,1,3,0,0,38.62,94.12,1,0,6,2,1,0
89.11,69.77,7.2,2,2,1,1,1,1,0,3,1,1,80.52,37.58,4,1,5,6,0,1
82.38,71.63,6.52,5,1,1,1,2,1,0,0,1,1,12.38,41.28,3,3,4,2,1,1
58.78,76.54,9.36,5,0,1,0,2,1,0,2,1,0,60.92,61.74,4,1,0,3,1,1
75.8,68.91,7.36,5,1,0,1,1,1,1,4,0,0,59.65,57.68,3,5,2,10,0,1
69.43,75.8,7.97,5,2,1,0,5,0,1,5,1,2,37.75,39.99,1,0,2,7,1,1
92.16,71.23,5.18,6,1,0,0,1,0,1,1,1,0,6.31,12.37,1,3,5,8,1,0
79.22,76.11,5.33,6,0,0,1,5,1,1,1,0,0,61.01,87.18,1,3,3,9,1,0
84.89,88.79,8.5,3,1,0,1,1,0,1,1,0,3,94.05,96.67,2,3,6,0,1,0
67.82,58.81,8.09,3,0,0,1,2,0,1,2,0,3,53.35,55.24,1,3,4,1,1,1
99.6,64.09,5.6,1,0,1,1,1,0,1,5,0,3,41.29,11.4,4,5,6,4,1,1
88.2,85.28,7.01,5,0,0,0,3,1,1,2,1,0,79.47,25.76,1,2,2,4,1,1
75.68,92.27,7.64,5,0,1,1,3,0,0,4,0,0,31.05,52.98,3,0,1,8,0,0
79.36,59.71,5.93,6,2,1,0,4,1,1,4,1,1,10.52,64.21,5,3,2,3,0,0
91.51,78.95,5.43,4,1,1,1,1,0,1,3,0,3,32.84,86.19,5,5,4,10,0,1
88.46,66.55,6.69,4,2,0,0,2,1,0,5,1,0,54.51,66.66,2,2,5,5,0,1
57.73,87.44,8.26,0,0,0,1,5,0,1,0,0,2,62.88,0.34,4,3,4,7,1,0
75.57,69.53,6.2,3,0,1,1,5,1,0,4,1,1,78.09,66.39,4,2,5,9,0,0
82.84,93.76,8.9,4,0,1,0,3,0,0,2,1,3,32.13,68.69,5,5,5,8,0,0
85.41,68.68,6.3,3,1,1,1,1,0,0,4,1,3,99.87,64.81,5,0,2,3,0,0
65.94,74.77,8.68,2,1,1,1,4,0,1,2,0,2,79.06,44.14,3,5,4,8,1,0
94.89,64.37,7.15,1,0,1,0,3,1,1,1,1,0,79.31,77.4,4,4,5,4,0,1
66.01,61.37,7.65,6,0,1,0,1,1,1,3,1,0,19.66,53.84,5,3,0,4,0,1
61.89,90.99,9.27,6,1,0,0,3,1,1,5,1,3,27.84,88.42,5,2,3,2,0,1
68.43,67.25,8.36,6,0,1,0,5,0,0,1,0,1,45.1,39.19,5,4,1,3,1,1
55.86,87.84,6.36,6,0,1,0,2,0,1,5,1,3,76.41,98.2,2,0,3,3,1,0
86.02,78.41,7.38,5,2,0,0,2,0,0,3,1,3,30.07,48.6,4,4,0,4,0,0
57.56,87.53,7.05,4,0,0,0,3,0,0,0,1,3,40.85,31.11,3,2,5,10,0,1
71.57,71.52,7.27,3,1,0,1,3,0,0,0,1,0,97.14,99.2,3,5,6,4,0,1
66.73,84.77,8.19,5,1,0,1,4,0,1,4,1,3,21.84,54.78,5,1,2,7,1,0
96.64,87.74,6.59,1,0,1,1,5,0,0,2,0,1,77.65,21.73,5,4,4,0,0,1
88.97,91.86,9.94,0,1,0,0,1,1,0,4,1,1,82.81,42.44,3,5,4,3,0,1
57.38,64.41,7.32,6,0,1,1,2,1,0,5,0,0,7.89,46.42,3,3,0,4,0,0
99.97,66.61,8.65,5,1,0,0,1,0,1,3,1,2,13.51,74.17,4,5,4,5,0,1
58.57,77.17,5.81,4,1,1,1,1,0,0,2,0,0,65.11,31.13,4,4,0,2,1,0
77.27,87.1,8.01,0,0,0,0,3,1,0,0,1,2,3.28,79.67,2,3,2,4,1,0
55.32,99.62,6.34,6,1,1,1,2,1,0,5,1,1,51.09,79.17,2,1,3,8,0,1
83.6,84.53,5.18,6,2,1,1,4,1,0,1,0,1,94.0,42.79,5,5,5,10,0,1
97.55,55.57,6.29,4,1,1,1,3,0,1,1,1,2,33.47,29.76,1,0,5,8,0,0
73.89,59.62,7.69,1,0,1,1,4,1,0,4,0,1,33.7,26.07,2,1,2,4,0,1
81.88,89.83,8.98,1,0,1,0,4,0,0,1,1,0,0.69,5.15,4,2,3,3,1,0
87.69,61.89,7.21,2,1,0,1,1,1,1,3,1,1,15.74,28.79,4,2,0,1,1,1
81.13,87.75,5.64,2,1,0,0,1,1,1,0,0,3,94.69,42.01,5,0,6,10,1,1
61.62,81.67,8.45,0,1,1,0,1,1,0,5,0,1,51.65,16.18,2,1,5,7,1,0
59.62,58.54,9.76,3,1,0,0,3,1,1,2,1,2,26.38,24.91,5,2,4,0,1,0
92.02,67.48,8.98,1,2,1,1,1,1,0,5,0,2,87.79,70.91,1,4,6,4,0,0
75.62,80.82,5.7,5,2,0,0,2,0,1,5,0,0,15.52,37.19,4,0,2,3,1,1
72.79,51.25,9.94,1,0,0,1,3,1,1,0,1,0,55.73,79.97,2,4,3,8,1,0
94.09,86.67,6.1,3,2,1,1,5,1,0,1,1,3,10.61,67.63,4,1,5,8,0,0
65.78,64.24,6.94,4,0,0,1,5,0,1,0,0,2,67.11,79.29,4,5,5,6,0,0
85.55,69.49,7.81,6,2,0,1,5,0,0,5,1,1,4.01,66.55,3,1,3,0,0,0
55.98,72.83,8.11,5,0,1,1,4,1,1,3,0,2,96.98,23.37,5,0,0,10,1,1
78.33,96.97,8.48,4,1,0,1,5,0,0,0,1,1,89.8,30.0,2,0,5,1,1,0
50.78,50.91,6.03,1,1,0,1,1,0,1,3,1,2,55.37,39.95,3,2,3,6,0,1
89.51,90.64,6.68,2,0,0,1,3,0,1,0,1,3,62.39,56.5,1,5,6,7,1,1
52.04,62.7,6.02,4,2,1,1,4,1,1,5,0,1,71.87,11.95,3,5,6,8,0,0
77.93,62.49,6.86,3,0,0,1,3,0,1,3,0,2,81.06,61.74,5,4,1,1,0,0
91.17,86.52,9.25,5,1,0,1,2,0,0,2,1,0,13.63,77.3,5,1,3,7,0,1
78.74,70.37,5.23,5,0,1,0,2,0,1,4,1,2,70.87,51.14,4,5,4,1,1,1
97.26,81.01,8.4,3,0,0,0,1,1,1,2,1,0,84.41,25.44,5,3,4,1,0,0
94.33,75.14,8.52,4,0,1,0,4,0,0,1,1,0,39.59,29.14,3,4,0,8,1,0
96.68,55.99,5.87,3,1,0,0,2,1,1,4,1,0,71.36,17.83,1,2,6,2,0,1
58.92,55.53,9.35,4,2,0,0,5,1,1,4,0,3,84.88,13.15,4,3,1,1,1,0
74.94,80.26,5.73,1,0,0,0,4,0,0,1,0,0,77.64,89.98,5,0,1,6,0,1
98.78,83.98,6.38,3,1,0,1,4,0,1,4,0,1,68.69,65.51,1,2,3,4,0,1
94.72,64.99,5.33,3,0,1,1,4,0,1,1,1,0,11.94,89.74,5,0,0,0,0,0
51.2,84.06,7.85,2,2,0,1,1,1,0,4,0,2,2.0,47.91,5,3,2,7,1,0
58.51,88.68,7.58,1,2,1,0,2,0,1,1,1,0,69.38,92.94,3,3,2,6,1,0
69.41,55.14,7.19,1,0,0,0,1,1,1,1,0,3,39.48,90.91,3,4,3,1,1,1
80.94,59.5,9.75,3,2,0,0,5,0,1,2,0,0,65.34,63.46,3,2,4,8,0,1
77.87,53.29,9.84,0,0,1,1,3,1,0,3,0,2,55.31,22.67,1,4,0,0,1,1
63.5,69.56,5.73,6,0,0,1,5,1,1,5,1,1,5.19,97.3,4,1,3,3,1,0
98.13,77.85,6.51,2,1,0,0,3,0,1,2,0,2,99.86,67.21,1,1,5,9,0,0
98.17,82.07,8.18,4,0,0,0,3,1,1,5,1,2,9.28,3.53,3,4,2,7,1,0
98.14,88.09,5.9,3,2,1,1,4,0,0,3,1,0,24.91,32.1,1,3,2,8,1,0
84.38,73.57,8.47,4,1,0,0,4,0,0,3,1,1,1.17,47.49,3,1,3,6,1,1
79.78,68.99,6.56,0,1,0,1,2,0,1,2,1,1,25.4,56.84,3,2,3,1,0,0
59.99,53.99,7.06,3,2,1,0,4,0,1,4,0,1,39.04,26.69,3,1,6,1,1,0
86.17,98.77,5.57,4,2,1,0,1,1,0,0,1,0,4.98,18.36,1,2,3,5,1,0
54.77,79.92,6.0,0,0,0,1,1,0,0,5,0,2,96.16,30.36,5,5,2,5,1,0
76.67,78.01,9.55,2,2,1,0,3,0,1,0,1,0,0.32,88.97,1,5,5,0,1,1
57.52,87.54,6.12,3,2,1,1,4,1,0,3,1,1,83.08,13.8,3,1,3,4,0,0
72.28,73.58,6.83,5,2,0,0,3,0,1,4,0,2,35.51,96.49,1,0,0,9,1,0
89.77,87.24,5.86,5,2,0,1,4,0,1,4,0,2,2.05,92.19,3,3,4,5,0,0
51.92,72.27,8.81,1,0,0,1,3,0,0,2,1,1,17.19,82.5,5,4,0,2,0,1
69.66,66.27,8.17,5,2,1,1,3,1,1,4,0,2,94.16,12.4,4,3,5,3,1,0
91.0,53.58,7.77,5,0,0,0,3,1,1,2,1,1,45.63,15.97,2,2,3,5,1,1
50.7,65.76,8.29,6,1,0,1,1,0,1,2,1,0,35.33,18.87,1,1,2,0,0,0
72.07,74.68,9.18,3,2,0,1,1,0,1,3,0,0,48.1,91.55,3,1,1,0,0,1
76.7,64.63,7.04,3,1,1,0,5,0,1,5,1,1,27.85,88.46,4,3,0,0,1,0
86.0,78.21,7.17,1,2,1,1,4,1,0,4,1,2,81.57,10.66,2,1,4,7,0,1
83.73,65.51,5.01,1,2,1,1,4,1,1,3,0,3,88.38,8.64,3,4,5,0,1,1
86.69,99.91,8.4,6,0,1,1,4,1,1,3,0,2,36.5,11.01,2,2,5,9,0,0
64.44,77.35,6.2,1,0,0,0,3,1,1,3,0,2,99.53,96.19,5,3,0,8,0,0
86.38,50.85,5.07,2,2,1,1,1,1,0,2,1,3,6.91,1.21,1,4,5,1,0,1
78.05,71.7,8.09,2,2,1,0,3,1,1,3,0,1,55.16,56.11,1,3,4,4,1,1
71.37,71.8,7.42,2,2,0,1,2,1,0,2,0,0,44.75,27.05,2,0,5,8,0,0
98.33,82.97,6.18,1,1,0,1,2,1,0,4,0,3,95.78,26.18,3,1,3,8,0,0
91.12,94.82,9.46,2,2,1,0,2,0,1,5,0,3,98.9,4.41,3,3,6,0,0,0
87.51,60.1,8.59,2,2,1,0,1,0,0,4,0,0,95.57,63.19,1,4,0,0,0,0
50.02,88.51,9.09,4,2,0,0,3,1,0,4,1,0,40.06,38.81,3,1,5,10,1,1
64.14,76.03,6.88,4,2,0,0,2,1,1,3,0,1,0.19,59.99,4,3,3,0,1,0
97.27,54.05,8.0,6,1,0,1,3,0,1,3,1,2,29.95,67.01,1,0,0,2,1,0
60.42,90.68,9.88,3,2,0,1,2,1,0,1,0,1,56.72,37.18,5,2,3,6,0,0
98.15,91.41,6.0,3,2,0,0,4,1,1,0,1,1,54.23,76.41,3,0,3,10,1,1
53.19,88.99,9.72,1,1,0,1,4,0,1,4,0,3,17.64,35.1,1,3,2,10,1,1
67.96,75.53,8.03,6,0,1,0,5,1,0,3,0,3,21.41,29.28,5,0,4,5,1,0
80.86,83.0,5.47,1,1,1,1,2,0,1,3,0,0,40.4,48.41,2,5,6,6,0,1
63.57,83.9,8.35,4,1,1,0,4,0,0,4,0,2,77.9,62.14,4,2,6,2,0,0
78.95,63.44,9.57,0,1,1,1,1,1,0,3,0,3,54.97,71.77,4,0,6,2,0,1
91.53,70.47,6.2,0,1,1,0,2,0,1,1,0,3,19.75,5.18,3,3,1,7,1,0
62.54,84.12,6.87,2,1,1,0,3,0,0,2,1,0,84.08,67.15,1,1,6,3,0,0
69.13,91.84,6.11,0,2,0,1,2,0,0,1,1,3,99.99,78.15,3,0,3,6,0,0
87.6,94.38,9.55,0,0,1,0,3,1,0,4,1,2,73.15,5.31,3,1,5,3,0,1
57.14,58.49,5.79,0,0,1,1,5,0,0,1,1,3,3.99,98.32,5,2,0,4,1,1
99.28,70.62,6.55,0,2,1,0,1,1,0,5,0,1,98.72,87.1,5,2,5,3,1,0
85.84,75.13,9.35,4,1,0,1,5,0,0,0,1,1,68.66,26.29,2,3,6,2,1,1
72.1,95.84,5.16,1,1,1,1,1,0,1,1,1,0,19.93,90.18,3,4,6,0,1,0
79.91,91.12,5.15,5,0,1,1,5,0,0,3,1,3,55.68,60.62,2,0,5,0,0,0
85.14,55.11,9.43,6,1,0,1,1,1,0,3,0,1,3.76,22.0,1,5,6,5,0,0
80.76,91.91,6.36,3,1,1,1,4,1,0,0,1,1,27.56,24.27,3,0,5,9,1,1
65.87,81.28,8.07,4,2,1,0,3,0,1,2,1,3,96.1,98.48,4,3,1,3,1,0
68.2,65.43,7.91,6,2,1,1,3,0,0,5,0,0,29.76,38.48,2,4,6,7,1,0
87.91,69.34,8.36,5,1,1,1,3,1,1,3,0,0,71.95,55.26,5,5,1,7,1,1
73.69,52.16,5.84,0,2,0,0,2,1,1,1,0,1,91.23,93.78,4,3,1,9,0,1
83.62,98.69,8.12,4,0,0,0,5,1,1,4,0,0,71.76,33.6,4,5,1,6,1,0
74.87,55.2,7.43,6,1,1,0,2,1,0,4,1,3,81.36,17.68,1,5,6,9,1,0
89.13,88.05,5.88,4,0,0,0,3,1,0,5,0,1,91.53,96.82,4,4,0,5,0,0
89.59,82.06,8.37,4,0,0,0,4,1,1,2,1,3,63.72,78.13,2,5,2,1,1,1
75.11,75.85,5.07,0,1,1,1,3,0,0,3,0,2,16.07,69.24,3,2,1,9,0,0
55.86,97.05,9.75,2,1,0,1,3,0,1,1,0,3,21.64,57.52,3,2,2,1,1,1
84.27,70.56,5.69,4,1,0,0,2,1,1,0,1,3,24.81,57.57,4,5,3,0,0,0
93.38,85.7,6.15,0,2,1,1,1,1,1,2,0,1,15.31,39.76,4,5,6,5,1,1
84.16,80.48,8.56,0,2,0,1,5,0,0,1,0,2,25.16,30.89,2,2,0,8,0,1
82.75,82.04,8.63,0,1,1,1,2,1,0,4,1,0,41.61,35.18,5,0,2,0,0,1
61.04,67.12,8.72,6,2,0,0,2,1,0,1,0,0,75.21,45.31,1,0,4,1,0,0
95.05,81.88,9.92,1,0,1,1,5,0,1,2,1,1,75.75,49.33,3,2,0,1,0,0
95.24,77.46,8.31,4,2,1,0,2,0,0,4,0,0,88.16,1.11,4,5,4,4,1,0
58.08,91.59,6.68,0,1,1,0,5,1,1,0,1,1,0.99,42.87,3,1,3,2,1,1
56.39,99.69,5.89,0,1,0,1,5,0,0,4,0,2,59.64,75.36,1,2,3,4,1,0
82.14,64.14,9.84,5,1,0,1,3,0,1,5,0,2,37.55,78.66,2,3,1,4,1,1
88.73,87.32,8.06,4,2,0,0,3,0,0,1,1,0,33.72,31.02,5,4,1,6,0,1
95.45,79.43,5.23,1,1,0,1,4,0,0,1,0,1,92.23,94.88,5,5,2,7,0,1
90.82,66.0,9.02,2,1,1,0,1,0,0,0,1,0,48.52,72.06,5,0,3,6,0,0
73.4,96.14,9.28,3,0,1,1,2,1,0,3,1,2,43.51,24.33,1,0,5,7,0,1
51.25,89.57,6.72,6,0,0,0,3,1,0,4,0,1,38.11,27.81,1,0,1,10,0,1
72.07,91.42,7.91,1,0,1,0,1,1,1,0,1,3,65.65,42.86,5,4,2,3,0,1
83.65,70.52,5.73,2,2,1,0,4,1,1,1,0,3,27.91,64.47,4,2,0,3,0,0
97.91,81.8,7.91,5,1,1,1,4,1,0,2,1,3,19.55,54.97,1,1,5,3,0,0
92.5,77.84,5.98,3,2,0,0,2,0,1,3,1,0,42.78,93.59,1,4,2,9,1,1
91.0,74.31,7.13,0,0,0,0,2,0,1,3,1,3,55.78,13.71,2,2,4,5,0,0
94.0,54.55,6.86,4,1,0,1,2,1,0,1,1,0,13.26,24.09,2,3,0,5,1,0
79.13,77.4,6.24,3,2,0,1,2,1,1,1,1,1,22.19,6.7,3,5,3,4,0,0
53.4,76.18,7.34,3,1,1,0,1,0,1,4,1,3,35.93,84.54,3,1,2,8,1,1
79.1,81.28,8.2,6,0,1,1,4,0,1,5,0,3,13.34,11.83,3,5,0,0,1,1
55.49,75.59,8.89,4,2,0,1,2,0,1,1,0,2,47.71,82.64,4,1,0,1,1,0
77.2,65.7,6.4,3,1,0,1,2,1,0,2,1,3,24.2,63.97,4,4,5,4,1,1
56.49,64.46,9.56,6,2,0,0,2,0,1,0,0,1,74.45,11.16,5,2,5,10,1,0
94.21,52.93,6.23,4,0,0,0,1,1,0,3,1,2,33.09,6.51,4,5,5,1,1,0
98.44,97.56,5.78,1,1,1,1,3,1,1,0,1,3,58.53,21.45,4,2,1,2,1,1
54.76,57.77,8.92,3,1,0,1,4,0,0,3,1,1,2.27,29.95,4,2,3,4,1,1
92.23,85.61,7.96,3,1,0,1,2,0,1,2,1,1,79.89,27.63,4,2,6,9,0,1
82.88,98.14,9.26,6,2,0,0,3,1,0,1,1,2,50.57,16.81,4,1,6,0,1,0
73.1,95.63,5.27,1,2,1,1,2,1,0,0,0,1,5.71,21.83,3,5,3,7,0,0
75.68,73.85,7.08,5,2,0,1,1,1,0,5,0,2,28.27,27.79,1,1,2,4,0,0
85.9,91.05,9.29,0,2,0,0,1,1,0,1,0,2,91.14,23.64,2,1,0,8,0,0
70.75,63.21,6.93,0,2,1,1,3,0,1,3,1,2,38.84,8.34,5,5,0,8,1,0
95.04,55.22,5.42,4,1,1,1,4,0,1,1,0,2,66.53,96.62,4,5,1,8,1,1
55.05,51.55,7.51,5,1,0,0,1,1,1,4,1,3,44.0,32.34,1,3,3,0,1,0
70.69,63.77,9.17,0,0,1,1,4,0,1,3,1,2,76.74,84.87,3,4,6,5,0,0
51.29,88.15,7.12,2,1,1,1,4,0,1,3,1,3,64.0,52.38,3,2,5,3,1,1
96.43,80.24,7.79,0,1,0,0,1,1,1,3,1,1,37.06,68.61,1,3,0,7,1,0
82.53,77.11,6.85,3,1,1,1,1,0,0,4,0,3,56.98,80.25,2,3,2,1,1,1
80.44,85.91,9.54,0,2,1,0,5,1,0,5,0,0,71.55,95.45,4,5,1,5,0,0
72.77,94.41,7.02,1,2,1,1,4,0,1,2,0,2,69.34,67.25,1,3,0,7,1,1
55.19,60.9,5.71,2,0,0,1,5,0,1,1,1,1,69.0,83.23,3,0,0,10,0,1
96.74,55.55,8.19,1,0,1,1,2,1,1,2,0,1,70.9,53.47,2,5,3,2,0,0
64.25,74.51,7.25,6,2,0,1,1,0,1,5,1,1,35.19,98.54,5,2,4,1,1,1
50.1,80.76,9.78,0,0,1,0,2,1,1,5,1,2,57.78,40.92,3,1,2,10,1,1
69.63,56.16,6.6,1,1,0,1,1,0,1,3,0,0,77.3,90.35,1,5,1,7,0,1
63.04,69.19,9.05,2,2,1,0,2,1,1,2,0,3,32.16,68.81,5,2,2,2,0,1
75.56,50.89,7.87,1,2,0,0,1,1,1,3,1,0,44.67,15.61,1,2,5,8,0,1
64.57,76.97,7.8,2,2,1,0,2,1,0,1,1,3,31.73,48.8,4,2,1,6,1,0
52.89,97.81,6.58,0,2,0,1,3,0,1,5,0,2,4.26,34.59,4,1,5,3,1,0
57.59,74.73,9.32,6,1,0,0,2,0,0,5,1,0,28.04,74.57,1,5,3,1,1,1
86.07,88.08,6.93,0,0,0,0,3,1,0,1,1,0,38.74,34.26,2,2,5,2,1,1
97.4,60.34,8.65,6,0,1,1,4,0,0,5,0,0,75.38,22.2,4,4,0,0,0,1
59.98,61.73,9.94,5,1,1,0,3,1,1,1,1,0,62.15,53.59,1,4,6,6,1,0
62.52,80.7,5.78,0,0,1,1,5,0,0,5,1,2,66.88,74.93,4,3,4,5,0,0
89.9,61.76,5.91,0,1,0,1,1,0,1,3,1,0,6.97,13.91,1,0,0,2,0,1
77.46,96.09,5.46,0,1,0,0,5,1,1,2,1,1,69.51,52.96,2,2,3,3,0,1
53.05,92.41,7.18,0,0,0,0,3,1,1,1,0,1,96.05,37.69,5,5,1,7,1,0
50.55,82.51,5.92,3,1,0,1,3,0,0,2,0,2,70.09,48.85,2,5,4,7,0,1
80.14,94.42,9.02,4,1,0,0,2,0,0,3,0,3,33.01,79.49,2,2,5,8,0,0
51.88,82.54,7.62,0,2,1,0,2,0,0,3,0,2,85.59,68.11,2,3,0,5,0,0
77.16,93.31,5.33,5,1,1,1,5,0,0,4,0,0,59.94,93.77,5,5,6,7,1,0
97.17,80.38,9.4,2,0,1,1,3,1,1,1,0,1,90.68,56.51,2,1,0,2,0,1
51.69,82.09,5.66,5,1,0,0,2,1,1,2,1,3,55.63,28.74,4,5,3,1,1,0
92.49,65.41,9.29,6,1,1,0,5,0,1,4,0,0,37.45,9.05,5,2,6,10,1,0
66.23,96.5,7.66,3,2,1,0,5,1,1,4,0,0,22.72,44.38,5,2,2,3,0,0
93.03,68.85,9.99,2,0,0,0,2,1,1,4,0,1,62.97,17.03,1,0,5,10,0,1
59.99,56.29,8.61,2,1,1,0,5,1,0,1,1,3,96.19,12.11,2,4,3,8,0,0
94.01,91.97,9.17,4,0,0,1,3,0,0,3,0,0,94.61,18.59,1,3,1,7,1,1
56.14,62.72,5.73,3,2,1,1,4,0,1,1,1,2,97.64,19.4,2,0,1,8,0,0
96.77,88.06,8.58,1,2,1,1,1,1,0,0,1,0,87.85,36.95,5,5,5,1,0,0
95.64,76.97,6.56,4,1,0,0,5,0,1,1,1,0,26.1,29.79,2,3,6,6,1,0
78.18,60.52,7.64,0,2,0,1,1,0,1,2,0,1,82.73,93.1,2,5,4,9,0,0
90.24,69.6,6.39,6,0,1,0,4,0,0,4,1,1,43.13,79.31,2,2,0,2,0,1
98.12,97.4,9.2,5,0,1,1,5,1,0,3,1,3,2.31,85.07,5,5,4,3,0,1
65.59,54.82,7.22,1,0,1,1,3,1,0,3,1,0,51.95,11.83,2,2,4,1,0,0
97.18,89.06,7.91,6,1,0,1,4,0,1,4,1,3,59.26,11.8,4,4,6,1,1,1
90.15,81.22,8.35,0,2,0,1,2,0,1,1,0,1,11.54,69.08,1,0,3,4,1,0
60.42,68.99,5.79,1,1,1,0,3,0,1,2,0,0,3.1,66.7,4,5,2,9,1,0
93.04,72.0,6.43,2,1,1,0,3,0,1,1,0,2,81.59,20.39,3,4,5,3,0,1
85.33,74.16,9.57,0,2,1,1,4,1,0,1,0,1,51.72,72.76,4,4,4,8,0,1
89.54,60.62,6.52,0,1,0,1,2,0,0,1,0,2,93.49,7.03,3,0,2,6,1,1
68.29,80.41,7.43,2,2,1,1,4,1,0,0,0,2,55.21,42.41,4,4,4,4,1,0
60.63,79.35,7.84,4,1,1,1,5,1,1,2,0,2,5.64,18.8,5,5,5,8,1,1
90.84,79.6,7.13,5,0,1,0,2,0,0,3,1,1,3.04,41.96,4,0,6,10,1,0
56.82,73.66,6.11,1,0,1,1,5,1,0,1,0,3,46.73,77.95,4,1,1,2,0,1
68.2,90.99,5.58,6,2,0,1,1,0,0,2,0,0,92.36,25.59,4,4,4,8,0,0
96.34,82.76,9.25,5,1,0,0,1,0,0,2,1,2,0.61,19.84,4,4,6,3,1,0
93.25,92.19,6.28,1,1,0,0,1,0,1,4,0,3,73.38,39.17,5,3,6,1,0,0
76.99,86.39,7.46,2,0,0,0,4,0,1,3,0,2,15.82,85.28,5,2,2,4,0,1
79.34,62.67,8.91,3,1,1,1,1,0,1,0,1,1,97.75,57.26,3,4,6,2,0,0
91.69,67.46,8.77,2,1,0,1,4,1,1,1,0,1,45.63,14.01,3,1,6,9,0,1
62.82,65.08,9.93,6,1,0,0,3,0,0,1,1,2,53.39,62.69,4,5,0,2,0,1
57.84,67.83,8.07,1,1,1,0,4,1,0,3,1,3,84.99,36.0,2,3,4,1,0,0
64.65,51.15,8.77,0,1,0,1,2,0,1,4,1,2,7.18,56.69,3,2,5,10,0,0
84.11,53.67,7.81,0,2,1,0,1,1,1,3,1,2,59.93,11.24,4,0,3,7,0,1
99.46,68.65,7.05,3,0,0,0,3,1,1,1,1,3,51.76,73.73,4,3,5,1,0,1
99.65,62.44,5.99,2,0,0,1,2,0,1,3,0,2,9.54,55.39,3,1,3,4,0,0
59.6,94.32,7.75,2,1,1,1,3,1,1,0,1,0,70.46,71.36,1,3,4,7,0,0
58.43,68.28,5.91,2,0,0,0,5,1,0,5,1,2,27.12,55.57,2,3,2,7,1,1
59.45,59.99,8.62,1,0,1,1,5,1,1,2,0,3,52.42,45.86,3,0,0,4,0,1
55.15,59.02,6.84,3,2,0,0,2,0,0,2,0,0,58.28,32.26,2,2,6,10,0,0
97.84,80.12,9.38,2,1,0,0,5,1,1,3,1,1,52.16,84.51,5,5,0,9,1,1
55.47,84.38,9.4,2,1,0,1,3,1,1,1,0,2,46.91,83.62,2,5,6,4,0,0
83.16,54.01,6.98,0,0,1,0,3,1,0,3,1,3,48.39,27.41,3,0,6,8,1,0
89.25,61.64,8.83,1,0,0,1,1,1,0,2,1,0,2.15,56.58,5,2,4,4,0,1
68.69,83.83,5.53,1,2,1,1,2,0,1,4,1,2,61.33,73.48,5,4,0,4,0,1
59.4,62.45,9.54,2,0,0,1,5,1,1,1,0,1,98.99,14.49,2,3,0,1,0,0
64.86,92.83,6.54,3,2,1,1,1,1,0,5,1,2,0.92,50.47,5,3,2,7,1,1
95.62,68.28,8.6,1,2,1,0,4,0,1,3,0,1,95.15,17.47,2,5,4,8,0,0
52.32,73.24,9.69,4,2,0,0,3,0,1,5,1,0,41.28,96.54,2,1,0,1,0,0
94.89,99.28,9.93,0,0,1,1,5,1,0,1,0,1,59.42,29.18,3,4,6,0,0,0
51.4,69.69,7.52,5,0,1,1,5,0,0,2,1,2,73.06,45.29,3,1,4,6,1,0
60.06,51.9,5.43,5,1,0,1,4,0,1,3,1,2,47.42,32.16,2,3,3,5,0,1
59.05,57.89,7.02,6,2,0,1,2,0,0,4,1,2,39.32,86.52,4,3,5,1,1,1
93.36,67.44,8.31,6,0,1,1,1,0,0,2,0,1,8.82,2.94,2,2,0,10,0,0
85.78,88.83,9.96,1,0,1,1,3,0,1,3,0,1,81.13,59.41,4,5,5,5,0,0
62.27,60.61,8.6,4,2,1,1,4,0,1,1,0,2,58.37,96.03,2,2,3,5,0,0
85.2,84.94,6.3,5,2,0,1,4,1,0,3,0,0,46.13,10.28,3,3,2,4,0,1
87.96,69.47,6.9,6,2,0,0,1,0,0,3,1,0,14.35,24.88,5,5,3,0,0,0
79.34,86.27,7.25,0,2,0,0,4,0,0,4,0,1,79.62,73.6,3,0,4,8,0,1
79.24,76.24,5.6,5,1,0,1,5,0,1,2,1,0,1.74,56.27,4,2,4,5,0,1
95.64,78.12,5.72,3,0,1,1,2,0,1,3,1,0,16.49,38.1,2,3,5,3,1,0
81.49,85.01,8.1,0,0,0,0,2,1,0,2,0,3,10.42,85.34,5,4,1,2,0,1
51.98,96.48,9.77,2,1,1,0,3,0,0,3,1,1,43.06,91.26,4,0,4,8,1,0
96.19,57.27,5.28,5,1,1,0,1,0,0,1,0,1,74.86,23.7,1,0,4,1,0,1
70.72,97.55,7.2,6,2,1,0,1,0,0,4,1,0,96.13,53.82,3,2,3,4,1,1
50.8,75.65,8.22,4,1,0,0,1,1,0,3,1,3,70.48,90.06,1,5,5,4,1,0
76.89,56.27,9.04,4,1,0,1,4,1,1,0,1,3,10.94,75.86,4,2,6,10,1,1
97.01,88.79,5.14,0,2,0,0,1,1,1,0,1,1,37.33,82.03,1,4,5,8,0,0
86.95,79.8,6.21,1,2,0,0,5,0,1,0,1,3,75.2,10.16,1,1,3,1,0,1
92.49,56.63,7.41,4,2,1,1,5,1,0,1,1,1,54.86,8.38,2,4,2,1,1,0
73.66,59.21,7.05,5,1,1,0,4,1,0,4,1,2,28.34,68.02,5,5,2,5,0,1
88.16,75.84,5.63,6,0,0,1,4,0,1,4,0,3,11.69,47.56,5,4,4,5,1,0
92.25,57.93,6.69,3,0,1,1,2,0,0,0,0,0,76.6,33.94,4,5,2,1,0,0
90.12,88.1,9.95,3,2,1,0,5,1,0,1,0,2,7.0,88.72,1,1,4,0,0,1
89.82,92.57,8.36,1,1,1,0,5,1,1,3,1,0,99.54,85.24,1,5,1,9,0,1
95.27,64.74,7.91,2,1,1,1,2,1,1,5,0,3,5.5,92.06,3,0,3,2,0,0
72.99,88.75,8.18,3,2,0,1,4,1,0,0,1,3,25.61,79.67,4,2,0,7,0,1
68.64,81.08,9.44,1,2,1,0,1,0,0,0,1,3,80.0,25.33,4,5,1,7,1,0
92.61,80.62,7.41,3,2,1,0,5,1,1,4,1,2,72.31,46.85,4,5,0,2,1,0
62.43,83.98,5.47,2,1,1,0,1,1,0,0,1,1,25.38,36.53,1,0,4,10,1,0
66.15,73.54,9.76,6,2,1,1,4,1,0,5,1,0,29.01,9.28,3,5,3,0,1,0
98.39,81.57,8.13,1,1,1,1,1,0,1,1,0,1,58.44,40.36,4,1,5,2,0,0
51.2,89.09,7.49,1,1,0,0,2,1,0,3,0,1,68.21,80.23,1,4,2,2,1,0
67.82,88.37,5.91,3,2,1,0,2,0,0,1,1,2,40.05,19.74,3,5,0,9,0,1
89.51,64.8,6.41,6,2,1,0,2,1,0,2,1,2,58.83,68.85,3,3,2,7,1,1
66.66,90.85,7.95,3,1,1,1,5,0,1,4,0,2,22.28,12.24,1,3,1,1,0,0
87.05,62.82,6.24,1,0,1,0,3,1,1,1,0,0,54.84,67.71,2,4,1,2,1,1
78.95,77.95,8.97,0,2,0,1,4,1,0,0,0,2,75.47,87.97,5,0,2,3,0,0
51.28,66.93,7.18,5,0,1,0,5,1,1,0,0,2,78.67,60.56,5,5,2,0,0,0
55.35,82.22,7.86,2,2,0,0,2,0,1,2,0,0,27.64,77.76,3,0,2,10,1,0
83.13,87.92,5.47,3,1,1,1,4,0,1,4,0,2,62.1,90.16,5,5,0,5,0,1
73.26,73.9,8.86,0,0,1,0,3,0,1,0,1,2,2.86,49.02,4,4,6,4,1,1
77.46,63.44,6.53,5,1,1,1,5,0,1,5,0,0,41.26,71.35,5,5,0,3,0,1
97.69,51.17,5.1,0,0,0,0,5,0,0,1,0,2,47.17,11.19,5,4,3,8,1,0
94.52,61.54,5.17,3,1,0,1,5,0,0,4,1,2,71.46,14.71,4,2,1,10,0,0
71.58,56.76,6.92,1,1,1,0,2,1,0,4,0,2,10.95,49.12,1,5,0,9,0,1
60.56,91.25,7.2,3,0,1,1,2,0,1,2,1,0,90.77,86.16,4,4,4,3,1,0
79.6,94.04,5.71,4,0,0,0,5,1,0,0,1,0,87.97,22.14,1,1,0,7,0,0
97.18,62.25,9.82,6,1,1,0,2,1,0,1,0,0,61.97,58.0,2,2,5,7,0,1
85.85,90.04,6.08,4,2,1,1,5,1,0,1,1,3,44.68,97.14,3,1,4,9,1,1
62.54,74.28,9.43,4,1,0,1,5,0,1,1,1,0,48.97,12.82,3,0,3,10,1,0
75.76,58.08,7.02,6,2,0,1,5,1,1,2,0,1,95.59,69.56,4,5,4,4,0,1
90.31,70.85,8.07,3,0,1,0,1,0,1,3,1,0,73.57,91.61,2,5,4,5,1,0
70.49,57.67,7.12,1,0,1,1,1,1,1,4,0,0,64.61,50.34,4,5,6,10,1,0
61.58,84.98,7.93,5,2,0,1,2,1,0,3,1,2,64.33,91.37,3,5,5,7,0,0
62.68,54.47,9.78,6,2,0,0,4,0,0,4,1,3,39.51,74.59,3,1,4,0,0,1
93.47,65.16,6.25,2,1,0,1,2,1,0,2,1,2,60.65,95.88,2,3,1,8,1,1
95.83,68.09,7.43,5,0,0,0,3,0,1,3,1,0,77.13,40.2,4,3,5,4,1,1
75.4,74.16,8.59,6,0,1,0,4,1,1,3,0,3,22.89,99.86,1,2,6,10,0,1
67.33,64.09,8.48,1,1,0,0,2,0,0,3,0,3,84.75,84.43,3,2,5,6,1,0
78.44,56.57,8.51,6,2,1,0,5,1,1,0,1,1,33.71,2.19,5,1,0,10,0,0
95.76,88.2,7.47,2,1,0,1,5,1,0,2,1,1,73.02,63.78,1,3,1,10,0,1
57.2,88.07,9.51,5,2,1,1,4,0,0,0,1,3,39.64,28.75,5,2,2,1,1,0
57.24,88.27,5.34,0,2,1,0,5,1,1,2,1,1,64.83,37.92,3,5,2,4,0,0
62.22,74.17,6.16,4,1,0,0,3,0,0,4,1,0,14.56,59.99,1,1,1,6,1,1
95.49,75.89,8.41,3,2,1,0,3,1,1,1,1,2,46.24,4.94,5,3,3,2,1,0
81.88,51.8,5.02,6,2,1,0,4,0,1,1,0,0,28.06,20.25,3,5,6,6,1,0
80.37,65.53,5.47,2,2,0,1,5,0,0,1,0,0,76.69,37.57,3,5,5,5,0,1
52.2,94.87,7.99,4,2,0,1,1,1,1,3,1,1,95.9,95.6,3,2,6,2,0,1
83.72,52.33,5.21,2,2,0,1,4,1,0,2,0,1,37.79,34.3,4,2,3,8,1,0
52.69,56.29,5.09,2,2,1,0,3,1,1,5,0,1,27.02,70.72,3,0,0,5,1,0
99.38,70.91,7.77,1,1,0,0,1,1,1,2,0,3,96.26,66.58,4,0,0,8,0,0
99.72,56.38,5.32,3,2,1,0,2,1,0,4,1,2,6.15,28.35,2,3,2,1,1,0
86.43,73.93,6.37,0,2,0,1,3,0,0,5,1,2,21.75,47.24,2,3,1,7,0,1
66.2,88.78,6.09,4,2,0,0,5,0,1,0,0,3,40.03,37.22,5,1,4,3,1,1
89.46,51.71,7.07,6,0,1,1,2,0,1,1,0,2,32.09,60.89,4,0,5,0,1,1
67.16,74.31,5.68,4,0,0,1,5,1,1,2,1,2,31.74,18.79,4,5,4,4,0,0
51.03,53.07,8.96,5,2,0,0,1,1,0,2,1,3,21.29,76.99,5,5,2,4,1,0
92.77,81.5,9.1,1,0,1,0,3,1,1,1,0,2,85.82,82.52,5,4,3,3,0,0
96.52,62.82,5.01,4,1,1,0,4,1,1,1,1,3,41.95,22.02,4,0,0,7,0,1
78.06,69.63,9.18,2,0,1,0,4,1,0,5,0,2,13.68,37.77,2,0,6,9,0,0
77.82,53.36,7.64,2,2,0,1,3,1,1,3,0,3,69.86,63.01,3,1,4,2,0,0
99.65,82.4,6.18,3,0,1,0,4,1,0,3,0,1,63.2,66.02,1,0,1,3,0,1
82.8,83.29,9.43,4,1,1,1,4,0,1,0,0,3,35.37,36.88,2,3,6,5,0,1
95.86,87.55,6.82,5,2,1,1,4,0,1,2,1,0,21.33,70.43,1,2,0,3,1,1
81.68,61.08,9.34,4,1,1,0,4,1,1,2,1,3,29.73,17.58,2,4,0,7,1,0
56.64,81.39,8.41,1,2,1,1,5,0,1,3,1,3,35.47,57.58,4,2,5,6,1,1
56.23,64.67,9.64,5,0,0,0,5,0,1,2,0,1,26.95,84.53,5,5,3,5,0,1
71.64,64.2,6.28,1,1,1,0,4,1,1,2,0,0,21.27,27.4,2,2,4,1,0,0
58.93,59.55,5.8,0,0,0,0,4,1,0,3,0,0,15.22,70.64,4,3,5,5,1,0
84.6,89.87,7.36,5,2,0,0,2,0,1,3,0,2,21.85,18.01,3,4,6,10,1,1
90.11,77.17,5.32,0,0,1,0,3,0,1,2,1,2,79.5,13.89,5,3,3,0,0,1
86.37,88.93,9.34,6,1,1,1,2,0,0,2,1,0,89.52,2.12,4,1,2,9,0,0
55.81,75.32,6.02,5,2,1,0,4,0,1,1,0,2,51.18,68.42,1,5,5,5,0,0
79.56,76.72,5.97,2,0,1,0,5,1,1,4,0,0,2.15,69.78,3,1,1,9,0,0
80.28,92.51,7.29,2,1,0,0,3,1,0,1,0,0,59.82,68.18,2,2,5,5,0,0
83.84,55.33,8.89,1,0,0,0,5,0,1,1,0,2,4.31,21.08,2,4,2,8,1,0
69.57,78.6,9.83,6,1,0,1,3,1,1,0,1,1,84.43,20.23,5,2,4,3,0,1
56.16,71.45,6.34,3,1,0,0,4,1,1,1,0,0,18.66,65.14,1,5,6,0,1,0
60.13,68.94,7.62,6,0,1,0,4,1,1,5,0,1,30.31,56.96,4,5,1,10,1,1
56.61,94.48,5.56,5,2,0,1,5,1,0,5,1,0,70.26,58.78,4,3,4,10,1,0
96.25,61.63,8.38,3,1,1,1,1,0,0,0,1,0,87.1,39.58,5,1,6,3,0,0
53.25,76.7,9.78,5,0,1,1,3,0,0,3,1,0,31.46,58.2,2,4,5,2,0,0
91.19,82.09,6.32,0,2,0,1,5,1,0,2,0,2,99.57,24.31,5,1,5,8,0,0
78.88,98.62,5.35,2,0,1,1,4,0,0,4,1,0,31.37,74.76,2,2,4,2,1,1
96.57,70.1,5.81,6,1,0,0,3,0,1,2,1,1,45.02,82.19,3,5,2,10,0,0
87.25,87.51,8.02,2,1,0,0,1,0,0,3,0,2,41.71,14.48,1,3,0,4,0,0
90.04,59.65,9.95,5,0,1,0,1,1,0,4,0,1,66.86,97.18,3,3,1,4,0,0
73.56,64.56,7.02,2,2,1,0,4,0,0,3,0,3,65.36,78.3,1,0,4,10,1,0
70.67,69.72,8.62,0,1,0,1,2,0,0,2,0,0,13.32,2.45,4,5,3,9,1,0
70.84,91.1,6.52,3,1,1,1,4,1,0,4,1,0,4.13,11.17,1,2,0,3,1,1
78.29,77.9,5.38,3,0,0,0,3,1,0,5,1,2,37.03,10.36,4,1,5,9,0,1
94.31,97.64,9.1,0,1,0,1,3,0,0,5,1,3,73.7,10.78,2,3,6,5,1,0
70.62,79.41,5.02,5,1,0,0,1,1,0,0,0,1,86.86,84.15,5,0,1,7,1,1
88.23,79.33,8.06,5,2,0,1,1,1,1,1,1,0,11.43,97.41,1,4,6,4,1,1
84.8,90.82,9.89,3,1,1,0,1,1,0,1,1,1,49.37,13.39,4,0,1,5,0,0
89.09,62.21,5.74,5,1,0,1,4,0,1,5,0,2,94.2,15.61,3,5,2,3,0,1
57.63,75.25,7.18,1,2,0,0,5,0,0,5,1,3,21.15,11.27,5,0,0,5,1,1
89.14,88.51,9.47,4,2,0,1,3,0,1,5,0,1,22.43,36.94,2,3,3,8,1,1
89.27,82.65,9.74,0,1,0,1,5,1,0,5,1,1,23.62,12.11,3,3,4,5,0,1
78.05,53.04,7.9,2,1,0,1,5,0,0,4,0,0,79.46,19.8,5,0,3,5,0,1
74.52,53.21,9.77,6,1,1,0,4,0,1,3,1,0,76.34,49.49,2,5,5,7,1,1
52.39,77.57,9.06,1,2,0,0,1,1,1,4,1,0,53.99,6.81,4,4,0,4,0,0
53.44,87.16,5.03,0,2,0,1,4,1,1,4,0,2,13.96,9.81,2,0,0,2,1,0
98.79,91.6,5.31,2,0,1,1,5,0,0,2,1,2,96.29,46.3,4,5,2,9,1,1
68.02,78.49,5.93,2,2,0,1,4,0,1,4,0,1,67.73,96.19,5,0,2,8,0,0
76.12,58.42,8.56,5,1,1,0,4,0,0,3,0,2,54.7,86.24,5,1,2,5,0,0
80.97,78.89,6.42,1,1,1,1,1,1,1,1,1,0,19.19,28.35,4,2,0,2,0,1
96.03,75.58,7.87,6,2,0,1,4,0,1,0,1,3,4.65,31.25,2,1,2,7,1,1
85.53,89.8,9.01,0,0,1,1,3,1,0,1,0,2,57.57,93.64,4,4,5,1,0,1
75.38,86.26,7.8,4,0,1,1,5,0,0,2,1,2,32.86,7.45,3,0,1,10,0,0
88.65,76.27,7.44,0,2,0,1,5,0,0,1,1,2,55.16,39.51,3,5,6,10,0,1
58.41,61.36,8.01,2,0,1,0,2,1,0,2,0,1,8.68,72.97,5,2,1,7,0,1
97.25,77.02,7.06,3,1,1,0,2,0,0,3,0,3,65.0,79.2,4,5,3,8,0,1
67.11,53.49,9.58,6,1,0,1,5,1,1,2,0,3,40.2,18.11,5,4,5,8,0,0
96.66,85.15,8.31,2,1,1,1,4,1,1,5,1,1,16.2,6.96,1,4,4,10,0,1
98.61,87.32,5.55,0,2,1,1,2,1,0,1,0,1,73.85,79.73,2,4,5,0,1,0
72.74,77.49,9.5,4,2,1,0,4,0,1,2,0,3,17.33,95.1,2,2,3,7,1,0
62.93,58.5,9.44,2,2,0,0,4,0,1,4,0,0,79.8,27.72,5,0,2,4,1,0
78.51,85.13,9.94,3,0,1,1,4,0,0,2,1,1,28.0,69.1,3,0,6,2,1,0
86.45,53.11,8.89,1,1,1,1,1,1,1,3,1,0,82.18,95.35,2,5,0,0,0,1
53.52,94.54,8.05,3,0,0,0,5,1,1,3,1,2,79.7,60.87,1,1,3,10,0,1
66.0,58.91,6.73,2,2,0,1,3,0,1,0,0,0,55.86,23.43,1,0,4,1,0,1
84.78,73.88,9.78,0,0,1,1,2,1,0,2,1,1,94.95,37.15,3,3,0,6,1,0
86.77,70.74,6.89,3,0,0,1,2,1,0,0,0,3,84.25,10.1,5,2,0,0,1,0
83.74,52.02,6.88,2,1,0,0,2,1,0,3,0,2,56.3,1.87,3,0,6,8,0,0
78.75,55.9,5.91,6,1,0,0,3,1,1,1,0,2,94.07,15.77,1,1,6,8,1,1
61.88,55.97,8.82,4,0,1,1,2,1,1,3,1,3,97.09,17.91,3,2,2,6,1,1
53.43,99.36,5.94,6,0,0,0,1,0,0,0,0,1,23.21,8.46,5,2,2,3,0,0
95.44,74.77,5.66,0,2,0,1,4,0,1,0,0,3,67.82,49.78,2,4,0,4,0,1
56.77,81.57,6.72,5,0,1,0,1,0,0,3,1,1,16.62,54.77,5,2,2,10,1,0
55.49,50.01,5.96,1,2,0,0,4,0,0,0,0,0,41.53,93.93,1,5,1,0,1,0
93.05,74.62,6.17,1,0,1,1,3,0,0,0,0,0,56.54,8.05,1,1,6,0,1,1
66.99,69.7,5.64,1,2,1,1,3,0,0,3,0,2,70.23,69.4,3,1,5,1,1,0
87.13,94.51,9.94,1,1,1,0,4,1,0,0,1,0,5.73,37.26,5,3,2,9,1,0
53.7,81.08,8.25,6,0,1,0,3,0,1,4,0,0,11.54,57.18,4,5,0,10,1,0
90.25,75.21,5.18,5,0,1,1,1,0,0,5,0,2,44.1,89.0,1,0,2,0,1,1
85.74,82.06,8.46,1,1,1,0,3,0,0,3,1,1,14.53,46.27,2,3,3,4,1,0
64.07,86.16,6.07,0,1,0,0,2,0,1,3,1,2,31.11,31.15,3,1,4,2,1,0
97.32,62.94,6.12,3,2,1,1,4,1,1,0,1,2,54.63,11.83,3,1,4,4,0,0
55.69,97.3,5.86,3,1,1,1,2,1,0,0,1,2,9.0,59.89,1,2,5,10,0,1
91.98,79.26,5.86,2,2,0,0,4,0,0,5,1,1,63.86,40.2,1,3,0,3,0,1
52.19,65.89,6.11,6,0,1,1,3,1,0,2,0,0,49.8,21.17,4,4,2,1,1,1
50.53,66.78,8.29,2,0,1,1,2,0,1,4,1,2,13.52,88.58,3,0,4,3,0,1
74.76,68.38,7.64,0,0,1,1,1,1,0,2,0,3,70.01,15.2,5,2,5,6,0,1
71.82,81.95,7.64,1,1,1,0,2,0,1,3,0,2,46.5,51.85,5,4,4,8,1,1
96.7,79.59,8.88,5,2,0,1,3,1,1,2,1,1,51.63,67.26,4,2,2,9,0,0
85.39,96.88,5.8,0,1,0,0,3,0,0,2,0,2,15.06,54.31,1,3,0,8,0,1
74.99,53.84,5.33,0,0,0,0,2,0,0,0,0,2,60.09,86.74,4,0,4,5,1,0
98.15,82.73,6.05,5,1,1,0,3,0,0,1,1,3,1.63,72.21,3,4,5,2,1,1
53.85,71.35,5.5,1,2,1,1,1,0,0,1,0,1,81.03,91.31,4,2,1,3,1,1
94.57,55.67,7.45,0,2,1,1,5,1,1,5,1,3,37.68,7.48,4,1,0,4,0,1
96.04,99.6,7.52,2,2,1,0,1,0,0,1,0,3,26.21,48.0,2,5,0,9,0,0
96.78,63.98,5.43,5,0,0,1,4,1,1,4,0,0,9.88,12.46,2,0,1,6,0,1
58.34,69.76,6.2,0,1,1,0,2,1,1,3,0,3,47.53,68.22,2,0,1,3,0,0
56.12,69.72,9.02,5,0,0,1,3,1,1,0,0,0,99.23,31.56,4,1,4,9,0,0
60.74,86.77,5.02,4,1,1,1,4,1,0,0,0,0,0.13,4.97,4,4,0,1,1,1
86.28,70.79,5.37,2,0,1,1,3,1,0,4,0,1,41.01,12.22,3,4,3,9,1,1
66.34,75.27,5.06,0,2,1,1,3,1,0,4,1,1,9.95,17.12,1,5,4,5,1,1
73.22,89.58,7.85,5,0,0,0,5,0,0,1,1,2,20.03,70.53,1,2,5,4,1,0
95.41,84.92,8.62,0,0,0,1,5,1,1,3,1,2,61.22,91.83,4,4,5,3,1,0
85.62,79.57,8.31,1,1,1,0,3,0,0,0,0,3,26.9,50.67,1,0,3,5,1,0
52.3,73.32,6.96,1,1,0,1,1,1,1,3,1,1,1.71,64.63,1,2,2,8,0,0
77.46,92.33,6.58,2,1,1,1,1,0,1,0,0,2,5.58,0.52,4,0,4,2,1,0
82.99,56.04,7.13,0,2,0,1,1,0,1,4,1,1,14.93,14.42,5,5,0,3,1,0
89.96,96.48,5.54,5,0,0,1,2,0,1,5,1,1,7.91,60.76,1,4,2,3,0,1
69.21,52.02,6.03,5,1,0,0,2,1,0,1,0,0,55.84,33.02,4,4,2,10,0,1
88.41,58.0,5.83,3,0,0,1,3,0,0,4,0,3,43.17,26.11,3,3,1,1,0,0
83.4,79.71,5.5,4,1,0,1,4,0,1,2,1,1,83.27,47.29,4,0,2,9,1,0
91.96,59.72,7.75,6,0,0,0,1,1,0,0,0,3,62.71,17.72,3,5,5,3,0,1
99.54,59.66,7.35,2,2,1,1,4,1,1,2,0,2,10.29,48.99,4,1,2,8,1,1
82.59,94.52,6.22,4,1,1,1,1,0,1,2,1,1,55.91,73.52,5,3,4,6,1,1
76.49,71.3,6.9,2,1,0,1,1,1,1,0,0,3,85.77,31.19,3,1,0,7,0,1
70.22,55.0,6.55,0,1,0,1,4,0,0,4,0,0,14.14,22.12,4,4,4,10,0,1
58.77,61.2,8.05,0,2,0,0,5,1,0,1,0,1,50.36,81.0,1,4,2,6,0,1
50.39,92.73,8.4,3,2,1,1,2,0,1,2,0,1,98.42,96.75,3,3,3,6,1,1
71.32,59.92,8.03,3,0,0,0,2,0,0,2,0,3,97.17,23.82,5,3,5,8,0,0
63.16,87.88,6.23,4,1,0,1,5,1,1,1,1,3,78.09,71.84,2,1,3,10,0,1
85.77,64.48,5.43,5,2,0,0,2,1,1,3,1,1,52.82,12.94,4,5,3,10,0,0
77.4,58.42,5.17,5,2,1,0,3,0,1,0,0,0,29.08,47.86,4,1,6,0,1,1
52.96,98.7,7.13,5,1,1,0,4,1,1,3,0,2,20.54,45.47,1,2,1,3,0,0
85.63,90.29,9.65,1,2,0,1,5,1,1,0,0,3,11.73,40.91,2,1,3,6,0,0
68.88,68.86,9.34,1,2,0,0,3,1,1,2,0,3,18.21,60.97,5,2,1,3,0,1
85.91,86.4,9.31,2,0,0,1,3,0,1,0,1,0,0.76,6.49,1,5,6,5,0,1
54.45,52.2,6.63,0,2,0,0,2,0,0,1,0,2,26.72,29.83,4,2,1,2,1,0
86.38,63.29,5.98,0,2,0,0,1,0,1,3,1,3,17.36,2.29,1,5,2,1,0,0
51.69,97.11,7.66,0,0,1,0,5,0,1,3,0,3,52.38,3.95,4,5,2,8,0,0
61.6,55.22,9.86,4,2,1,0,1,0,1,3,0,2,1.04,82.4,2,5,0,1,1,1
59.18,79.97,8.83,0,2,0,1,2,0,0,0,0,1,42.63,57.53,3,1,3,9,1,1
56.0,59.84,7.24,2,1,1,0,4,1,0,4,1,1,40.45,57.99,4,4,2,7,0,0
82.92,50.01,5.28,3,2,0,1,2,1,0,2,1,2,30.75,45.1,5,3,1,4,1,0
84.79,51.15,7.44,4,2,1,1,5,1,1,0,1,0,97.94,87.05,5,1,1,9,0,1
98.74,82.45,7.26,4,0,0,0,2,0,1,5,0,0,57.85,26.12,2,3,4,10,1,1
90.42,57.37,6.38,5,0,1,1,2,0,0,2,0,2,28.29,15.57,3,0,0,6,0,0
82.52,91.36,5.13,2,0,1,0,5,0,1,1,0,0,84.78,57.76,2,2,5,8,0,0
88.75,85.68,6.59,3,0,0,0,2,1,0,0,1,0,32.42,47.3,1,3,6,0,1,0
86.25,64.49,6.39,3,1,1,0,5,1,1,3,0,2,75.62,72.76,2,1,1,5,0,0
88.81,57.01,5.59,4,1,1,1,5,0,0,1,0,1,21.84,79.84,4,0,6,10,0,0
79.16,69.86,9.86,2,2,0,1,3,0,1,4,1,2,84.41,80.62,2,1,3,9,1,0
90.69,64.05,8.83,4,1,1,1,5,1,0,1,1,2,24.89,19.58,4,3,5,1,1,1
53.07,96.51,9.99,3,1,1,1,5,1,1,2,1,3,16.17,53.0,1,0,4,6,1,1
79.91,68.27,6.73,4,1,0,0,5,0,0,5,0,2,59.22,75.37,1,1,6,9,0,1
99.35,75.89,7.92,2,1,0,0,1,0,1,0,0,0,2.18,68.64,5,1,3,9,0,0
92.44,81.21,7.88,5,2,0,0,4,0,1,2,0,1,28.3,44.0,5,1,0,0,0,1
70.26,82.29,9.09,3,2,1,0,3,0,0,5,0,1,56.72,26.65,5,2,4,3,0,1
75.75,53.73,7.86,1,2,0,0,2,1,1,4,0,0,10.99,75.74,2,1,6,2,0,0
60.54,59.76,7.24,4,0,0,0,5,1,1,1,0,1,30.27,38.28,2,1,3,0,0,1
60.52,81.62,6.35,1,0,0,0,4,0,0,2,1,2,37.67,26.09,1,0,0,4,1,0
93.61,74.16,9.89,2,2,1,0,3,0,0,5,1,0,22.04,37.02,4,2,2,2,0,1
84.56,68.05,8.55,6,0,1,0,4,0,0,1,0,0,41.96,18.66,4,4,1,1,1,0
57.25,93.97,5.93,5,0,1,0,5,0,1,4,0,0,83.7,94.76,3,2,5,7,1,1
64.39,61.76,9.26,2,0,0,0,2,0,0,2,1,3,38.76,61.18,2,2,2,3,0,1
62.35,71.53,8.84,4,0,0,1,2,1,0,1,0,2,73.6,95.16,5,0,1,4,0,1
79.29,84.36,7.54,1,0,1,1,2,0,0,5,1,1,72.12,74.79,5,2,3,0,0,1
77.84,76.22,9.1,0,2,1,0,1,0,0,2,1,1,44.61,34.89,3,2,0,9,0,1
60.35,74.97,6.91,2,0,1,1,1,0,0,3,0,2,79.23,20.37,3,4,5,6,1,1
84.49,65.03,7.03,0,0,0,0,3,0,1,5,1,3,64.91,16.89,4,4,1,9,0,1
80.28,92.06,5.41,1,2,0,0,4,1,0,1,1,1,67.62,94.01,2,0,5,7,0,1
54.75,52.06,5.2,3,1,0,0,5,1,0,4,0,0,56.56,41.31,4,1,0,8,1,0
55.52,86.94,6.75,4,1,1,1,4,0,0,1,0,3,78.29,45.32,1,2,5,2,1,0
72.83,53.59,8.35,1,0,1,0,5,1,0,3,0,2,98.54,5.66,2,2,6,0,1,0
92.97,56.67,8.35,6,2,1,1,1,0,0,4,0,0,24.42,53.34,5,1,2,7,0,0
97.27,80.8,8.96,0,1,0,1,1,0,1,4,1,3,58.03,29.34,5,4,3,6,0,0
97.25,86.2,9.74,0,2,0,0,3,0,1,4,0,1,83.19,57.77,3,0,4,4,1,1
83.89,64.28,6.29,6,2,0,0,5,0,1,0,0,0,48.01,1.43,3,1,1,1,1,0
68.67,92.05,6.33,1,1,1,0,1,0,0,0,0,3,87.1,69.29,4,1,4,5,1,0
61.78,69.48,9.3,3,2,0,0,4,1,1,4,0,1,59.02,46.29,2,5,0,2,0,0
76.46,59.2,6.03,3,1,1,0,3,0,0,0,0,1,33.43,92.64,3,0,2,2,1,0
94.58,54.33,6.89,2,1,0,0,3,0,1,5,1,2,32.0,36.81,3,0,4,0,0,1
75.75,51.7,7.93,0,0,0,0,1,1,1,3,0,1,93.08,26.41,3,2,2,1,0,0
88.37,55.25,9.98,6,0,1,1,3,1,1,5,0,0,47.59,41.46,4,5,2,6,0,1
75.71,97.03,9.62,3,1,0,1,5,1,0,4,0,3,80.93,34.42,2,0,6,10,1,0
56.24,79.02,5.62,4,1,1,1,3,1,0,4,0,2,61.36,62.4,5,4,4,5,1,1
78.12,63.43,6.83,2,0,1,0,3,1,1,1,1,0,86.82,73.9,2,5,2,6,0,1
61.87,85.09,7.73,5,0,1,0,2,0,1,2,1,2,48.76,62.65,1,2,4,1,1,0
85.05,54.63,5.57,6,2,0,1,4,1,1,2,0,3,98.1,65.44,5,1,0,7,0,1
92.99,97.32,5.58,1,0,0,0,5,0,0,5,1,2,77.16,98.5,2,2,3,10,1,0
50.69,79.11,6.13,4,2,1,1,3,0,1,1,0,2,30.99,49.58,4,3,1,3,1,1
57.85,58.05,7.98,2,0,1,1,2,0,1,4,1,0,72.58,95.73,3,1,2,7,0,1
80.79,82.09,8.98,0,2,0,1,5,1,0,0,0,1,30.36,39.16,2,2,5,9,0,0
98.39,72.81,9.69,5,2,1,1,1,1,1,3,0,3,95.0,59.5,2,0,3,0,1,0
92.38,52.85,8.38,1,2,1,1,1,1,0,4,1,3,30.35,4.69,3,3,0,3,1,1
89.39,91.43,6.63,1,1,1,0,5,1,0,1,1,3,64.93,71.51,1,0,5,10,0,1
74.67,76.06,9.07,5,1,1,1,1,0,0,4,0,0,92.57,92.44,4,0,3,9,0,0
62.56,78.9,6.08,2,2,1,0,1,0,0,2,0,1,41.91,12.69,5,3,1,7,1,0
88.01,51.5,8.4,0,1,1,1,2,1,0,4,0,2,5.02,38.4,4,1,6,6,0,0
91.63,95.09,8.62,5,1,1,0,2,1,1,4,1,2,45.77,67.1,2,0,6,3,0,1
88.2,94.2,8.66,4,0,0,0,1,1,0,1,1,3,29.31,58.56,4,0,3,0,1,1
54.09,54.18,9.63,4,0,1,1,3,1,0,3,1,2,83.21,56.67,1,5,1,2,0,0
63.13,91.86,5.0,1,0,0,0,2,1,0,2,0,0,47.62,96.8,1,1,5,1,1,0
80.27,82.83,5.07,1,0,1,1,5,0,1,1,0,2,51.32,96.01,3,2,5,6,0,1
80.58,53.11,7.53,1,2,1,0,2,1,0,5,1,2,55.94,72.74,2,2,0,6,1,0
78.87,50.44,7.04,2,1,1,1,1,0,1,5,1,2,72.42,77.91,1,2,5,9,1,0
72.87,54.66,7.59,4,0,0,0,5,1,0,1,1,1,24.0,54.42,3,1,6,5,0,0
89.84,96.2,9.4,2,2,0,1,5,1,1,0,1,0,34.27,45.35,5,5,4,2,1,0
51.48,98.59,7.97,5,2,1,0,5,1,0,4,0,0,10.46,3.17,1,3,6,4,1,1
54.14,97.42,7.6,3,0,1,1,4,0,0,5,1,3,28.05,95.83,3,2,0,8,1,0
55.35,69.44,8.92,1,0,0,0,5,1,0,0,1,3,43.81,10.44,3,3,1,0,1,1
57.11,66.33,8.44,4,1,1,1,5,0,0,0,1,2,66.07,27.17,4,4,5,0,0,1
86.88,70.26,8.48,5,2,0,1,4,1,1,2,0,1,98.58,33.88,4,0,3,2,1,0
57.07,88.95,5.2,4,0,0,1,1,1,0,4,1,1,91.17,49.75,4,1,3,10,0,1
77.43,67.43,7.85,0,2,0,1,3,0,1,4,1,0,59.52,72.03,5,5,5,3,1,1
67.43,56.03,6.4,2,1,0,0,2,1,1,5,1,0,81.52,49.89,5,3,0,6,0,1
86.67,53.54,9.73,4,0,0,0,1,1,0,5,0,0,87.59,91.83,4,3,4,2,1,1
58.46,63.15,6.81,4,0,1,1,4,1,0,5,1,2,95.84,58.6,4,2,2,4,1,0
58.46,56.81,6.49,3,2,1,0,5,0,0,1,0,2,48.0,64.34,4,1,1,0,1,1
87.91,88.99,7.47,5,0,1,1,4,1,1,2,1,3,95.53,34.41,4,0,4,2,1,1
97.88,54.0,6.15,2,2,1,1,5,1,1,4,1,1,69.6,83.1,3,1,6,3,0,1
81.08,57.38,6.27,5,2,0,0,3,0,1,4,1,3,41.43,77.46,4,1,2,5,0,0
84.97,77.83,7.97,0,1,1,0,4,0,1,5,1,2,72.45,88.25,2,4,2,6,1,1
69.41,64.58,8.38,4,2,0,0,3,0,0,2,1,3,29.66,97.19,5,4,3,10,0,0
91.97,97.92,8.25,1,1,1,1,1,0,1,0,0,3,63.74,91.68,5,0,2,3,0,1
73.45,76.66,5.62,5,2,1,0,1,1,1,0,0,1,49.59,46.41,2,4,3,6,1,0
65.97,64.59,6.46,4,1,1,0,5,0,1,0,1,2,24.71,68.96,4,5,4,4,1,1
98.71,72.25,6.14,6,0,1,0,4,0,1,1,1,0,73.62,10.78,5,3,0,6,1,0
89.48,51.98,8.57,4,1,1,1,5,1,0,1,0,2,87.17,37.3,3,1,5,10,0,1
63.84,58.2,7.34,6,1,0,1,2,0,0,0,0,2,15.51,30.5,2,4,6,3,1,1
92.26,51.9,6.34,3,1,0,0,3,1,1,1,0,3,77.39,39.98,2,1,2,2,1,0
82.43,97.15,5.17,6,1,1,1,1,1,0,4,0,3,27.24,15.14,3,0,4,6,1,0
81.9,80.43,9.12,5,2,0,0,4,1,0,0,0,3,6.07,27.72,3,4,1,0,0,0
98.5,61.92,5.47,6,1,1,1,4,1,0,0,0,2,84.07,66.1,4,3,0,8,0,0
53.37,56.16,7.8,5,2,1,0,3,0,0,0,1,0,71.52,84.36,4,2,1,2,0,0
96.79,74.23,7.49,4,1,1,1,3,1,1,2,0,1,38.33,93.96,2,0,6,4,1,1
62.03,96.99,7.58,0,2,1,0,5,1,1,5,0,0,49.14,88.34,3,3,0,1,1,0
91.6,56.61,9.84,6,2,1,0,5,1,0,4,0,1,8.41,55.97,1,1,3,1,0,1
78.22,62.78,7.1,1,2,0,0,2,1,1,5,1,1,10.2,77.47,3,3,0,9,0,0
97.16,56.76,5.08,4,2,1,1,5,1,1,1,1,0,57.4,82.27,2,2,4,1,1,1
81.21,84.89,9.64,5,1,1,1,3,1,1,1,1,0,57.65,76.48,5,1,5,6,0,0
53.56,63.82,9.14,6,1,1,1,3,0,1,0,0,2,83.43,31.04,4,4,3,4,0,1
79.37,99.53,5.2,0,0,1,0,4,0,0,2,0,0,21.46,58.45,4,3,6,9,0,0
70.99,54.15,7.37,3,0,0,1,5,0,1,2,0,3,12.64,71.58,1,2,2,0,0,1
89.74,62.82,8.97,3,0,1,0,1,1,0,1,0,1,88.18,78.87,2,3,2,2,0,0
53.8,70.47,9.27,1,2,0,0,4,1,0,1,0,0,56.41,39.86,4,0,4,5,0,0
51.33,92.61,9.96,6,0,1,0,3,0,0,2,1,3,20.49,66.73,3,4,6,4,0,1
92.77,90.04,9.14,5,1,1,0,4,0,0,1,1,1,7.69,88.87,5,1,5,9,0,1
91.64,70.09,6.69,4,2,0,1,1,0,0,3,0,3,40.64,77.83,2,4,3,6,0,0
52.56,67.25,8.86,0,2,1,1,4,1,1,5,0,2,75.11,38.38,3,4,1,2,1,1
50.04,76.54,6.62,3,0,1,1,2,0,1,4,0,0,96.23,17.42,1,3,6,3,1,1
65.89,59.0,5.01,0,2,1,0,4,1,0,3,1,2,15.66,54.17,2,4,1,2,0,1
87.63,71.35,7.21,5,1,1,0,3,1,0,1,0,1,2.55,40.38,1,5,2,7,0,1
87.27,84.47,6.95,5,1,0,1,4,0,0,2,1,2,51.78,68.06,3,3,5,1,0,1
72.44,52.63,8.63,2,2,1,0,1,1,1,2,0,3,84.6,56.82,1,4,4,0,0,0
81.1,89.89,6.7,0,0,1,1,5,1,1,2,1,3,60.3,79.76,1,0,6,5,1,1
97.55,98.02,5.91,5,0,0,0,1,0,0,0,0,3,28.89,55.22,4,5,4,2,1,1
94.03,69.88,5.93,1,2,0,0,5,0,1,3,1,3,54.34,64.36,1,1,5,6,1,0
77.56,84.07,7.55,6,2,0,1,3,1,0,1,0,0,52.48,84.77,4,4,6,5,0,0
78.91,73.18,7.41,0,1,0,0,1,1,0,3,1,3,58.86,92.43,4,3,0,6,1,1
81.09,67.72,8.44,4,1,0,1,1,0,1,4,0,3,97.34,51.99,5,4,3,4,0,0
71.47,96.26,8.47,1,2,1,1,4,0,1,1,1,0,1.76,11.68,5,3,3,6,0,1
78.88,77.16,5.89,2,2,0,0,2,1,0,5,1,0,80.05,69.72,1,5,2,7,1,1
93.16,85.52,7.4,4,2,1,1,1,1,1,3,1,3,9.41,2.24,5,0,4,5,1,1
59.01,96.14,8.08,4,1,0,1,4,1,1,5,1,3,0.69,51.96,3,5,4,4,0,0
82.31,98.52,5.1,6,2,1,0,2,1,0,3,0,1,52.81,2.58,5,1,3,2,1,0
56.82,93.19,9.81,1,2,1,1,4,1,1,4,0,0,62.33,73.0,1,1,5,6,0,1
69.92,68.09,5.34,1,2,0,1,2,1,1,1,1,2,47.98,90.08,2,4,4,2,0,1
51.2,83.34,6.79,5,0,0,0,5,0,1,0,0,0,40.22,56.55,1,1,2,8,0,0
74.84,63.3,6.69,0,2,1,1,3,0,0,5,1,1,32.71,86.29,5,2,3,10,1,1
80.16,99.31,7.36,0,1,0,0,4,0,1,0,1,1,19.32,20.66,2,3,0,5,1,1
89.39,61.19,9.81,1,0,0,0,4,1,1,1,0,2,24.75,62.63,2,4,1,10,1,0
78.8,54.58,9.57,0,0,0,1,2,0,1,5,0,1,81.52,99.35,1,4,6,9,1,1
96.16,53.85,7.76,2,1,0,0,4,0,0,5,1,3,26.79,84.98,1,0,5,5,1,1
54.03,55.76,9.6,4,2,0,1,1,0,0,1,1,1,74.24,84.46,4,4,5,1,0,1
80.51,64.91,7.48,1,0,0,0,4,0,1,0,0,1,83.3,12.49,1,3,3,2,0,0
73.44,59.21,7.15,3,1,0,1,1,1,1,1,1,1,62.47,60.39,2,0,6,2,1,0
50.4,78.87,5.05,6,0,1,1,5,1,0,0,1,2,84.06,47.31,5,0,2,9,1,1
72.16,74.77,9.73,2,2,0,1,5,0,1,0,0,0,53.21,21.07,2,2,6,8,1,1
64.43,55.32,5.41,4,2,1,1,3,1,0,3,0,0,6.9,5.93,5,0,2,8,1,0
93.25,99.97,8.8,1,0,1,0,3,1,0,3,0,0,7.93,21.23,4,4,0,3,1,0
77.29,92.53,6.18,5,0,1,0,3,1,1,2,1,3,47.84,59.04,3,1,0,0,1,1
79.7,76.45,9.42,4,1,0,1,5,0,1,1,1,2,22.64,81.04,3,4,0,8,1,1
67.18,50.09,7.36,4,2,0,0,2,1,1,2,0,2,62.46,65.89,3,0,2,0,0,0
60.63,70.48,7.65,6,0,1,0,1,1,1,3,0,0,23.51,71.04,1,3,1,7,1,1
88.44,72.2,5.76,4,1,0,0,4,1,0,5,0,2,42.67,83.08,1,5,5,8,0,1
68.57,64.75,9.74,2,2,0,1,4,1,1,0,0,0,60.18,16.69,1,3,6,6,1,0
64.66,62.89,9.86,6,1,0,0,1,1,1,5,0,0,13.0,85.29,1,1,4,4,0,0
51.45,67.72,7.91,1,0,1,1,3,1,1,4,0,3,51.73,31.56,1,0,3,3,0,0
86.35,78.64,7.1,4,1,1,1,3,0,1,5,0,0,23.39,39.75,4,5,1,5,0,0
97.23,76.32,6.33,2,0,1,0,1,1,1,5,1,2,99.52,95.41,5,3,2,1,1,1
58.61,59.68,9.78,5,2,1,0,4,0,1,0,1,1,26.26,29.16,1,5,2,5,0,0
80.7,88.76,7.48,6,1,0,1,4,1,1,4,1,3,35.03,27.7,3,1,4,5,0,1
79.17,91.45,6.3,1,1,0,0,3,1,1,2,0,3,58.34,85.04,5,5,2,0,0,1
64.51,96.61,5.55,3,0,1,1,1,1,1,2,0,2,30.82,39.56,1,3,6,7,1,1
99.84,95.22,9.41,6,0,1,1,3,0,1,3,1,2,0.41,97.17,5,2,2,1,1,1
60.17,87.65,7.85,4,0,1,0,1,1,0,0,0,1,93.42,46.09,1,1,2,4,1,0
60.43,73.64,7.7,6,2,1,1,1,0,0,3,0,2,19.63,53.31,3,3,0,2,0,0
67.0,69.89,7.82,0,2,0,0,1,1,0,3,0,1,22.63,39.25,5,1,1,1,1,0
95.18,54.65,8.03,2,1,1,0,1,0,1,1,0,0,74.08,85.7,2,0,0,0,1,1
53.48,72.81,9.94,4,1,0,0,1,0,1,3,0,1,44.4,47.67,4,1,6,2,1,0
55.86,86.82,9.81,6,0,0,1,4,1,1,2,1,1,33.25,61.57,4,4,3,2,1,1
98.33,94.76,9.59,5,2,1,1,1,0,0,2,0,3,73.32,84.24,2,4,1,3,1,0
94.8,93.61,6.03,5,2,1,0,3,0,1,0,1,2,35.65,50.58,4,1,2,4,1,1
65.64,50.55,7.68,1,0,0,0,4,0,1,5,1,3,74.21,54.13,3,4,4,3,1,1
98.37,96.43,6.51,3,2,1,0,2,1,0,2,1,0,67.08,71.06,4,4,2,2,1,1
51.24,92.97,6.9,2,1,0,0,5,0,0,3,1,0,11.41,89.63,2,1,1,8,0,1
57.67,93.22,5.13,6,0,0,0,2,1,1,1,1,2,20.28,74.09,5,1,4,8,1,0
59.66,60.29,9.01,3,1,0,0,5,1,0,3,0,1,38.64,33.92,5,3,5,6,1,1
80.8,87.22,6.6,6,2,1,0,2,1,1,5,1,2,72.35,83.63,4,0,1,2,1,1
84.23,53.3,5.7,5,2,1,1,1,1,0,2,1,3,96.35,32.71,1,1,0,8,1,0
94.17,71.02,7.39,4,2,1,0,1,1,1,2,0,0,61.3,30.55,4,2,0,5,0,1
81.74,68.51,5.42,0,0,1,0,3,0,1,4,1,0,59.88,75.83,3,4,4,4,1,0
99.86,52.18,8.06,0,0,1,1,2,1,1,4,1,2,36.36,40.24,4,0,4,8,0,0
57.33,54.98,9.84,5,0,0,1,2,0,0,2,0,2,7.69,87.8,5,4,4,0,1,0
89.96,56.03,9.77,2,1,1,1,5,0,1,3,0,2,77.55,30.88,5,2,0,1,1,1
59.4,99.01,8.42,2,2,0,0,4,1,0,2,1,3,22.69,9.06,1,0,3,10,1,1
62.78,73.63,8.61,1,0,1,0,4,1,0,1,0,0,1.5,31.62,2,5,4,5,0,1
82.58,95.73,5.94,4,1,1,1,1,1,1,1,0,0,87.85,36.77,2,4,0,7,1,1
56.1,95.7,7.02,0,2,0,1,4,0,0,2,1,2,15.35,5.77,3,4,0,6,0,1
56.02,98.95,5.54,6,1,0,1,1,1,1,0,1,1,75.78,61.67,3,1,3,4,1,0
79.82,65.14,7.39,1,2,0,1,2,0,1,1,1,3,19.92,6.85,4,1,0,4,0,1
76.44,63.45,7.02,6,1,0,0,3,0,1,4,0,2,90.29,43.5,5,5,1,0,1,1
88.15,67.34,6.57,6,1,1,1,4,0,0,0,0,0,51.59,0.61,3,1,5,1,0,0
65.84,68.07,6.01,3,1,1,1,2,1,1,0,1,3,61.25,67.55,2,3,6,8,0,1
90.65,73.79,7.01,1,2,1,1,4,0,0,0,1,0,35.06,39.46,1,0,2,2,0,0
54.96,97.07,8.66,0,0,1,0,1,1,0,3,1,1,86.82,34.18,4,3,4,4,1,0
94.89,62.49,8.91,2,1,0,0,4,0,0,5,0,1,95.12,79.81,2,3,3,3,0,1
53.01,56.93,5.41,3,2,1,1,3,0,0,1,0,1,17.18,36.18,2,5,4,8,0,1
96.51,58.09,6.82,6,1,0,0,5,0,1,4,1,1,96.23,63.22,3,5,5,3,0,1
80.62,78.73,7.08,1,0,0,1,1,1,1,0,0,3,72.13,35.93,1,3,4,7,1,0
91.79,50.31,7.83,4,2,0,0,3,1,0,3,1,2,81.96,31.65,3,2,4,2,1,0
73.05,77.19,5.6,1,1,1,0,1,1,0,1,1,2,97.5,68.32,2,4,0,8,0,0
61.91,62.15,7.84,2,0,1,0,1,0,0,5,0,3,14.58,21.36,4,5,6,4,1,1
71.78,58.86,6.63,1,2,1,1,1,0,0,2,1,2,46.71,90.71,3,2,0,1,0,1
88.58,77.99,6.76,3,0,1,1,1,0,1,4,0,1,86.87,53.44,1,4,2,4,0,0
88.87,90.09,6.47,2,0,1,1,1,1,0,4,1,1,76.16,3.57,4,5,1,8,0,1
72.39,52.01,9.52,6,1,0,1,2,1,0,3,0,2,71.18,86.01,1,3,5,7,0,0
87.72,55.02,5.62,6,1,1,1,1,0,1,4,1,3,13.66,38.13,5,0,1,2,0,0
98.08,63.44,9.75,4,1,0,1,4,1,1,2,0,2,2.34,69.12,2,5,2,2,0,0
78.19,61.69,9.44,2,2,0,0,1,1,1,5,0,1,92.66,42.88,1,3,4,3,0,0
78.46,71.73,5.92,0,2,0,1,4,0,1,5,1,0,21.01,15.09,1,4,3,0,0,1
79.91,72.84,9.67,1,2,1,0,4,1,1,2,0,3,18.31,60.68,3,3,5,10,1,0
89.14,63.51,9.78,1,0,0,1,2,0,0,5,0,2,28.54,66.53,1,5,4,9,1,1
53.45,69.86,6.93,5,0,0,1,2,1,0,2,0,0,19.6,59.85,1,5,2,6,0,0
84.61,70.97,7.66,1,2,0,1,2,0,1,4,1,1,86.33,39.78,2,4,0,8,1,1
57.47,57.37,5.59,4,0,0,1,5,1,0,3,1,3,9.85,14.17,4,2,2,0,0,1
73.88,52.96,6.31,3,1,0,1,3,0,1,3,1,3,77.0,46.31,3,4,2,2,0,1
98.84,93.77,9.13,3,0,0,1,5,1,0,1,1,0,89.17,86.93,2,1,3,1,1,1
58.88,60.49,8.81,3,1,0,0,5,0,1,2,1,1,49.07,33.85,2,5,2,2,0,1
71.59,81.44,7.82,4,0,1,0,2,0,1,0,1,0,88.35,14.84,5,5,6,9,0,1
55.02,61.63,6.66,5,2,0,0,5,1,0,2,0,1,90.75,86.18,2,2,1,3,1,1
92.38,75.21,6.62,4,2,1,0,3,1,1,3,0,1,76.07,60.25,1,2,6,9,0,1
99.69,70.06,6.75,4,0,1,0,5,1,0,4,0,2,48.17,5.06,2,2,6,5,0,0
91.55,96.92,6.88,1,0,1,0,2,1,1,0,0,2,38.63,88.95,5,2,5,7,0,1
95.78,74.91,6.61,2,0,1,0,4,1,0,2,1,1,62.63,56.68,2,0,3,4,0,0
99.4,57.18,9.26,0,0,1,0,3,0,1,3,0,3,25.42,18.26,1,3,6,8,0,0
94.13,88.18,6.23,1,2,0,0,2,1,0,2,1,0,27.32,86.32,1,1,4,0,0,1
79.2,88.17,6.62,2,2,1,1,4,0,1,3,1,2,93.41,3.59,4,1,1,6,1,1
98.57,67.69,9.53,5,1,0,1,4,0,0,3,1,3,92.86,39.97,5,5,6,2,0,1
52.12,91.77,5.8,1,1,1,0,5,0,1,0,1,1,78.71,26.22,5,5,4,2,0,0
87.2,93.4,9.23,1,1,1,1,5,1,1,3,1,0,40.31,3.81,3,2,1,7,1,0
75.52,81.26,9.36,2,1,0,1,2,1,0,0,1,2,53.97,48.47,3,4,1,9,1,0
93.98,81.75,6.7,6,1,1,0,3,1,0,3,0,2,17.1,9.89,4,5,0,2,0,0
92.72,87.64,7.01,6,0,1,0,3,1,1,0,0,0,76.0,47.99,3,4,0,7,0,0
83.57,62.25,5.79,1,2,0,1,2,0,1,3,1,3,16.59,64.84,2,0,5,10,1,1
60.06,86.0,9.79,3,0,0,1,2,1,1,0,0,1,63.36,67.76,2,1,5,3,0,0
90.67,87.73,8.12,4,1,0,0,3,1,1,4,0,2,12.79,88.37,1,2,6,2,1,1
53.98,57.4,8.83,6,0,0,0,3,0,1,4,0,0,24.41,18.49,1,1,1,2,1,1
96.34,71.67,5.35,2,1,0,1,4,0,0,1,0,0,39.07,67.73,3,1,2,10,1,0
66.66,72.66,8.47,2,0,0,0,2,1,0,3,1,2,81.82,31.47,3,4,6,2,1,1
61.09,83.09,9.19,6,0,0,1,5,1,1,4,1,0,32.31,87.32,5,1,5,1,1,1
85.27,98.13,7.9,5,0,1,0,3,1,0,0,1,2,57.35,49.3,5,1,5,9,1,1
92.55,98.5,8.74,4,2,1,1,3,1,1,4,0,3,12.87,78.09,1,5,6,6,1,0
54.3,76.45,8.42,6,2,1,0,4,0,0,1,0,2,21.45,54.88,2,5,6,0,1,1
55.35,81.48,8.43,0,0,0,0,1,0,0,0,0,1,97.44,62.63,4,2,3,8,1,0
57.83,56.55,7.5,6,1,1,1,1,0,1,5,0,3,92.83,0.31,1,5,6,7,0,0
63.07,60.92,9.68,1,0,0,0,3,1,1,5,0,2,25.14,79.63,2,5,4,2,1,0
78.53,61.08,6.08,2,2,1,0,4,0,1,4,1,2,3.73,60.91,1,2,5,9,0,0
55.97,71.31,6.82,6,1,0,1,1,1,1,1,0,2,82.67,25.74,5,2,3,5,1,0
52.58,79.83,7.37,1,2,1,0,1,1,0,1,1,3,75.49,26.22,3,0,6,8,1,0
55.47,90.08,5.47,0,1,1,0,2,1,1,5,1,0,30.38,58.27,1,1,4,6,1,1
91.68,68.21,9.02,6,0,1,1,3,1,1,1,1,1,13.2,14.21,3,1,0,9,1,0
98.05,95.62,9.37,5,2,1,0,1,1,1,4,0,1,6.35,32.57,1,4,1,7,1,1
61.78,90.49,9.33,3,1,1,1,1,0,0,3,1,0,76.97,35.08,3,4,0,7,1,1
58.57,69.61,6.54,0,1,0,1,2,1,1,2,0,1,6.86,83.68,3,1,5,8,1,0
83.99,99.34,5.58,0,0,0,1,4,1,1,1,1,0,28.07,98.3,1,4,2,5,1,0
72.52,96.34,6.45,4,0,0,1,3,0,0,2,1,1,25.69,67.32,5,5,0,5,0,0
90.5,90.96,5.15,3,1,1,1,1,0,0,1,0,2,29.65,84.05,1,5,2,7,1,0
88.93,82.05,8.37,3,1,0,1,2,1,0,2,1,3,25.75,36.91,5,0,3,3,1,0
81.88,72.99,7.77,5,0,0,1,2,1,0,1,1,3,74.75,19.59,4,4,2,0,1,0
78.03,53.37,7.36,0,1,0,1,1,1,1,2,0,0,2.86,59.06,5,4,2,7,0,1
61.12,59.39,8.0,0,2,0,0,2,1,1,4,0,1,99.87,99.3,2,4,4,8,0,1
61.89,75.59,7.49,2,2,1,0,1,1,1,2,1,1,64.87,7.01,5,5,3,6,1,1
99.2,67.89,9.29,6,2,1,0,3,0,1,0,1,2,49.88,63.53,2,3,0,3,1,0
54.88,65.33,6.8,0,1,1,0,3,1,1,0,1,2,89.43,33.47,5,2,1,7,1,0
82.84,57.16,9.91,1,2,0,1,1,0,1,3,0,3,39.83,12.83,4,3,0,10,1,1
63.34,76.61,9.5,1,1,0,1,3,0,0,3,1,1,96.2,6.11,4,2,3,3,1,1
63.9,82.72,6.21,1,1,1,0,4,0,0,5,0,3,67.4,97.39,3,2,3,2,1,1
67.71,55.04,7.06,5,0,1,0,1,1,0,3,0,1,8.08,89.68,4,4,6,9,0,1
98.67,76.25,9.08,1,2,0,1,1,0,1,5,0,0,99.52,9.15,2,5,5,10,1,1
63.32,64.93,5.82,6,1,0,1,2,0,0,2,1,1,75.0,46.37,2,5,5,3,1,0
99.71,51.32,5.53,1,2,1,0,5,1,0,5,1,3,15.83,12.45,3,2,5,2,1,1
69.95,91.2,6.77,5,0,0,0,2,0,1,5,0,2,57.34,85.07,4,0,0,5,0,1
70.99,99.51,8.4,1,0,0,0,4,1,1,3,1,0,78.77,49.61,2,2,4,10,1,1
83.8,81.8,9.29,5,0,0,1,1,1,0,0,1,3,11.21,61.96,5,2,3,8,1,1
99.66,59.0,7.89,5,2,1,0,2,0,0,4,1,0,77.65,91.95,2,5,5,3,0,1
77.12,68.22,7.31,5,2,1,0,3,1,0,0,1,0,27.46,92.97,3,4,2,1,0,1
76.51,91.7,6.1,0,2,0,1,4,1,0,3,0,1,50.96,90.59,1,5,5,2,1,0
58.07,70.53,7.04,2,1,1,1,3,0,1,1,1,2,36.16,24.16,5,5,5,0,0,0
58.26,69.75,8.26,1,0,0,0,3,0,1,2,0,1,21.67,62.04,1,0,0,8,0,0
59.12,73.13,9.47,6,0,1,1,4,0,0,1,1,2,14.43,60.93,3,2,2,7,1,1
92.9,83.51,8.0,2,0,0,1,2,1,0,0,1,2,21.9,5.46,4,0,5,9,1,0
93.84,93.74,8.91,0,1,0,0,2,1,0,0,1,0,30.63,60.07,4,2,5,5,0,1
93.56,75.26,6.67,5,1,0,1,3,1,0,3,1,1,85.44,32.1,2,0,1,7,0,1
90.86,88.84,6.35,5,0,1,1,2,0,0,0,1,0,21.21,83.22,2,1,0,4,1,0
72.62,93.46,9.76,1,2,0,1,5,1,0,4,1,0,77.92,59.58,3,2,4,0,1,1
58.24,85.0,6.97,1,2,1,0,1,0,1,5,0,0,54.99,31.56,4,2,6,3,0,0
72.22,89.07,7.62,5,0,0,1,3,1,1,0,1,0,6.52,37.6,3,1,4,10,0,0
61.56,58.39,7.82,2,1,1,0,4,1,0,4,0,1,17.02,57.88,5,0,0,0,0,0
55.05,77.49,7.93,2,2,0,0,3,0,1,4,0,1,32.77,1.23,5,3,4,0,0,1
58.37,89.19,7.36,4,2,0,1,4,1,1,3,1,3,1.92,38.93,4,1,0,10,1,1
57.48,99.83,8.85,1,0,0,0,1,0,0,2,0,1,97.51,43.42,1,0,0,4,0,1
79.95,93.52,7.54,0,2,1,1,1,1,1,2,1,0,22.22,58.96,3,4,4,7,0,0
71.81,72.61,6.96,6,0,1,1,3,0,0,3,0,0,3.34,57.82,3,1,1,10,1,1
82.21,50.54,8.39,3,0,0,1,2,0,0,2,0,3,0.92,90.34,4,3,6,10,0,0
57.71,51.32,9.15,5,1,0,1,2,0,1,3,1,2,47.28,62.32,2,3,6,4,0,0
63.01,90.35,5.92,0,2,1,0,5,1,0,3,0,0,28.51,59.58,3,4,1,3,1,0
96.3,54.93,8.39,1,0,0,0,2,1,1,0,0,0,55.02,20.55,5,5,2,7,1,0
72.78,75.19,9.28,6,0,1,0,1,0,0,2,1,3,79.66,39.62,2,0,6,10,0,1
60.3,54.3,8.16,6,2,0,1,2,1,0,3,0,3,43.94,73.45,4,3,6,7,1,0
76.61,90.33,6.63,5,0,1,0,4,0,0,2,0,2,77.34,29.65,4,3,1,2,0,0
93.08,99.98,7.76,5,0,0,0,2,1,0,4,1,3,61.59,78.27,1,4,3,7,1,0
98.09,68.38,9.52,1,1,1,1,2,0,0,3,1,3,39.96,95.08,1,0,3,9,0,0
63.62,98.54,9.31,1,2,1,0,3,0,1,1,1,3,22.58,30.61,1,1,4,8,0,0
66.63,64.59,7.37,6,2,0,1,3,0,1,2,1,0,76.13,60.05,2,0,2,4,1,1
96.67,61.14,9.67,1,2,0,0,3,0,1,4,0,0,42.67,45.92,4,1,5,2,0,0
82.27,86.71,5.56,4,1,0,0,4,0,0,0,0,0,7.96,29.35,3,3,2,2,1,1
66.15,93.78,9.37,2,2,0,1,2,0,0,3,1,1,4.28,29.95,5,1,3,3,0,1
81.58,52.43,9.18,2,2,1,1,5,0,1,1,0,1,22.68,71.16,1,0,4,6,0,1
81.18,57.61,8.14,2,1,1,1,3,0,0,0,1,1,18.06,83.51,2,0,3,10,1,0
63.54,91.28,6.84,2,1,1,0,3,0,1,3,1,1,63.07,98.89,4,2,3,5,0,1
72.63,57.49,7.13,0,2,1,1,3,0,1,0,1,2,19.99,96.98,2,5,2,3,0,0
64.99,79.25,5.89,4,2,0,1,5,0,1,5,1,2,81.68,67.28,1,5,4,8,1,1
94.85,85.22,5.93,2,0,0,1,4,0,1,4,1,2,14.71,62.75,3,2,0,10,0,1
68.63,75.84,6.66,5,2,1,0,5,0,0,4,0,2,53.58,74.8,3,2,2,8,0,1
98.27,77.44,5.11,3,1,1,1,1,1,1,3,0,3,35.14,50.96,4,3,5,1,1,1
51.45,62.33,5.97,5,2,1,0,3,0,1,3,0,0,8.15,2.42,2,1,5,5,1,0
54.7,97.4,9.61,1,2,1,1,1,1,0,5,1,1,10.87,79.07,3,2,1,7,1,0
69.39,92.52,6.24,6,0,0,0,4,1,1,1,1,1,90.66,40.01,3,0,4,6,1,1
68.84,87.59,8.38,3,2,0,1,3,0,0,5,1,0,86.21,12.33,3,4,2,0,1,1
74.8,66.17,7.7,0,2,1,1,4,0,1,0,0,0,29.97,69.16,2,0,1,5,0,0
81.07,76.29,6.14,5,1,1,1,1,1,0,5,1,2,39.05,78.44,3,5,3,9,0,0
56.28,85.78,6.52,4,0,1,1,3,1,1,4,1,0,40.96,72.63,4,0,2,5,0,0
92.28,76.14,9.49,0,0,0,0,1,0,0,2,1,0,40.27,46.88,4,0,4,7,0,1
82.57,93.96,9.41,5,1,1,0,2,0,1,2,1,1,42.12,29.03,4,1,1,1,0,0
58.27,63.01,5.84,3,2,1,1,5,1,0,1,0,3,31.51,93.52,4,4,2,0,0,0
69.62,73.73,9.53,5,1,1,1,2,0,0,1,1,2,67.1,87.85,3,4,3,4,1,1
71.17,88.25,5.47,1,0,0,1,1,0,0,4,1,0,80.81,32.49,1,5,3,3,0,0
79.0,80.28,9.34,3,2,1,0,5,1,0,2,0,0,36.18,7.39,3,2,0,8,1,0
54.09,63.77,8.22,2,2,1,0,1,0,0,4,1,2,75.9,34.74,5,5,5,0,0,1
90.77,63.76,9.51,1,1,1,1,5,1,0,2,0,0,96.6,25.94,3,2,3,2,1,0
99.31,89.93,7.66,0,1,0,1,2,1,0,5,0,2,35.72,51.19,4,2,4,5,0,1
60.98,53.97,9.54,2,0,0,1,5,1,1,3,0,3,21.56,24.99,4,3,3,8,1,1
64.01,87.3,8.1,1,1,0,1,3,1,0,3,0,2,46.99,77.77,5,1,2,10,0,0
72.77,55.86,9.8,6,0,0,0,3,1,1,0,0,1,66.02,58.53,4,2,6,1,1,0
93.36,52.64,9.14,3,1,1,1,4,0,1,1,1,3,60.39,66.09,4,5,2,6,1,0
54.43,59.07,8.99,6,2,1,0,4,0,0,4,0,0,20.52,99.79,1,1,6,3,1,0
60.98,66.95,7.45,4,0,1,0,4,0,1,3,0,2,89.26,43.19,4,4,4,3,0,1
77.48,94.45,5.59,5,1,0,0,5,0,0,0,0,3,54.37,41.98,4,4,0,3,0,0
96.16,56.74,7.75,0,2,1,0,1,1,1,0,0,3,58.06,35.41,3,5,0,1,1,0
91.44,58.92,7.21,6,0,1,1,4,1,1,1,1,0,21.6,63.46,4,4,5,3,1,1
76.6,96.71,9.54,4,2,1,0,5,0,0,3,1,3,5.31,43.13,4,3,5,1,0,0
81.66,70.35,7.9,1,2,0,1,2,0,0,3,0,2,51.5,53.87,3,5,1,5,0,0
96.46,83.34,9.14,3,1,0,0,4,1,0,1,0,0,41.68,88.64,3,3,2,0,0,1
52.1,86.55,8.69,3,2,0,1,3,1,1,3,0,1,2.51,36.42,4,5,2,1,1,1
91.72,91.65,9.87,4,1,1,1,4,0,0,4,0,0,8.25,85.17,2,1,2,5,0,1
83.97,75.72,7.12,4,0,0,0,2,1,0,1,1,2,92.7,47.38,4,0,2,1,1,1
58.51,99.68,6.07,4,0,0,0,1,1,1,5,0,3,79.81,67.3,1,5,0,9,0,0
86.61,90.54,6.0,6,2,1,1,4,1,1,0,0,0,44.39,75.85,3,5,1,6,0,0
57.94,88.74,7.11,6,0,0,1,3,1,0,5,0,2,22.03,11.91,4,5,1,5,0,1
58.43,68.87,7.39,1,2,0,0,1,1,0,2,0,3,59.9,19.35,5,0,4,7,1,1
88.25,76.99,5.1,0,1,0,1,5,1,0,2,0,0,78.26,96.55,1,4,4,4,1,1
91.62,72.5,9.6,6,2,0,0,2,0,1,5,1,0,27.81,16.12,2,5,6,2,0,1
61.78,54.12,9.13,0,1,0,0,1,1,0,2,0,0,86.44,13.07,1,3,3,3,1,0
91.9,94.43,6.92,6,1,1,0,2,0,0,5,0,2,5.06,59.36,1,3,2,6,1,0
95.77,95.86,9.82,3,0,0,0,5,0,1,3,0,2,3.23,49.9,2,3,2,2,0,0
60.32,51.59,9.9,1,1,1,0,3,0,1,2,0,0,67.55,32.14,4,0,1,7,0,0
73.76,85.75,6.88,0,2,1,0,4,1,0,3,1,3,33.55,53.26,3,1,3,7,0,1
64.74,95.9,8.12,1,0,1,1,2,1,0,2,1,3,90.17,39.13,1,1,4,4,0,0
68.52,52.48,7.36,6,1,1,0,2,0,0,3,1,0,44.74,8.81,4,0,2,6,1,0
65.69,80.05,5.43,6,1,0,1,2,0,1,1,0,1,72.63,38.85,4,2,0,2,0,0
67.21,64.9,6.95,0,1,0,0,3,1,1,5,0,1,95.0,99.07,3,1,2,4,1,1
54.26,69.48,9.75,6,0,1,1,2,0,1,1,0,2,1.3,33.35,4,3,0,7,1,0
52.31,64.17,8.52,3,2,0,0,4,0,0,3,0,2,99.64,30.6,3,5,3,8,1,0
51.18,81.16,7.56,1,2,1,1,5,0,0,0,1,1,53.93,3.2,1,0,2,7,0,0
50.12,96.61,9.27,3,0,0,0,1,1,1,5,0,0,37.84,36.95,1,5,2,3,1,1
57.02,61.36,7.91,3,0,0,1,4,0,0,5,1,2,85.96,70.85,4,2,1,2,0,0
94.02,83.09,7.32,4,1,1,0,2,1,0,1,1,2,8.18,17.27,5,2,1,8,0,1
92.46,68.5,9.33,0,2,0,0,1,1,0,4,0,0,59.59,4.49,5,1,5,8,0,1
89.02,70.75,6.25,6,0,1,0,2,1,1,0,0,0,36.31,25.81,2,3,0,2,0,0
75.05,70.25,6.24,6,1,0,1,2,0,0,4,1,2,1.38,18.78,2,0,3,7,0,1
95.96,95.12,5.94,2,2,1,0,2,1,1,1,0,0,47.72,11.93,3,4,4,9,1,1
80.97,99.43,9.79,6,1,1,1,3,0,1,0,1,1,1.56,81.98,2,2,1,8,1,0
77.02,61.46,9.73,2,1,0,1,1,0,1,1,0,0,22.82,35.66,5,3,1,8,1,1
59.19,65.88,8.31,3,1,1,0,1,0,1,5,1,3,42.22,55.55,5,3,4,5,0,1
55.65,50.35,9.66,3,1,1,1,4,1,1,0,1,3,99.96,1.24,1,3,5,7,0,1
58.04,68.77,9.15,2,1,0,0,2,1,0,5,1,1,58.51,76.74,2,2,3,3,0,1
81.08,59.42,8.85,5,0,0,0,2,1,0,3,1,3,1.96,64.84,2,1,0,4,0,0
64.31,83.41,7.1,2,0,0,0,5,0,1,3,1,3,67.4,58.92,1,3,3,10,0,1
59.45,75.25,7.63,5,2,0,1,5,0,1,0,0,2,97.26,93.82,3,0,1,6,1,1
55.5,50.85,8.06,4,0,1,1,2,0,0,2,0,1,74.82,17.92,4,1,1,10,0,0
83.16,99.18,9.18,2,0,1,0,4,0,1,0,0,2,39.92,21.5,3,3,4,2,0,0
50.03,51.32,7.34,4,2,0,1,2,1,1,1,0,1,75.53,7.41,4,5,6,8,1,1
97.48,71.7,6.84,4,1,0,1,1,0,1,4,0,3,41.67,73.43,1,5,3,4,1,1
98.06,69.19,8.8,0,1,0,0,1,1,1,1,1,3,85.09,63.2,4,2,1,6,0,1
64.44,67.75,6.52,3,0,0,0,5,1,1,5,0,1,42.59,65.7,3,2,2,2,1,0
70.07,91.79,6.23,6,0,1,1,4,1,1,2,1,2,91.84,96.56,5,2,4,0,1,0
90.1,63.57,6.9,2,0,1,1,1,0,1,3,0,2,7.22,26.89,3,3,0,8,0,1
91.86,89.65,8.71,0,1,1,0,2,1,0,3,1,1,14.05,17.36,4,5,5,7,1,0
88.8,76.41,5.75,4,0,0,0,3,0,1,2,1,1,54.6,21.7,4,3,6,2,0,0
72.9,90.58,7.94,4,1,1,0,2,0,0,3,1,1,75.9,72.77,2,5,3,2,1,1
64.27,57.73,9.5,2,0,1,1,5,0,1,3,1,2,42.27,84.99,2,1,3,3,1,0
80.31,69.08,6.51,0,0,1,1,5,0,1,4,0,3,50.28,42.69,5,2,6,0,1,1
69.99,83.73,8.65,6,2,0,1,4,0,1,5,0,3,34.73,87.18,4,0,2,7,0,1
57.68,75.1,9.99,3,0,1,0,3,1,1,1,1,3,50.15,4.41,5,2,6,6,0,1
85.73,89.7,9.99,1,2,0,0,5,0,0,1,1,0,51.2,56.66,4,5,2,4,0,1
80.53,52.83,7.83,1,1,0,0,5,1,0,1,1,2,1.82,17.33,2,3,6,5,0,0
60.68,93.02,8.27,0,1,1,1,2,0,0,5,1,1,28.99,32.63,4,1,0,9,1,1
90.21,56.45,8.18,2,2,1,1,2,1,1,5,1,2,17.34,88.14,1,2,5,2,1,1
77.1,66.13,6.76,5,0,1,1,3,1,0,3,1,0,86.86,57.06,5,5,4,1,0,0
78.77,61.47,9.13,6,2,1,0,3,0,1,5,0,3,29.87,89.0,2,1,2,1,0,1
85.8,83.51,9.3,2,0,1,1,2,1,0,2,1,0,80.73,7.12,1,3,1,3,0,1
83.89,56.48,7.63,1,2,1,0,5,0,1,5,0,0,18.93,99.38,2,3,1,3,1,1
91.17,86.63,7.4,3,2,0,0,2,1,0,4,1,2,98.54,62.69,2,0,2,6,0,1
93.52,62.29,6.86,0,0,1,0,1,1,1,1,0,3,1.0,20.46,5,2,6,2,1,1
58.6,61.0,9.8,2,1,1,0,4,0,1,2,1,0,84.04,69.11,2,3,0,4,1,1
88.74,72.81,5.88,5,1,1,1,5,1,1,2,1,3,28.3,59.78,1,1,1,7,0,1
52.29,66.91,5.47,4,2,1,0,3,0,0,0,1,0,97.93,66.83,3,3,3,7,0,0
86.99,68.37,5.74,1,0,0,1,3,1,0,1,1,0,5.1,60.62,5,4,0,1,0,0
93.98,90.76,8.87,4,0,1,1,2,1,0,3,1,1,74.8,1.8,2,3,3,9,1,1
80.21,78.45,5.84,0,2,1,1,2,1,1,4,0,3,66.72,36.18,2,2,5,5,0,0
75.38,74.26,8.9,6,0,1,1,5,1,0,3,0,1,97.67,37.45,1,4,4,10,1,0
73.21,86.98,8.6,3,0,0,1,4,1,0,3,0,0,67.42,90.03,2,3,5,8,0,1
70.56,90.99,6.88,1,2,0,0,1,0,1,3,1,1,3.15,23.63,4,0,3,10,1,1
96.53,55.44,6.65,1,0,1,0,5,0,1,3,1,1,77.49,24.53,5,0,0,5,1,1
60.94,61.49,7.49,5,2,1,0,3,0,1,1,0,3,93.36,22.08,4,2,4,3,0,1
99.79,56.08,6.46,0,2,0,1,4,0,0,0,1,0,44.11,87.51,1,2,2,8,0,1
91.52,61.52,7.75,5,0,1,0,1,0,0,2,0,1,9.57,43.0,1,5,4,1,1,0
59.53,52.24,9.08,0,1,0,0,3,1,0,3,1,2,16.68,2.03,4,1,3,1,0,0
66.35,68.62,6.65,0,2,1,1,2,1,1,3,0,2,28.67,62.61,5,1,0,5,0,0
78.74,80.34,5.04,1,1,0,0,3,1,0,3,1,0,36.85,86.34,4,0,3,6,0,0
89.89,94.89,5.73,3,2,1,1,2,1,1,3,0,2,20.92,80.01,4,4,5,3,0,0
80.8,74.24,9.04,0,2,1,0,4,1,1,5,0,1,47.49,27.5,2,0,2,10,0,0
66.23,50.67,5.01,3,2,1,0,2,0,0,1,1,1,76.99,6.64,2,0,4,9,0,1
63.44,75.01,6.41,1,1,1,0,1,1,0,0,0,2,91.98,4.49,3,0,4,5,1,1
66.13,82.74,5.05,6,0,0,1,3,1,0,2,0,3,19.84,81.75,4,5,4,0,0,0
66.48,81.63,5.39,4,2,0,1,4,1,1,1,1,3,13.53,96.55,1,4,6,2,1,1
78.5,98.77,9.54,5,1,1,1,4,0,1,0,1,0,13.29,87.94,5,1,1,5,0,1
53.64,92.36,8.17,5,0,1,0,4,1,1,1,0,1,93.95,65.92,3,1,5,3,1,1
95.87,56.55,8.64,6,2,0,1,3,1,0,3,1,1,21.56,61.85,4,4,3,4,0,1
52.34,89.92,8.92,4,2,0,1,2,0,1,2,1,2,48.05,3.97,4,0,1,10,1,1
58.58,75.25,6.33,1,0,1,1,3,0,0,0,1,3,75.54,7.51,4,4,1,6,0,1
77.56,87.63,8.18,1,2,1,0,4,0,0,1,1,0,30.06,45.72,5,4,4,1,0,1
59.36,70.94,6.49,6,1,0,0,5,0,0,5,0,3,24.19,23.85,1,4,5,9,1,0
99.91,78.91,6.89,2,1,1,0,2,1,0,0,0,1,69.63,62.41,3,3,2,7,0,1
57.26,68.87,7.32,5,1,0,1,4,1,1,3,1,2,29.28,94.41,2,3,4,6,1,0
81.88,91.4,9.14,6,2,1,1,2,0,1,4,1,1,47.65,19.12,1,3,4,10,0,1
96.13,51.43,7.59,2,1,1,1,1,0,0,1,0,3,68.84,49.62,2,3,2,3,0,0
52.43,64.1,5.25,2,0,1,1,4,0,1,0,0,2,69.21,56.63,1,5,2,2,0,0
94.85,56.86,5.91,6,2,1,1,4,1,1,4,0,3,51.59,81.27,3,2,2,2,0,1
55.27,73.84,7.86,3,2,0,1,4,0,1,3,0,0,51.35,18.02,2,1,3,3,0,1
61.95,85.53,5.06,4,2,1,1,4,0,1,2,0,3,25.48,68.32,3,3,3,1,1,1
75.33,95.28,9.49,1,1,0,0,1,0,0,3,1,0,14.22,67.82,5,4,2,7,0,0
68.93,60.1,6.23,4,1,0,0,3,1,1,3,0,2,21.21,61.27,2,2,0,9,0,1
92.4,86.0,8.17,2,1,1,0,3,0,0,1,0,1,20.68,96.36,4,0,4,6,1,0
85.37,81.0,6.97,2,2,0,0,4,0,1,1,0,3,51.15,69.71,3,1,0,0,1,0
54.47,92.32,6.05,0,0,1,1,2,0,1,4,1,3,6.75,64.5,3,3,3,5,1,1
74.54,85.09,9.25,4,1,0,1,1,0,1,2,1,3,88.55,0.46,1,0,4,3,0,1
92.24,68.25,5.31,3,2,1,0,5,1,0,1,0,0,26.5,35.43,4,1,6,6,1,1
65.58,98.45,5.09,4,2,0,0,3,1,1,5,0,1,99.69,0.8,4,5,5,4,0,0
50.83,99.0,6.0,2,0,1,0,4,0,0,3,1,0,19.21,27.64,4,1,4,9,0,1
67.94,52.84,8.61,3,0,1,0,2,0,0,0,0,2,18.9,78.58,5,2,4,0,1,1
61.94,50.98,5.3,0,2,1,1,5,1,0,1,0,2,3.28,78.36,4,2,3,9,1,1
61.8,91.65,9.38,1,2,1,0,3,1,0,1,0,3,82.17,85.51,5,2,3,9,0,0
98.48,98.89,6.79,3,2,0,1,4,1,1,3,0,3,78.19,72.66,3,1,2,6,1,1
97.84,71.37,9.35,4,2,1,1,5,0,0,3,0,0,41.78,18.08,4,2,2,4,1,0
93.09,85.04,8.26,1,2,0,0,4,1,0,4,0,3,7.85,55.12,1,3,4,6,1,1
56.63,83.44,5.41,6,1,0,1,2,1,1,4,0,1,2.92,69.85,2,4,2,5,1,1
84.37,83.54,8.34,6,0,0,0,4,1,1,1,0,1,18.29,18.42,3,4,5,5,0,1
71.57,60.89,6.92,1,2,0,1,5,0,0,3,0,3,8.92,22.86,5,0,1,4,0,0
52.58,97.77,8.42,1,1,0,0,4,0,1,4,1,1,10.11,6.94,3,5,5,10,0,1
74.78,91.25,8.71,0,0,1,1,5,1,1,3,0,2,11.18,89.31,3,5,6,6,0,1
88.93,80.22,6.93,5,0,1,1,1,0,1,3,0,2,75.04,83.53,5,5,4,3,1,1
63.96,58.6,7.99,3,0,1,0,3,0,0,2,0,0,13.12,33.97,2,1,4,0,0,0
79.67,65.63,9.25,5,0,1,1,5,0,0,3,1,1,4.68,50.0,2,3,1,9,1,0
79.85,63.65,6.76,4,1,0,1,3,0,0,5,0,2,77.4,4.05,4,5,2,5,0,0
57.35,93.12,9.08,6,2,1,0,4,0,0,2,1,1,44.51,59.56,5,4,5,2,0,1
99.18,86.81,7.35,6,1,1,0,2,0,0,3,0,2,60.93,96.1,4,1,1,7,1,1
59.02,51.9,6.19,2,2,0,1,3,0,0,1,0,2,35.88,62.74,5,3,6,1,0,0
57.53,72.2,7.83,0,1,1,1,5,0,1,3,1,3,24.45,94.37,5,1,1,8,0,1
95.09,92.44,5.62,6,2,1,1,2,0,1,0,0,2,11.55,58.96,1,1,2,7,1,1
73.16,79.06,7.73,1,2,0,0,5,1,0,4,0,2,32.99,9.21,2,2,6,7,1,0
53.67,90.77,10.0,5,0,1,0,4,0,0,4,1,3,76.37,46.42,1,3,4,10,1,1
58.13,85.72,7.71,1,1,0,0,4,0,1,4,0,0,73.54,89.76,3,1,4,1,1,1
90.8,83.65,7.06,4,2,1,0,5,1,1,1,1,2,5.79,35.71,5,5,0,4,1,1
73.91,82.94,8.19,5,2,0,0,5,1,1,0,0,3,21.78,63.13,5,1,6,0,1,0
67.57,78.31,9.29,0,1,1,1,1,0,0,2,1,3,70.82,10.53,3,0,0,6,0,1
57.02,55.79,8.75,2,0,1,0,4,1,1,0,0,0,18.53,93.67,1,2,6,1,0,0
94.5,93.08,8.62,6,0,1,0,4,0,0,2,0,2,85.31,37.07,5,4,3,3,1,1
59.98,85.72,5.72,6,1,1,0,1,1,0,5,1,2,35.42,88.56,3,5,4,2,1,0
66.7,70.23,5.06,1,0,0,1,1,0,0,1,1,3,96.37,61.61,1,0,6,4,0,1
61.05,65.66,8.17,2,1,1,0,1,1,1,3,1,2,32.37,94.7,2,4,5,9,1,1
80.15,63.21,5.56,6,0,0,1,2,0,1,0,0,0,87.78,68.64,4,4,6,3,1,1
74.14,95.73,6.4,1,2,0,0,1,1,1,1,0,3,95.94,87.31,2,3,2,3,1,1
56.76,65.49,9.94,2,2,1,0,2,0,1,0,1,2,93.68,53.89,2,4,0,5,1,0
97.85,94.78,7.49,6,2,0,0,1,1,0,5,0,1,82.0,3.06,4,1,5,9,0,0
64.37,71.92,5.32,4,1,1,0,1,0,1,1,1,0,56.57,0.58,1,5,0,8,1,0
86.42,93.57,5.38,0,2,1,0,4,0,0,1,0,2,64.75,2.51,1,4,2,3,1,0
57.96,98.76,8.21,6,2,0,0,2,1,1,3,0,0,79.71,80.72,3,4,1,6,1,0
94.86,97.41,8.37,2,1,1,1,4,1,1,4,0,2,21.89,6.59,1,0,4,3,1,0
96.58,59.97,7.98,3,1,0,0,4,1,0,4,0,1,38.27,88.39,5,4,6,10,0,0
80.2,68.98,5.95,4,1,0,0,5,1,0,4,1,3,24.63,14.83,2,2,6,6,1,1
90.33,76.87,6.07,4,1,1,0,2,0,0,2,1,1,87.69,28.27,4,4,5,8,1,1
81.42,89.93,7.42,5,1,0,1,5,1,1,2,1,3,13.67,32.86,2,2,3,2,1,0
91.68,67.57,5.36,3,0,1,1,1,1,0,5,1,0,75.59,58.01,1,1,6,2,1,0
56.83,94.61,9.63,5,2,1,1,1,0,0,3,1,3,45.83,92.99,5,2,6,6,0,1
68.87,86.52,8.7,4,1,0,0,3,0,0,3,1,1,19.7,71.14,1,0,6,9,0,1
75.32,89.12,7.25,6,0,0,0,4,0,1,1,0,2,57.54,6.97,3,2,2,3,0,0
73.65,54.08,6.61,3,2,1,1,5,1,1,3,1,2,41.0,2.52,2,2,4,5,1,1
94.34,76.01,5.6,0,1,0,1,5,0,1,3,1,2,80.83,84.53,5,3,2,8,1,1
88.04,54.8,8.85,1,1,1,0,3,1,0,5,1,0,23.83,31.23,3,4,3,5,1,0
50.09,84.58,7.32,5,0,1,0,5,1,0,4,0,1,93.87,14.24,2,0,1,3,0,0
80.13,97.07,7.92,0,1,1,0,1,0,0,1,0,2,41.41,80.08,1,4,3,9,1,0
57.33,99.55,9.26,0,2,1,1,3,1,0,1,1,2,85.23,82.96,2,4,3,7,0,1
65.15,50.6,9.83,1,1,0,0,1,0,1,4,1,1,97.75,41.86,3,1,6,8,0,0
85.42,94.1,7.41,3,2,0,1,1,0,0,1,1,1,18.57,46.48,5,4,5,4,0,1
76.72,98.32,5.37,5,2,1,1,1,1,0,2,0,0,22.15,6.96,3,4,0,2,1,0
86.85,75.11,5.9,1,0,0,0,5,1,1,2,0,3,57.3,57.11,2,3,4,6,1,1
58.03,94.73,6.97,3,1,1,1,4,1,1,1,1,0,71.41,18.15,1,4,4,2,1,1
87.22,69.81,9.75,0,0,1,0,5,0,1,1,1,3,77.6,66.21,1,4,6,3,1,0
52.97,76.89,5.8,2,1,1,1,3,0,1,5,1,2,9.52,9.82,5,1,3,3,0,0
98.01,69.22,6.2,6,2,0,0,3,1,1,3,1,0,59.99,76.58,1,0,6,8,0,1
83.78,68.07,6.74,2,2,1,1,1,1,1,4,1,3,27.24,41.9,1,3,0,6,0,1
52.57,88.1,7.21,1,2,0,0,5,0,0,0,1,2,32.33,42.82,3,1,0,3,1,0
72.05,97.78,8.35,4,1,1,1,2,0,0,1,0,1,15.76,56.41,4,4,1,9,1,0
94.21,92.15,5.52,5,0,1,0,4,1,0,5,1,2,67.74,42.63,1,2,1,8,0,0
57.18,89.41,5.2,3,2,0,1,5,0,1,4,0,1,49.54,96.03,3,5,3,1,1,1
74.42,61.34,5.47,1,1,0,1,2,1,1,3,0,1,83.86,31.84,5,3,3,2,1,1
78.03,58.01,7.03,3,0,1,0,3,0,0,0,1,0,95.56,82.08,3,1,3,4,0,1
71.45,87.09,7.8,4,1,1,0,4,0,1,2,1,0,85.71,15.21,2,2,5,1,0,0
72.73,91.27,8.55,0,1,1,1,5,0,0,3,1,1,54.69,23.29,2,4,6,10,0,1
71.85,85.6,9.62,3,2,0,0,5,0,0,2,1,3,28.97,12.96,2,5,5,7,0,1
61.88,65.4,6.22,3,0,1,0,2,0,1,1,1,2,51.35,65.77,5,1,5,1,1,0
74.41,70.78,7.37,0,0,0,1,5,0,0,3,0,3,63.18,44.1,3,5,0,10,1,1
62.17,51.14,7.92,2,2,0,1,4,1,0,5,0,1,26.32,94.66,2,4,1,3,1,0
65.56,67.67,7.93,5,2,1,1,1,1,1,2,1,1,50.59,86.36,3,3,0,0,1,0
93.42,52.89,5.48,6,1,0,1,1,0,0,0,1,0,80.1,84.3,2,3,1,7,0,0
91.46,81.84,9.48,3,0,0,1,3,0,0,2,0,3,33.96,44.77,1,4,2,9,0,0
76.28,68.31,6.72,6,0,1,1,5,0,1,4,1,3,5.94,0.38,3,5,5,10,1,0
75.48,62.79,5.41,3,2,0,0,5,0,1,1,1,3,69.83,44.42,2,0,6,7,0,1
81.79,99.18,7.51,2,1,1,0,4,1,1,3,1,0,53.44,55.01,2,4,0,3,1,0
90.94,64.13,8.76,6,1,1,0,4,0,1,2,0,1,68.51,51.85,5,1,3,4,0,0
76.9,87.56,9.48,5,1,1,0,5,0,1,5,1,2,2.77,59.72,1,0,1,2,1,0
85.16,86.23,6.57,4,0,1,0,4,1,0,0,1,3,62.65,92.39,3,0,5,0,0,1
58.85,78.9,5.23,6,2,0,0,3,0,0,2,0,1,87.83,70.25,1,5,2,8,1,0
63.15,99.34,6.64,1,1,1,1,2,0,1,3,0,3,29.79,31.08,2,5,4,5,1,1
56.49,88.86,9.88,0,2,1,0,4,0,0,2,0,2,79.66,35.62,2,2,6,6,1,1
65.63,83.58,5.02,4,1,0,1,5,1,1,4,1,0,92.86,55.62,1,3,0,10,0,0
66.71,82.89,6.23,0,0,0,1,5,1,0,4,1,1,38.84,68.07,5,3,0,9,1,0
89.49,95.19,8.31,1,2,0,0,5,1,1,2,0,0,86.94,60.42,1,3,0,8,1,0
98.58,50.82,5.81,6,0,0,0,4,1,1,4,0,0,18.27,65.79,4,2,4,1,0,0
54.12,52.81,6.32,0,2,1,0,4,0,0,1,0,2,4.13,31.57,1,1,1,6,1,0
99.84,87.53,5.79,5,1,1,0,3,0,0,1,0,1,84.58,72.38,4,5,2,9,1,0
73.57,52.91,7.82,5,0,1,0,1,0,0,5,0,3,73.88,31.54,1,0,4,5,1,0
75.94,64.5,8.89,5,2,1,0,4,0,1,1,1,3,46.27,2.08,2,5,6,6,0,1
50.03,69.47,6.1,5,2,0,0,2,1,0,5,1,0,49.16,72.42,4,4,0,3,1,1
52.92,84.71,9.68,2,2,0,0,1,0,1,0,1,3,98.46,38.24,1,5,3,6,0,0
96.66,97.9,7.61,5,1,0,0,2,1,0,4,0,2,21.11,7.62,3,0,1,0,1,1
66.66,95.8,7.08,1,2,1,0,4,0,1,1,0,3,64.46,73.56,1,1,1,2,0,0
94.72,84.5,6.66,3,2,1,1,1,0,1,4,1,1,19.23,51.76,5,4,0,10,1,0
93.59,85.39,8.46,5,2,1,1,1,1,0,3,0,1,96.44,47.01,2,1,3,10,0,0
69.44,58.49,7.27,1,1,0,0,4,1,0,3,0,0,2.88,3.95,3,3,4,7,0,1
70.79,86.73,8.35,1,0,1,0,1,0,0,4,1,0,16.17,88.55,2,3,4,4,1,1
72.1,77.74,8.18,1,1,1,0,4,1,0,5,1,0,43.83,1.0,2,3,1,2,0,1
62.89,67.39,6.09,2,2,1,0,4,1,0,3,1,1,58.06,81.79,5,1,6,5,1,1
82.52,84.74,9.29,0,0,1,1,1,0,0,0,0,3,86.16,8.02,1,3,3,2,1,0
67.97,96.28,7.15,1,2,0,1,4,1,0,3,0,0,8.29,91.54,2,2,2,9,1,0
62.47,76.93,6.48,1,2,1,0,2,1,0,4,1,0,86.91,10.16,5,0,3,1,1,0
93.84,98.04,6.13,3,2,0,0,4,0,1,4,1,0,62.49,73.32,1,1,5,5,1,0
85.3,95.24,7.44,2,1,1,1,5,1,0,0,0,2,21.51,73.02,1,5,4,2,1,1
87.84,58.77,9.04,1,0,1,1,2,0,0,1,1,2,48.9,76.88,4,1,2,6,0,1
83.79,95.95,5.28,3,2,0,0,1,0,0,3,0,2,9.0,41.33,1,0,0,8,1,1
54.93,77.37,9.09,4,2,0,0,1,0,0,5,1,0,30.3,2.72,3,3,4,5,0,1
61.03,60.84,9.61,3,2,1,1,3,1,1,2,0,2,67.33,17.63,1,0,1,3,0,1
57.14,87.09,9.85,6,1,1,0,5,0,1,3,1,1,23.21,31.97,5,0,6,8,0,1
63.62,64.06,6.71,2,0,1,0,2,1,0,4,1,1,86.65,32.85,3,1,5,3,1,1
74.34,60.76,6.51,4,0,1,0,2,1,0,1,0,0,71.47,17.53,5,3,0,0,0,1
74.14,89.62,8.62,5,2,1,0,4,1,0,3,1,2,89.08,16.29,2,2,5,0,0,0
86.87,56.92,8.84,5,2,1,0,1,1,0,5,1,1,34.42,73.49,1,5,6,3,0,1
82.63,97.06,6.5,3,1,0,0,1,0,1,0,0,1,27.33,61.93,5,0,5,6,0,1
74.59,72.68,5.89,1,2,1,0,5,1,0,4,1,0,59.5,34.94,3,0,1,5,1,0
99.89,94.17,7.0,3,1,0,0,4,1,0,3,0,3,12.18,13.28,1,2,0,7,0,1
65.45,88.56,5.2,5,2,1,1,1,0,1,1,1,3,11.41,24.05,3,5,3,2,0,0
89.98,60.51,6.81,3,2,1,0,2,1,1,2,1,1,96.93,69.18,3,5,3,7,0,0
56.75,74.13,9.82,2,2,1,0,4,1,0,3,0,2,79.78,13.0,1,1,6,0,0,0
77.34,52.75,7.92,4,0,1,0,1,1,0,0,0,1,45.8,53.59,4,1,4,7,1,0
85.96,89.31,9.98,0,0,0,1,2,1,1,2,0,3,74.24,36.49,5,1,3,8,1,1
54.69,74.78,9.3,4,1,1,0,5,0,0,2,0,1,1.48,33.56,1,0,3,9,1,0
77.11,77.2,7.18,4,1,0,0,1,1,0,0,1,0,3.28,2.43,2,3,5,9,0,1
77.42,57.67,8.17,1,2,0,1,3,1,1,2,1,1,19.33,79.84,5,4,4,0,1,0
73.08,92.76,7.89,5,1,0,1,4,0,0,1,0,3,75.22,54.51,5,3,3,6,0,1
83.42,67.77,8.14,0,1,0,1,4,1,1,2,1,1,10.51,28.81,3,0,4,5,1,0
65.82,90.88,5.2,4,0,1,1,2,1,0,1,1,3,93.16,5.01,2,1,4,6,1,1
73.16,90.28,9.12,5,0,0,1,4,1,0,2,1,0,20.59,68.16,2,5,1,3,0,1
59.1,93.1,6.21,0,1,0,1,4,1,0,4,1,0,62.85,51.48,1,4,4,3,1,0
77.41,61.56,7.09,6,2,0,1,5,1,0,0,1,2,92.93,97.14,3,0,1,1,1,0
59.3,78.26,6.15,2,0,1,1,4,1,0,4,0,2,66.02,65.88,4,1,2,8,1,1
95.04,74.39,9.01,4,2,1,1,2,1,1,5,0,2,92.9,60.44,2,4,5,5,1,1
55.95,57.69,9.63,5,0,0,1,5,0,1,4,0,3,63.59,58.78,1,3,3,10,0,0
70.3,91.15,7.51,3,0,0,1,3,1,1,2,1,2,18.25,41.11,3,2,1,0,1,0
79.17,87.27,6.65,5,0,1,1,2,0,1,4,1,0,94.37,56.79,4,1,0,4,0,1
94.62,66.4,8.98,6,2,0,1,2,0,1,0,0,2,0.2,24.57,3,5,4,0,1,1
97.54,56.61,7.5,4,0,1,1,1,0,0,4,0,2,99.93,19.16,3,4,3,9,1,1
96.86,75.99,7.72,4,1,1,1,1,0,1,4,0,2,88.08,87.33,5,1,3,10,1,1
56.11,86.23,8.77,1,0,0,1,2,1,1,1,1,3,26.21,27.58,2,2,3,8,0,1
94.04,81.66,6.79,1,1,0,0,3,0,0,1,0,3,63.4,81.8,3,1,0,10,1,1
82.34,62.49,7.59,3,2,1,0,3,0,0,2,0,1,79.35,26.01,2,2,2,3,1,0
53.85,57.97,9.17,4,0,1,0,4,0,0,2,1,3,17.58,32.28,2,5,3,1,1,0
58.4,51.19,7.74,5,2,1,1,4,1,1,5,0,1,47.13,12.82,4,2,0,7,0,1
94.76,76.46,7.95,1,1,1,1,5,0,1,4,1,1,40.5,82.06,5,5,6,2,1,1
85.18,62.3,9.52,4,2,0,1,5,0,0,2,1,3,6.1,84.17,1,5,3,10,0,0
81.53,97.11,8.54,3,2,0,0,4,1,1,1,0,1,72.9,60.47,1,4,5,3,0,0
64.82,74.59,6.89,3,0,1,1,1,1,1,1,0,0,41.68,20.51,4,4,4,9,0,1
50.83,52.72,6.0,2,0,0,1,2,0,0,1,0,2,54.76,95.51,2,4,0,6,0,0
66.42,85.2,5.93,3,0,1,0,4,1,1,5,0,3,93.43,66.33,5,0,0,3,0,0
78.95,64.49,8.17,6,1,1,0,1,1,1,3,0,2,48.54,28.71,3,0,6,2,0,0
84.86,58.76,5.56,3,0,0,1,1,0,0,1,0,3,38.49,54.24,5,4,2,5,0,1
81.08,80.0,7.31,3,2,0,1,2,0,1,0,1,0,33.19,84.24,1,5,3,0,1,1
77.82,78.23,8.71,0,0,1,0,2,0,1,5,1,2,15.18,19.15,4,3,1,4,1,0
65.0,96.47,5.16,4,0,1,0,2,0,0,2,0,3,45.32,85.14,3,0,6,5,0,0
80.35,99.28,6.27,1,2,0,1,1,0,1,0,0,1,41.67,7.67,2,2,4,2,0,0
86.44,84.85,9.24,2,0,0,0,1,1,1,2,1,1,50.89,57.98,4,5,2,2,0,0
63.5,64.91,8.08,1,0,1,0,1,0,1,0,1,0,46.96,88.78,2,5,6,8,0,1
75.67,70.78,6.26,5,2,0,1,3,1,0,4,1,2,47.83,45.85,5,4,5,6,1,1
61.48,67.25,7.72,6,2,0,1,1,1,0,1,0,1,45.82,94.8,4,3,1,9,1,1
77.95,82.01,8.83,2,1,0,1,4,1,0,3,0,0,59.58,77.96,5,3,4,0,0,1
92.63,71.62,7.56,0,2,0,1,3,0,0,4,0,3,85.31,89.59,2,3,1,0,0,1
67.09,57.74,7.27,2,1,0,1,1,0,0,3,1,2,72.95,9.35,5,2,0,7,0,1
63.38,71.67,6.0,2,1,0,0,4,1,0,5,0,1,53.42,65.12,2,5,2,8,0,1
95.55,82.85,6.16,6,1,0,0,2,0,1,0,0,0,61.97,92.55,4,0,5,9,0,1
69.2,96.34,7.6,5,1,1,1,4,1,1,2,1,0,16.06,26.93,3,3,3,7,0,1
92.51,60.46,5.56,0,0,1,1,2,0,1,0,0,3,72.58,16.24,3,1,6,9,0,0
70.86,94.82,5.11,2,1,0,0,4,0,1,3,1,1,31.58,43.78,1,2,2,7,0,0
55.6,86.0,7.65,4,1,1,0,1,0,1,0,1,1,28.61,18.12,5,4,5,3,0,0
70.98,63.54,6.05,6,0,1,0,3,1,1,5,1,1,95.52,35.27,1,1,3,0,1,0
73.42,91.77,5.28,3,2,1,1,4,1,1,1,0,3,70.62,54.74,5,1,4,4,1,1
91.08,94.25,9.57,6,2,1,0,1,0,1,0,1,0,22.05,34.85,1,3,2,0,0,1
83.65,87.26,8.06,1,1,1,1,5,0,1,4,0,3,66.57,88.32,5,4,6,5,1,1
92.49,84.54,6.96,1,0,0,1,2,1,0,1,0,3,85.16,88.23,5,1,2,4,0,0
58.97,66.26,5.04,6,0,1,1,1,0,1,3,1,1,85.79,0.19,5,3,6,9,0,0
87.64,99.15,5.43,4,1,1,0,3,0,1,0,0,1,39.36,63.91,2,2,2,7,0,1
77.29,74.71,5.28,5,1,1,1,1,0,0,0,1,3,55.33,14.08,1,3,0,10,1,0
52.29,58.39,9.27,0,2,0,1,5,0,0,1,1,2,19.24,5.16,5,3,3,5,0,0
77.78,82.33,5.29,1,2,0,1,2,1,0,2,0,0,69.51,25.92,2,4,0,7,0,1
94.63,80.73,7.12,2,1,0,0,3,0,1,4,1,1,5.67,23.28,5,2,6,5,1,1
75.4,92.63,9.02,3,0,1,1,5,0,1,1,0,2,78.58,29.46,2,4,2,9,0,1
88.81,79.76,9.94,4,2,0,0,5,0,0,1,1,2,12.88,31.59,1,2,5,4,0,1
62.72,92.08,5.2,2,0,0,1,1,0,0,3,1,3,88.81,29.09,3,2,3,5,0,0
52.35,83.65,8.75,5,0,0,0,3,1,1,2,0,2,38.53,84.98,4,1,3,3,0,0
90.28,81.09,8.81,1,0,1,0,4,0,1,5,0,3,33.13,93.84,3,3,1,1,0,1
87.24,63.78,8.87,3,2,1,1,3,1,0,4,0,3,52.34,92.01,1,0,2,10,0,1
90.24,59.25,8.22,2,2,0,0,5,1,1,2,0,1,81.41,48.86,2,0,2,1,1,0
90.79,64.19,6.2,2,2,0,1,5,0,1,4,1,3,11.11,12.21,2,4,1,8,0,1
67.05,62.47,6.5,3,1,1,1,3,1,1,5,1,1,64.42,88.29,4,5,2,7,1,0
81.47,51.79,6.42,5,0,0,1,5,1,1,0,0,3,9.77,52.53,3,2,2,2,1,1
82.2,70.31,5.56,5,1,0,0,4,0,1,5,0,0,40.45,71.96,1,1,2,3,0,1
95.49,85.11,9.24,2,2,1,1,5,0,0,4,1,2,88.61,36.26,1,5,6,3,1,0
52.78,75.96,8.73,6,0,0,1,1,1,0,0,0,0,42.96,90.76,2,3,3,5,1,0
60.56,52.42,8.38,6,0,1,1,5,0,1,5,0,0,48.32,54.79,4,0,1,6,0,1
80.08,55.72,6.15,4,0,0,0,5,0,1,1,0,2,58.46,4.18,5,3,1,3,1,0
83.09,65.23,6.01,6,1,1,0,1,0,0,5,0,1,16.08,68.32,3,5,5,9,1,0
90.09,59.36,9.79,0,0,0,0,3,1,0,2,0,3,1.86,86.15,3,0,3,1,0,1
86.69,78.28,7.42,0,0,0,0,2,0,0,3,0,0,44.75,50.35,4,0,5,6,0,1
87.67,71.9,9.93,2,1,1,1,5,0,0,2,0,3,82.66,5.99,1,4,1,6,1,0
86.34,54.57,6.61,5,2,0,1,1,1,1,4,1,2,18.7,45.2,4,5,4,7,0,0
88.54,81.31,6.95,6,1,0,0,4,0,0,1,0,2,64.22,83.36,5,2,6,2,0,1
75.66,66.5,9.99,5,0,0,1,1,1,1,2,1,0,8.66,33.6,4,5,0,2,0,0
88.15,93.27,8.15,5,2,1,0,4,0,0,1,0,3,85.69,5.42,5,5,6,9,1,0
56.06,71.99,6.07,4,2,1,0,3,0,0,4,0,2,66.81,38.0,2,0,1,10,1,1
67.17,50.28,5.21,1,2,1,1,3,0,1,3,0,0,26.61,14.61,4,1,0,2,1,0
73.61,76.86,6.65,4,0,1,1,1,0,1,3,1,1,97.41,20.06,3,1,0,5,1,0
59.11,91.73,7.1,1,1,0,0,4,0,0,5,0,2,86.9,3.9,3,4,2,8,1,0
81.34,58.56,9.63,0,0,0,1,3,1,1,5,0,3,24.63,48.26,3,1,6,4,1,1
95.17,95.74,7.52,3,2,1,0,3,1,0,4,1,3,68.35,51.18,4,0,4,4,1,1
80.01,65.41,9.84,3,2,1,1,2,0,1,4,0,0,86.79,38.83,2,1,4,6,0,1
92.5,82.81,9.35,2,1,0,0,3,0,0,0,1,1,66.32,43.63,3,4,4,2,0,1
82.12,56.05,9.61,1,0,0,1,5,0,0,3,0,3,57.91,8.84,5,3,6,0,1,1
75.49,63.25,8.71,5,2,1,1,5,0,1,1,0,0,77.58,44.67,4,5,3,0,0,1
86.85,82.69,7.53,5,2,1,0,3,1,0,3,0,0,91.8,39.19,1,3,6,4,1,1
76.56,86.77,7.21,1,0,1,1,4,1,0,4,0,1,91.33,72.31,1,5,4,6,1,1
95.57,88.23,5.33,3,2,0,1,3,0,0,3,1,0,85.88,9.11,3,2,2,3,0,1
90.76,66.93,5.44,3,2,0,0,5,1,0,0,0,0,5.9,28.3,4,4,0,9,0,1
80.38,50.36,5.92,6,2,1,1,4,0,0,2,0,0,16.11,94.46,2,0,5,8,0,1
91.38,95.32,5.56,3,1,1,1,1,1,1,0,1,1,76.23,35.15,1,2,2,4,1,0
74.15,53.6,5.54,2,1,0,0,3,1,1,4,1,1,7.03,87.87,2,1,1,0,0,0
60.52,84.52,5.93,2,0,1,0,2,0,1,1,0,2,33.22,23.6,2,0,4,6,0,0
75.72,97.8,7.01,0,2,0,0,5,0,1,2,0,1,16.88,27.5,4,5,2,2,1,0
57.19,51.09,5.73,1,0,0,1,5,1,1,1,1,3,51.47,10.49,3,5,2,7,1,1
57.8,56.88,6.16,6,2,0,1,1,1,0,0,1,1,60.51,29.28,1,4,0,4,0,1
55.61,96.75,8.07,0,2,0,0,2,1,0,2,1,2,68.34,3.24,1,4,2,10,1,1
68.68,50.7,9.84,0,1,0,1,3,1,1,0,1,1,25.93,22.16,1,4,3,8,1,1
56.92,50.9,9.14,0,2,1,1,5,0,1,5,0,1,73.24,69.49,4,5,3,4,0,0
65.2,60.12,6.14,3,0,1,0,4,0,0,3,0,0,80.37,72.25,4,0,2,5,1,0
51.73,74.37,7.55,4,1,0,0,4,0,1,5,1,3,24.2,38.99,4,2,2,10,1,1
69.88,97.04,7.06,0,2,0,0,4,1,0,1,1,1,38.66,55.07,4,2,4,5,0,0
70.32,80.52,6.32,5,0,0,1,5,1,0,3,0,2,67.97,57.22,1,2,2,7,0,1
89.14,79.7,7.05,5,1,0,0,5,1,1,2,0,1,16.08,88.36,1,1,6,7,0,1
91.87,57.68,9.53,4,2,1,1,1,1,0,0,0,1,41.89,28.38,5,2,6,4,0,1
81.83,67.96,8.44,2,2,0,0,5,0,1,3,0,1,60.81,99.19,4,3,2,9,0,1
85.84,71.33,5.29,6,1,0,0,1,1,0,5,1,0,38.6,93.3,1,5,0,3,0,0
51.38,75.97,7.8,4,0,1,0,3,1,1,2,1,0,12.89,83.36,4,5,2,4,0,0
78.82,66.72,8.13,3,2,0,1,5,0,1,2,0,2,3.07,73.15,2,3,3,5,1,1
88.14,65.99,5.24,3,1,1,0,4,1,1,3,0,1,94.4,53.56,1,0,0,8,1,1
94.89,68.69,8.91,5,1,0,0,1,1,1,1,1,2,65.69,0.21,2,1,1,6,0,0
64.88,79.33,7.38,3,0,1,1,5,0,1,0,1,0,9.93,5.88,4,4,1,6,0,1
94.17,65.21,8.93,4,2,0,0,2,1,0,2,0,2,12.61,50.57,4,2,6,10,0,0
70.14,78.94,7.47,0,2,0,0,1,0,0,1,1,0,78.85,18.69,5,3,3,8,1,0
83.36,92.73,5.22,2,1,0,1,3,0,0,2,1,0,58.49,31.64,5,2,4,4,1,0
76.27,84.03,8.87,3,0,0,0,2,1,1,5,0,0,20.85,2.1,2,2,2,1,1,1
64.79,76.78,5.61,4,1,1,0,5,1,0,3,0,1,56.13,62.6,1,3,5,5,1,1
86.78,93.31,9.66,0,0,1,0,1,1,1,0,1,1,75.1,61.01,5,0,6,10,0,0
65.47,88.68,5.97,5,0,1,0,1,0,1,2,0,0,64.9,19.68,2,0,1,4,1,1
76.48,56.58,7.14,6,2,0,0,5,0,0,4,0,2,22.57,47.77,5,5,3,0,0,1
56.63,64.41,7.46,0,0,1,0,2,0,0,1,1,2,60.21,92.23,5,1,5,9,1,1
67.23,70.82,7.86,1,1,0,1,5,1,0,4,1,1,5.49,5.49,5,1,2,0,1,1
56.98,69.55,5.5,0,1,0,0,5,0,1,1,1,2,35.54,83.8,1,2,4,4,0,1
94.74,75.36,5.79,1,2,1,1,2,1,0,4,0,0,4.22,70.37,1,2,6,9,1,1
71.93,59.46,8.58,5,2,1,1,5,1,0,0,0,3,65.94,51.9,4,1,5,3,0,0
81.39,79.64,7.36,4,0,1,0,2,1,0,4,1,2,67.12,98.07,3,0,2,8,0,1
88.11,66.29,5.74,4,1,0,1,1,1,1,5,1,2,78.59,38.74,3,1,5,7,0,0
52.91,57.23,9.79,4,1,0,0,4,1,0,5,1,3,13.43,90.86,2,5,3,5,0,0
74.19,65.36,8.86,2,2,1,1,5,1,0,1,1,1,34.9,37.51,1,4,5,6,0,0
83.83,71.98,7.92,0,2,0,1,5,0,1,5,1,1,46.67,10.31,4,2,4,9,0,0
78.81,96.06,5.24,4,0,1,0,5,0,1,4,1,3,63.1,78.39,3,4,1,9,0,1
76.62,63.36,8.65,0,2,1,1,5,1,1,1,0,1,98.34,50.98,4,4,3,1,0,0
78.67,75.48,6.15,1,1,0,0,5,1,1,3,1,3,75.3,17.52,5,5,5,8,0,0
65.78,89.79,5.9,3,2,1,1,3,0,0,1,0,1,44.3,83.89,1,1,1,1,0,1
98.52,81.16,8.9,2,1,0,0,5,0,1,1,0,1,75.61,43.61,5,2,3,4,1,0
98.52,74.01,7.28,5,2,0,1,4,1,1,2,0,0,13.55,30.88,1,1,4,8,0,1
84.0,94.06,8.89,1,0,0,1,3,0,0,4,1,2,34.66,44.4,3,5,1,1,0,1
82.71,62.2,6.34,2,0,0,0,4,1,1,1,1,3,34.12,45.32,4,3,3,8,0,0
73.89,70.16,5.34,4,2,0,0,4,1,0,3,0,0,48.93,35.78,2,2,5,2,1,1
60.47,84.91,6.35,6,2,1,0,1,0,0,3,1,3,88.11,42.89,2,1,4,9,0,1
80.95,51.58,5.02,0,2,0,1,5,0,1,3,0,2,8.37,39.08,1,4,3,7,1,1
76.25,58.02,9.79,4,1,1,1,5,1,0,3,1,3,9.3,24.91,3,1,1,4,1,0
87.01,76.31,9.59,4,2,0,0,4,0,1,1,0,2,7.47,8.89,4,2,6,5,1,0
56.12,92.6,5.42,2,1,0,0,5,1,0,5,1,3,67.65,18.72,3,5,2,5,0,1
90.34,67.21,8.24,0,0,0,0,1,0,1,4,1,3,24.12,86.25,2,3,0,4,0,1
81.04,91.91,6.7,3,1,0,1,1,0,0,3,1,1,71.87,3.9,4,3,1,7,1,0
81.98,56.51,9.74,3,2,1,0,3,1,0,5,0,0,97.12,31.97,5,3,3,0,1,0
68.5,82.43,9.24,2,2,0,1,2,1,1,2,1,0,46.92,66.75,3,1,6,4,0,0
85.35,60.41,9.71,3,2,1,0,5,1,0,0,1,3,30.65,0.07,4,1,1,9,1,1
85.84,64.17,7.41,5,1,1,1,5,0,1,4,1,0,20.01,13.21,5,4,2,8,1,0
77.35,52.07,6.3,5,2,1,1,1,1,1,5,0,3,98.57,18.56,3,5,5,10,1,1
76.57,77.39,9.27,2,2,0,1,3,1,0,1,1,1,93.79,90.08,3,1,4,6,0,1
84.51,63.63,8.31,3,2,0,0,2,0,0,2,0,2,90.73,88.91,3,4,4,7,1,1
80.27,53.23,6.97,6,2,0,1,2,1,1,2,0,0,89.38,34.33,2,0,2,10,1,0
74.58,55.41,9.43,0,2,0,0,3,1,1,4,1,3,22.5,76.86,1,3,6,0,0,1
70.03,96.82,9.34,6,2,0,1,3,1,0,4,1,1,38.13,83.78,1,5,3,3,1,0
97.25,81.05,8.17,3,2,0,1,3,1,0,4,0,3,63.16,68.73,5,2,2,4,1,1
63.45,56.38,7.05,3,0,0,0,3,0,1,2,0,1,34.31,95.63,4,2,3,8,1,0
86.03,79.73,9.6,3,2,1,0,4,0,1,5,1,0,1.32,13.22,1,4,3,9,1,1
79.71,76.06,9.05,6,2,1,0,1,0,0,0,1,0,40.45,68.5,5,1,6,2,1,1
58.74,64.91,8.49,0,1,1,0,4,0,1,3,1,3,2.68,70.97,4,4,6,1,0,1
55.54,75.47,5.03,4,1,1,0,5,1,0,3,1,2,75.71,41.48,1,1,1,7,1,1
75.36,51.18,9.04,6,2,0,0,5,1,0,0,1,0,94.45,35.76,5,4,3,2,0,0
65.91,91.18,9.05,6,0,1,0,1,1,1,3,0,3,43.88,9.14,3,4,4,0,1,1
83.29,62.95,5.97,2,0,0,0,4,0,1,0,0,2,96.9,71.88,3,2,6,6,1,1
96.45,91.55,7.47,4,1,0,0,2,1,0,3,0,2,84.35,22.56,3,5,6,4,0,1
65.29,90.67,7.22,0,2,0,1,5,0,1,3,0,0,61.78,71.88,2,3,0,5,1,1
75.45,77.17,8.5,1,2,1,1,4,0,0,3,0,1,22.92,91.6,2,2,2,9,1,1
54.22,80.32,8.36,5,0,1,0,4,0,1,1,0,2,51.19,24.2,5,4,6,8,1,0
73.83,90.43,7.69,1,1,1,1,2,1,0,5,1,2,40.52,81.3,5,1,6,9,0,0
86.66,77.73,8.91,4,2,0,1,5,0,0,0,0,2,31.34,69.04,1,3,0,7,0,0
61.05,99.94,8.12,1,0,0,1,4,0,0,1,1,0,32.46,61.51,3,3,3,5,1,1
99.9,91.66,6.54,2,0,1,1,3,0,1,0,1,1,80.56,53.07,4,5,3,5,0,0
74.88,71.88,6.22,2,1,0,1,1,1,0,4,0,1,29.91,5.68,2,4,5,8,0,1
89.27,89.92,5.53,0,1,0,0,2,0,0,0,0,2,88.71,59.57,5,0,6,6,0,0
99.67,82.83,6.2,0,1,1,1,1,0,1,4,1,3,95.55,35.92,5,0,3,4,0,0
93.91,67.99,6.54,3,2,0,1,5,0,0,1,0,3,68.7,24.65,3,2,6,8,1,1
66.78,73.8,9.3,3,2,0,0,5,1,0,3,1,2,55.29,4.9,2,2,1,3,1,1
87.75,55.5,7.69,2,2,1,1,5,0,0,1,0,0,32.41,63.57,2,3,3,9,1,0
54.24,61.08,5.25,2,2,1,0,2,0,1,0,0,0,84.96,65.78,5,5,1,6,1,0
64.25,63.31,5.88,2,2,0,1,5,1,1,0,1,0,87.42,84.97,2,4,6,0,0,1
88.92,81.07,9.01,6,1,0,0,2,0,1,2,1,2,95.72,85.01,5,5,5,9,0,1
72.82,80.35,5.55,5,0,1,1,4,0,0,0,0,2,92.52,60.8,4,2,2,6,1,1
67.58,66.25,7.25,0,0,0,1,3,1,1,2,0,2,82.34,82.89,5,4,5,3,0,1
79.89,51.66,6.28,6,2,0,0,2,1,0,3,1,3,32.02,84.91,3,2,6,2,1,0
57.28,77.48,7.24,0,2,1,0,2,1,1,3,0,2,92.47,21.93,3,3,4,9,0,1
64.53,95.74,7.2,6,0,1,1,4,0,1,2,0,3,86.48,72.63,3,0,0,0,0,0
56.59,81.0,6.83,5,0,0,1,4,0,0,5,0,0,39.72,84.96,1,1,0,7,0,0
85.73,99.34,8.82,1,2,0,1,4,0,0,2,1,2,73.05,7.65,1,3,6,5,1,1
83.07,53.8,5.06,2,1,0,1,2,0,1,2,1,2,6.85,40.55,5,2,4,4,1,0
77.95,87.76,6.65,6,2,0,1,4,1,0,2,0,1,51.26,4.14,1,4,5,7,1,0
57.06,80.14,6.04,3,2,0,1,5,0,0,4,0,0,85.17,91.01,1,5,1,4,0,1
82.29,61.11,6.42,6,2,1,1,3,0,0,1,0,3,14.67,47.38,3,5,6,4,1,1
91.05,79.69,6.49,1,2,0,1,3,0,0,0,0,0,55.99,79.76,1,3,3,0,0,1
68.16,89.69,9.54,2,2,0,1,3,1,1,0,0,1,45.25,93.92,4,1,5,4,0,1
79.09,53.22,8.78,6,0,0,1,3,1,1,4,0,0,2.12,45.01,5,3,5,2,0,1
60.68,64.35,9.15,4,0,1,1,1,1,1,5,0,1,0.07,71.72,3,1,0,7,1,1
69.68,60.86,6.3,0,1,0,1,1,1,0,1,1,0,91.03,39.8,4,0,2,4,0,0
50.21,64.81,5.09,4,1,0,0,4,0,1,0,0,1,50.86,29.73,3,3,4,7,1,0
66.93,66.56,8.04,1,2,1,1,1,1,0,3,1,0,45.88,66.07,4,1,0,7,0,1
96.67,99.71,7.22,1,2,0,1,1,1,1,1,0,2,47.91,64.41,4,5,0,6,1,0
87.6,66.39,8.2,3,1,0,1,2,1,0,1,1,3,85.33,61.87,1,5,2,3,0,0
91.62,75.49,7.96,0,2,0,1,1,1,0,3,0,1,62.05,89.06,2,5,4,10,1,0
69.92,53.18,9.02,6,1,1,0,5,0,1,0,1,3,24.35,16.45,4,2,5,5,0,0
72.33,58.8,5.23,1,2,0,1,5,1,0,5,0,3,99.8,90.39,3,5,4,2,0,0
64.78,84.18,7.33,0,1,0,1,5,0,1,2,1,0,68.42,56.0,4,3,4,9,0,0
93.32,83.2,7.54,5,1,1,1,4,1,1,1,0,2,60.0,28.92,2,5,5,8,1,0
65.87,83.45,6.5,3,0,0,0,3,0,0,1,1,2,80.97,32.74,5,5,2,3,1,1
89.76,80.53,5.8,4,0,0,1,4,1,0,2,0,2,20.87,46.87,1,0,2,8,0,0
51.53,77.83,6.49,0,1,1,1,3,0,1,3,1,2,78.47,50.7,5,2,5,3,0,1
68.36,98.27,6.08,2,2,0,1,2,1,0,3,0,1,81.88,63.23,1,2,1,2,1,0
78.14,99.0,7.87,2,1,0,1,2,0,0,5,1,2,1.02,13.74,1,4,4,9,1,1
81.64,69.97,7.54,0,1,1,0,5,1,0,2,0,1,53.07,59.87,5,1,5,10,1,1
67.63,90.66,5.33,4,2,1,0,4,1,0,0,0,3,91.43,44.63,5,3,5,1,0,0
66.0,60.25,8.21,3,2,1,0,2,1,0,2,1,0,45.29,46.48,3,4,6,0,0,1
94.34,85.11,9.22,4,2,1,1,5,1,1,0,1,2,6.83,47.1,2,0,1,8,1,1
95.9,99.66,9.2,3,0,1,1,1,0,1,3,0,2,60.7,4.66,2,4,4,9,1,0
97.12,68.42,9.5,4,2,0,1,2,0,0,3,1,3,79.49,10.46,4,2,6,10,0,1
80.39,65.63,5.43,6,0,0,0,4,0,1,5,0,2,11.18,54.67,3,0,1,5,0,1
93.68,65.02,6.08,1,1,1,1,2,1,0,5,0,2,94.99,37.35,5,0,1,1,1,0
68.6,69.61,8.55,4,1,0,1,2,1,0,2,0,1,49.64,27.23,1,0,4,8,0,1
90.4,72.88,7.03,0,2,0,1,2,0,0,4,1,1,77.26,82.4,5,1,5,7,1,1
74.29,77.18,5.2,0,1,1,0,1,1,1,2,1,2,14.49,66.09,3,2,0,9,1,0
56.44,81.38,7.15,0,2,0,0,3,1,1,3,0,3,11.43,65.9,2,4,1,2,1,1
63.54,88.56,6.83,5,0,0,1,1,1,1,5,0,2,30.13,78.73,1,3,2,1,1,0
75.34,65.22,7.07,0,2,0,0,3,1,0,1,1,1,77.1,80.79,4,3,4,7,0,1
90.92,69.66,9.2,0,0,0,0,3,0,1,4,0,0,96.97,76.57,5,1,1,10,1,0
81.82,62.79,9.92,2,1,1,1,4,1,1,0,1,0,97.35,90.5,2,2,6,3,0,0
82.7,89.09,7.36,3,1,0,1,3,0,0,2,0,1,72.38,3.32,3,3,3,7,0,0
70.34,85.0,7.53,1,1,1,0,2,1,1,1,0,1,13.02,31.85,3,4,5,0,1,0
61.78,77.34,8.4,2,1,0,1,4,0,0,1,1,0,13.3,98.02,2,4,1,4,1,1
86.43,76.5,5.13,2,2,0,0,3,1,0,5,1,2,99.22,77.23,2,2,4,3,0,0
63.24,70.25,8.7,1,1,1,0,1,1,0,1,1,2,6.84,49.39,3,1,4,2,0,0
52.83,50.26,8.19,4,0,1,1,4,1,0,3,1,0,51.0,19.32,2,0,0,1,1,1
95.54,51.86,8.96,6,1,0,0,5,0,0,4,1,1,75.72,1.79,2,4,4,4,1,0
65.34,67.45,9.01,1,1,0,1,5,0,1,1,1,3,95.75,39.44,1,2,2,0,1,1
70.49,75.6,6.44,1,0,1,0,1,1,0,2,0,1,12.64,7.83,3,0,0,5,0,0
98.86,74.23,9.43,5,1,0,1,2,1,1,2,1,2,36.61,28.84,2,3,5,3,1,1
58.39,80.16,6.65,0,0,0,0,1,1,0,1,0,0,0.55,42.87,4,2,0,4,0,0
