student_id,name,branch,current_semester,section,avg_score,attendance_rate,marks_std_dev,total_absences,subject_count,consistency_score,improvement_rate
ECE20200001,Urmi Parmer,ECE,7,A,97.9,91.86,5.34,7,5,94.66,0.42
CSE20210002,Ayushman Sahni,CSE,6,C,60.5,75.47,8.99,22,5,91.01,-2.63
MECH20200003,Logan Venkataraman,MECH,8,B,61.55,80.84,8.21,17,5,91.79,-2.4
IT20220004,Sai Venkataraman,IT,3,C,46.56,59.27,8.52,36,6,91.48,4.02
ECE20210005,Aachal Palla,ECE,5,A,84.55,83.36,7.39,14,6,92.61,4.61
ECE20200006,Krisha Choudhury,ECE,7,A,66.35,88.43,9.05,10,6,90.95,-0.32
ECE20220007,Ekapad Devi,ECE,4,A,62.69,86.99,13.15,11,6,86.85,-4.13
MECH20230008,Ekantika Dube,MECH,1,A,76.1,98.9,6.63,0,6,93.37,-3.88
ECE20220009,Mitesh Bala,ECE,4,C,86.99,91.92,7.94,7,6,92.06,0.46
CSE20200010,Wyatt Bhatti,CSE,8,C,60.75,84.79,5.56,13,5,94.44,-3.36
CIVIL20210011,Ladli Patla,CIVIL,6,B,31.75,57.08,16.23,38,5,83.77,3.98
IT20210012,Janani Doctor,IT,6,A,65.29,83.79,12.65,14,6,87.35,-4.43
CIVIL20200013,Nitesh Balan,CIVIL,8,A,28.0,45.28,5.03,49,5,94.97,0.97
ECE20210014,Bhavani Khosla,ECE,6,C,68.61,84.44,14.89,14,5,85.11,-2.69
CIVIL20210015,Upma Edwin,CIVIL,5,B,84.17,94.82,2.69,4,6,97.31,-4.17
CIVIL20210016,Christopher Bajaj,CIVIL,5,A,30.56,43.02,14.0,51,6,86.0,-5.0
IT20210017,Harsh Mahajan,IT,6,B,68.02,83.69,6.55,14,5,93.45,1.22
CIVIL20210018,Gayathri Nayar,CIVIL,5,C,66.86,71.37,5.57,25,5,94.43,3.39
MECH20230019,Chavvi Mitra,MECH,2,B,62.41,65.17,14.45,31,5,85.55,1.6
CSE20230020,Kalpit Sur,CSE,1,C,97.19,98.57,7.79,1,5,92.21,-1.7
CIVIL20220021,Janani Jain,CIVIL,4,A,78.84,98.0,2.38,1,6,97.62,2.77
IT20210022,Wazir Hans,IT,6,C,50.44,63.78,12.33,32,6,87.67,3.97
IT20200023,Devansh Parsa,IT,8,A,87.89,99.66,5.64,0,5,94.36,3.52
MECH20200024,Anika Chopra,MECH,8,A,94.58,92.78,3.86,6,6,96.14,1.88
ECE20210025,Aachal Pillay,ECE,6,A,61.23,65.9,8.14,30,5,91.86,3.71
MECH20230026,Bhavya Tripathi,MECH,2,B,83.61,88.62,2.09,10,5,97.91,2.04
CIVIL20220027,Nakul Desai,CIVIL,4,B,30.84,39.83,19.43,54,6,80.57,3.31
IT20200028,Isaac Nigam,IT,7,C,90.77,90.49,3.77,8,6,96.23,0.19
CIVIL20200029,Indrajit Gola,CIVIL,7,C,89.52,85.39,5.41,13,5,94.59,1.44
CIVIL20230030,Jatin Sule,CIVIL,2,B,82.23,99.82,2.72,0,5,97.28,-1.2
ECE20220031,Geetika Kanda,ECE,3,B,86.3,88.13,3.38,10,5,96.62,3.61
MECH20230032,Udarsh Bora,MECH,2,B,83.89,87.2,7.77,11,6,92.23,-0.8
CSE20210033,Timothy Pandey,CSE,6,C,65.53,69.98,6.0,27,6,94.0,-4.88
IT20230034,Reyansh Sastry,IT,1,A,22.72,48.22,19.4,46,6,80.6,-2.74
CSE20210035,Aryan Nagarajan,CSE,6,B,90.9,95.36,4.4,4,6,95.6,-4.33
IT20210036,Umang Joshi,IT,6,C,88.38,86.47,4.52,12,5,95.48,1.6
IT20210037,Harini Varghese,IT,5,C,55.09,76.9,14.31,20,5,85.69,-3.66
CIVIL20200038,Ishani Thaman,CIVIL,8,B,36.11,37.69,11.65,56,5,88.35,0.29
ECE20220039,Tejas Varghese,ECE,4,B,94.35,94.52,6.45,4,6,93.55,3.03
CSE20220040,Gautam Khurana,CSE,4,C,63.76,71.88,6.45,25,6,93.55,4.7
ECE20230041,Yadavi Buch,ECE,2,A,61.8,81.49,14.55,16,6,85.45,3.53
CSE20220042,Kamala Pant,CSE,3,C,52.38,62.9,12.49,33,6,87.51,1.27
CIVIL20220043,Ekansh Palla,CIVIL,4,A,63.04,82.96,14.72,15,6,85.28,0.61
ECE20210044,Frederick Chand,ECE,5,C,95.63,99.92,5.74,0,6,94.26,-4.0
CSE20210045,Shravya Hayre,CSE,6,A,67.76,75.48,12.29,22,6,87.71,-4.23
ECE20210046,Advay Bath,ECE,6,B,50.92,75.74,14.77,21,5,85.23,-1.54
MECH20210047,Ati Mandal,MECH,6,C,73.65,74.98,8.72,22,5,91.28,-1.49
CSE20220048,Vamakshi Sule,CSE,3,A,72.06,69.66,8.91,27,6,91.09,-0.63
CIVIL20200049,Meghana Oza,CIVIL,8,B,79.43,90.25,5.22,8,5,94.78,1.03
CSE20220050,Veda Rajagopalan,CSE,3,B,31.58,45.41,13.99,49,6,86.01,-0.09
IT20230051,Omaja Raman,IT,1,A,65.14,82.8,9.49,15,6,90.51,-2.92
MECH20230052,Ikbal Kala,MECH,1,C,64.54,68.41,8.21,28,6,91.79,3.56
IT20200053,Naksh Upadhyay,IT,7,B,59.6,81.04,12.04,17,5,87.96,-2.28
CSE20220054,Anamika Mitter,CSE,3,C,71.71,89.88,7.95,9,6,92.05,-4.83
CIVIL20220055,Nidhi Ghose,CIVIL,3,A,50.04,78.96,7.68,18,6,92.32,-3.74
CSE20200056,Bhavya Srivastava,CSE,7,A,57.6,64.2,8.67,32,5,91.33,3.64
CIVIL20210057,Neel Kumar,CIVIL,6,A,44.2,62.81,13.49,33,6,86.51,4.19
IT20220058,Sanya Chanda,IT,4,A,62.24,64.41,12.43,32,6,87.57,4.54
ECE20210059,Samarth Walia,ECE,5,C,64.15,64.89,6.92,31,5,93.08,-4.35
CSE20210060,Charita Buch,CSE,5,C,88.09,92.95,5.91,6,5,94.09,-2.53
CSE20220061,Manbir Goel,CSE,4,C,20.02,58.53,13.55,37,5,86.45,-1.62
CIVIL20230062,Mohini Bhatnagar,CIVIL,2,B,25.35,93.59,21.52,5,6,78.48,-4.33
MECH20200063,Yagnesh Mukherjee,MECH,8,B,54.43,82.65,9.3,15,5,90.7,-3.13
MECH20210064,Aahana Mandal,MECH,5,B,74.55,66.06,6.63,30,6,93.37,2.74
CSE20230065,Farhan Grover,CSE,1,B,63.23,61.99,10.79,34,6,89.21,-4.13
MECH20210066,George Dugar,MECH,6,B,72.34,66.42,9.09,30,6,90.91,-0.78
CSE20210067,Tristan Patla,CSE,6,C,44.71,53.66,13.6,41,5,86.4,4.41
IT20200068,Vansha Doctor,IT,7,B,55.69,60.07,6.68,35,6,93.32,-2.06
CIVIL20230069,Diya Dalal,CIVIL,2,A,88.7,53.02,19.37,42,6,80.63,-3.5
ECE20220070,Aadhya Dyal,ECE,4,A,75.58,88.85,4.68,10,6,95.32,3.58
CIVIL20200071,Avi Dass,CIVIL,8,A,70.67,77.46,5.96,20,5,94.04,-2.06
IT20220072,Devika Sidhu,IT,3,C,60.91,68.29,12.26,28,5,87.74,-1.66
MECH20220073,Ishaan Agate,MECH,4,B,96.18,96.67,5.04,2,5,94.96,0.31
CSE20230074,Vasatika Dash,CSE,2,A,54.6,76.84,11.83,20,6,88.17,-3.35
ECE20210075,Luke Khalsa,ECE,5,B,74.18,70.15,11.13,26,6,88.87,0.4
ECE20230076,Zilmil Prasad,ECE,1,C,73.49,81.3,8.01,16,6,91.99,3.16
IT20200077,Qabil Brar,IT,7,A,28.33,30.02,16.69,62,5,83.31,1.56
CIVIL20210078,Damini Goel,CIVIL,6,C,23.36,54.82,8.0,40,5,92.0,-3.25
ECE20230079,Qushi Pathak,ECE,1,C,54.09,63.48,5.72,32,5,94.28,4.83
CIVIL20200080,Zayan Karpe,CIVIL,8,B,76.08,96.79,5.84,2,5,94.16,-0.06
ECE20200081,Zashil Acharya,ECE,7,A,27.73,61.34,12.81,34,5,87.19,-2.18
CIVIL20230082,Aradhana Pai,CIVIL,1,B,54.12,87.72,12.18,11,6,87.82,-2.63
CSE20230083,Faras Bhagat,CSE,1,B,51.69,61.78,13.62,34,5,86.38,1.78
MECH20220084,Bina Vig,MECH,4,A,47.16,54.48,17.2,40,5,82.8,-2.47
CIVIL20210085,Bhavani Srinivas,CIVIL,5,B,87.22,98.05,6.15,1,6,93.85,0.57
MECH20210086,Dayita Wali,MECH,5,A,83.45,95.51,5.83,4,6,94.17,2.78
CIVIL20220087,Abeer Virk,CIVIL,3,C,73.96,65.08,9.25,31,5,90.75,1.52
ECE20230088,Gauri Barad,ECE,2,C,55.36,63.46,13.35,32,5,86.65,4.2
CIVIL20200089,Balveer Prabhakar,CIVIL,8,A,49.76,40.29,12.59,53,6,87.41,-0.3
ECE20230090,Abhiram Lal,ECE,2,B,74.07,70.4,9.54,26,6,90.46,0.19
CIVIL20220091,Vidhi Minhas,CIVIL,4,B,55.08,84.5,7.58,13,5,92.42,0.99
IT20200092,Jack Pathak,IT,7,A,67.97,87.31,14.84,11,5,85.16,-4.06
IT20210093,Varsha Dugar,IT,6,A,49.92,54.11,10.8,41,5,89.2,-0.01
CSE20210094,Varsha Parmar,CSE,6,B,95.7,95.58,7.26,3,5,92.74,2.74
CIVIL20230095,Aarav Ram,CIVIL,1,B,43.94,89.9,20.67,9,6,79.33,2.45
CSE20220096,Unni Kadakia,CSE,3,C,93.63,79.97,2.96,18,6,97.04,0.01
MECH20230097,Divya Bhardwaj,MECH,2,C,66.61,82.41,13.65,15,6,86.35,-1.08
CIVIL20210098,Neel Sidhu,CIVIL,5,C,52.59,63.52,5.6,32,6,94.4,-4.73
CSE20220099,Ojasvi Tank,CSE,4,A,93.52,85.45,6.31,13,5,93.69,-3.7
MECH20210100,Teerth Bahri,MECH,5,B,45.22,54.78,19.86,40,5,80.14,1.11
ECE20230101,Zayyan Garde,ECE,2,B,68.83,70.91,11.96,26,5,88.04,4.18
IT20200102,Ishanvi Bhargava,IT,7,B,93.41,86.32,3.74,12,5,96.26,-2.29
IT20200103,Damyanti Kanda,IT,7,A,37.93,42.43,18.99,51,6,81.01,-4.19
CIVIL20220104,Leela Kashyap,CIVIL,4,A,74.76,79.59,11.95,18,5,88.05,-0.71
CSE20200105,Mugdha Subramaniam,CSE,7,C,53.68,73.19,5.88,24,5,94.12,-4.53
MECH20220106,Zinal Lalla,MECH,3,C,71.07,85.16,6.08,13,5,93.92,-1.88
IT20220107,Anjali Soni,IT,4,B,59.83,87.36,8.49,11,5,91.51,-2.76
CSE20220108,Ekta Bal,CSE,4,B,41.05,49.54,14.7,45,5,85.3,-3.21
CSE20220109,Hitesh Mitra,CSE,3,A,27.33,30.46,18.33,62,6,81.67,4.41
CIVIL20210110,Ikshita Parmar,CIVIL,5,B,58.88,83.92,9.11,14,5,90.89,-3.66
IT20220111,Naksh Suri,IT,3,A,94.13,94.48,6.67,4,6,93.33,-2.21
CIVIL20230112,Sachi Bir,CIVIL,2,B,52.79,72.16,12.07,25,6,87.93,0.03
CIVIL20210113,Vansha Vyas,CIVIL,5,A,33.62,74.02,14.41,23,5,85.59,-4.65
CIVIL20210114,Oliver Lanka,CIVIL,5,C,29.19,33.75,14.94,59,5,85.06,-2.03
CSE20200115,Indira Misra,CSE,7,B,41.88,42.49,10.32,51,5,89.68,0.04
CIVIL20200116,Hemangini Chauhan,CIVIL,8,C,87.71,89.44,6.35,9,6,93.65,-1.86
MECH20230117,Harini Sibal,MECH,2,A,71.54,79.73,14.19,18,6,85.81,-2.01
CIVIL20230118,Ikshita Radhakrishnan,CIVIL,2,A,61.28,67.76,11.57,29,5,88.43,-4.86
CIVIL20230119,Yashica Agrawal,CIVIL,1,C,93.84,94.82,4.1,4,5,95.9,-2.2
IT20200120,Shravya Venkataraman,IT,8,C,32.49,51.62,11.97,43,5,88.03,-4.39
ECE20200121,Bhanumati Sant,ECE,7,C,24.03,78.77,7.11,19,5,92.89,3.46
IT20200122,Arya Wali,IT,7,A,61.23,67.18,8.66,29,6,91.34,-1.95
CSE20220123,Praneel Yogi,CSE,4,A,63.84,74.57,9.5,22,6,90.5,0.29
MECH20200124,Mitali Kothari,MECH,7,A,83.52,92.64,3.28,6,5,96.72,-1.54
MECH20230125,Zilmil Parmer,MECH,1,A,95.1,89.87,2.88,9,6,97.12,-1.67
MECH20230126,Widisha Pillai,MECH,1,B,22.28,61.88,5.93,34,5,94.07,4.06
IT20210127,Amrita Bobal,IT,6,B,70.56,85.23,6.28,13,6,93.72,4.21
ECE20200128,Abeer Varghese,ECE,8,C,93.22,89.07,7.39,9,5,92.61,4.79
CSE20220129,Varenya Contractor,CSE,4,B,93.51,92.93,2.42,6,5,97.58,2.1
IT20220130,Qabil Dora,IT,4,C,29.33,40.26,16.14,53,5,83.86,1.69
CSE20230131,Ikbal Ramachandran,CSE,1,C,23.99,78.17,15.15,19,5,84.85,1.31
IT20230132,Abhiram Modi,IT,2,A,74.79,84.52,13.16,13,5,86.84,3.78
MECH20210133,Anmol Sibal,MECH,6,B,77.93,86.18,7.79,12,5,92.21,4.52
IT20220134,Agastya Mann,IT,3,A,62.22,77.27,13.87,20,5,86.13,-4.69
ECE20220135,Kai Mangal,ECE,3,C,78.44,87.99,2.17,10,5,97.83,-2.28
CSE20200136,Indira Shankar,CSE,8,A,89.56,92.29,6.97,6,5,93.03,0.07
ECE20230137,Yutika Goda,ECE,1,B,72.59,77.44,8.86,20,6,91.14,-3.09
CSE20230138,Omaja Bandi,CSE,2,B,73.32,83.85,8.31,14,6,91.69,0.55
CSE20220139,Pranav Mitter,CSE,3,C,69.18,84.26,8.5,14,5,91.5,1.61
CIVIL20220140,Urishilla Arora,CIVIL,4,B,55.61,79.35,7.49,18,6,92.51,-1.66
IT20230141,Jatin Gaba,IT,2,B,82.02,90.39,3.37,8,5,96.63,0.42
ECE20220142,Samar Mand,ECE,3,C,45.83,44.19,7.6,50,5,92.4,-1.24
ECE20210143,Ishaan Ramakrishnan,ECE,5,C,26.03,69.58,18.76,27,6,81.24,-4.26
MECH20210144,Sai Samra,MECH,5,C,76.3,90.56,7.38,8,5,92.62,0.75
ECE20210145,Samarth Peri,ECE,5,A,60.81,73.31,9.38,24,5,90.62,2.65
ECE20200146,Mohini Kashyap,ECE,8,C,61.4,88.78,11.35,10,5,88.65,3.61
CSE20210147,Umang Gill,CSE,5,C,21.14,54.4,19.06,41,6,80.94,4.37
ECE20210148,Siya Merchant,ECE,6,A,53.43,62.98,10.73,33,5,89.27,0.76
IT20230149,Siddharth Aggarwal,IT,1,B,33.91,89.76,16.87,9,6,83.13,-1.22
IT20200150,Kritika Jhaveri,IT,7,A,54.65,68.28,6.03,28,5,93.97,-2.18
CIVIL20210151,Isaac Gokhale,CIVIL,6,A,73.89,65.58,5.32,30,5,94.68,2.21
CSE20230152,Dev Dayal,CSE,1,B,56.41,67.81,5.4,28,6,94.6,3.35
ECE20210153,Kevin Dhillon,ECE,6,A,35.92,54.54,12.0,40,5,88.0,1.56
MECH20200154,Chatura Agate,MECH,8,C,89.98,89.09,4.75,9,6,95.25,4.2
IT20220155,Chaman Samra,IT,4,B,73.01,97.76,13.85,2,6,86.15,-4.28
CIVIL20220156,Anamika Mall,CIVIL,3,B,93.45,97.28,5.66,2,6,94.34,-4.54
ECE20210157,Gunbir Lad,ECE,5,A,82.39,95.88,5.16,3,5,94.84,1.2
IT20210158,Nathan Kaul,IT,6,C,30.29,37.94,10.23,55,5,89.77,-0.33
IT20210159,Chakrika Natarajan,IT,6,C,68.69,63.71,13.34,32,5,86.66,1.42
MECH20210160,Nidra Gour,MECH,5,C,56.16,68.23,12.0,28,6,88.0,-0.46
ECE20220161,Faqid Dalal,ECE,3,B,69.14,85.87,5.91,12,6,94.09,3.22
ECE20200162,Zehaan Brahmbhatt,ECE,7,A,21.09,70.2,4.52,26,6,95.48,1.67
CSE20230163,Isaiah Raval,CSE,1,C,24.75,40.33,15.67,53,5,84.33,0.18
IT20210164,Rajeshri Karpe,IT,5,A,32.55,58.68,7.0,37,5,93.0,0.82
IT20200165,Keya Saxena,IT,7,C,43.97,30.71,17.79,62,6,82.21,1.17
CIVIL20200166,Tara Majumdar,CIVIL,7,A,74.89,67.16,9.47,29,5,90.53,4.84
CSE20210167,Christopher Khalsa,CSE,5,B,35.06,43.84,17.2,50,6,82.8,4.01
CSE20230168,Patrick Dutt,CSE,2,C,23.19,43.57,7.9,50,5,92.1,3.95
CIVIL20200169,Vansha Deol,CIVIL,8,B,58.87,80.92,5.14,17,6,94.86,4.3
CIVIL20220170,Onkar Sami,CIVIL,3,B,64.91,83.56,10.11,14,5,89.89,-2.73
CSE20230171,Rachit Srivastava,CSE,2,B,62.8,75.87,11.72,21,6,88.28,4.54
ECE20210172,Eesha Vig,ECE,5,A,25.39,93.41,6.44,5,6,93.56,4.33
CIVIL20220173,Chandani Anand,CIVIL,4,C,44.76,47.74,10.45,47,6,89.55,-0.39
CSE20200174,Gagan Merchant,CSE,8,A,60.28,73.42,10.18,23,5,89.82,3.76
MECH20230175,Ekaja Ramesh,MECH,1,C,73.59,68.13,5.93,28,6,94.07,-4.02
MECH20210176,Yauvani Ahluwalia,MECH,6,A,78.15,93.92,7.76,5,5,92.24,1.24
MECH20230177,Hiral Chadha,MECH,2,A,47.88,56.66,9.43,39,6,90.57,2.16
CIVIL20230178,Pushti Bhatti,CIVIL,1,B,65.93,82.76,5.99,15,5,94.01,3.96
ECE20220179,Wakeeta Toor,ECE,3,B,33.46,68.58,13.39,28,6,86.61,-3.95
MECH20210180,Jonathan Bhatia,MECH,6,B,96.94,98.52,5.42,1,5,94.58,-2.49
ECE20210181,Advik Kashyap,ECE,5,A,67.87,65.72,8.24,30,5,91.76,-1.23
CSE20230182,Divya Sura,CSE,2,C,74.52,60.69,7.96,35,6,92.04,-3.71
ECE20230183,Abeer Ramesh,ECE,1,B,63.78,86.53,11.96,12,6,88.04,2.44
ECE20220184,Mohini Virk,ECE,4,A,73.55,81.17,7.53,16,6,92.47,3.62
CIVIL20210185,Harish Chokshi,CIVIL,5,A,74.82,63.98,2.23,32,5,97.77,-4.6
ECE20220186,Veer Kapadia,ECE,4,B,42.82,30.29,17.16,62,6,82.84,-0.25
IT20210187,Mohammed Srinivas,IT,5,B,92.78,89.53,5.47,9,5,94.53,4.79
CIVIL20210188,Anvi Ahuja,CIVIL,6,B,35.25,36.11,12.12,57,5,87.88,2.17
CIVIL20210189,Raghav Kumar,CIVIL,6,C,59.85,84.67,13.01,13,5,86.99,0.77
MECH20220190,Vansha Agrawal,MECH,3,B,82.66,98.34,2.9,1,5,97.1,4.97
ECE20230191,Victor Madan,ECE,1,C,57.64,78.55,7.81,19,5,92.19,2.26
CSE20210192,Farhan Mohan,CSE,5,A,82.15,85.99,4.04,12,5,95.96,3.49
IT20210193,Laksh Manne,IT,5,A,66.44,82.84,5.63,15,5,94.37,4.88
ECE20200194,Jairaj Dani,ECE,8,A,28.35,55.06,5.42,40,6,94.58,3.65
ECE20230195,Ojas Oza,ECE,1,C,38.08,43.52,14.18,50,5,85.82,2.34
CIVIL20220196,Sachi Kapur,CIVIL,4,B,90.61,92.89,5.75,6,6,94.25,-3.24
ECE20220197,Gauri Shah,ECE,3,A,53.33,78.55,13.43,19,6,86.57,-3.11
ECE20220198,Rachita Tank,ECE,4,C,94.31,99.4,3.29,0,5,96.71,1.46
ECE20200199,Ekbal Chaudry,ECE,7,C,77.86,90.67,6.21,8,5,93.79,1.91
CIVIL20200200,Jeevika Suri,CIVIL,8,B,68.95,69.41,14.25,27,5,85.75,-3.98
CIVIL20210201,Ria Nayak,CIVIL,6,A,67.05,62.71,5.59,33,5,94.41,-0.55
ECE20200202,Lekha Wagle,ECE,8,A,65.08,62.24,9.44,33,6,90.56,-2.72
IT20210203,Azaan Chowdhury,IT,6,C,25.07,42.58,17.57,51,5,82.43,1.2
CSE20230204,Vritti Dave,CSE,2,A,26.68,44.34,5.96,50,5,94.04,-1.63
IT20210205,Meghana Manne,IT,5,B,23.74,32.34,10.54,60,6,89.46,-3.72
CSE20210206,Kamya Dugar,CSE,6,B,81.51,90.88,6.11,8,5,93.89,0.37
IT20210207,Aarini Wali,IT,5,A,50.41,61.83,10.42,34,5,89.58,1.0
ECE20230208,Yutika Sampath,ECE,1,A,63.95,80.42,10.57,17,6,89.43,-4.31
CSE20200209,Caleb Tara,CSE,7,C,96.64,96.51,2.89,3,6,97.11,1.6
CSE20230210,Falguni Kota,CSE,1,C,61.11,74.93,7.21,22,5,92.79,-2.82
ECE20230211,Utkarsh Balan,ECE,1,C,58.41,82.35,14.03,15,5,85.97,1.33
MECH20200212,Panini Natt,MECH,7,C,64.02,63.3,11.7,33,6,88.3,-1.76
IT20210213,Unni Mahajan,IT,5,A,90.86,90.01,2.02,8,6,97.98,-1.41
IT20230214,Girik Sekhon,IT,1,B,69.26,75.33,12.65,22,5,87.35,-0.82
CSE20230215,Veda Hegde,CSE,2,B,64.84,85.93,10.12,12,5,89.88,3.15
IT20200216,Unni Sachar,IT,7,A,82.41,89.99,5.04,9,6,94.96,1.47
CIVIL20210217,Anjali Tailor,CIVIL,6,B,22.03,68.38,11.87,28,6,88.13,-4.5
CIVIL20200218,Fitan Keer,CIVIL,7,C,66.17,78.44,8.94,19,6,91.06,-2.86
CSE20230219,Devika Baral,CSE,1,B,32.27,42.12,17.35,52,5,82.65,4.71
MECH20230220,Lekha Dara,MECH,1,C,70.9,80.02,12.01,17,5,87.99,-4.39
CIVIL20230221,Arya Venkataraman,CIVIL,2,B,55.25,81.69,7.81,16,5,92.19,3.56
CSE20200222,Quincy Loke,CSE,7,B,25.3,57.42,13.2,38,5,86.8,0.48
CSE20230223,Indali Bakshi,CSE,1,A,78.61,90.14,5.55,8,5,94.45,1.1
CIVIL20230224,Unni Ramesh,CIVIL,1,C,96.04,91.15,4.32,7,6,95.68,-2.13
ECE20210225,Devansh Chander,ECE,5,C,52.12,74.84,10.9,22,5,89.1,-4.11
CIVIL20210226,Oni Natt,CIVIL,5,A,97.52,93.18,7.61,6,6,92.39,-4.73
ECE20200227,Vaishnavi Kaur,ECE,8,B,38.31,58.14,16.56,37,6,83.44,-4.44
CSE20210228,Abdul Ranganathan,CSE,6,A,58.49,86.62,13.23,12,5,86.77,1.97
CIVIL20220229,Avni Verma,CIVIL,3,A,38.46,34.51,11.15,58,5,88.85,-4.0
CIVIL20230230,Manbir Basak,CIVIL,2,A,92.46,95.94,5.98,3,6,94.02,-0.57
CIVIL20220231,Gavin Om,CIVIL,3,A,71.16,74.95,9.24,22,5,90.76,4.95
CSE20230232,Anirudh Bandi,CSE,1,B,24.52,58.31,11.86,37,5,88.14,4.88
IT20220233,Faras Ahuja,IT,4,A,67.64,73.83,9.14,23,5,90.86,3.7
CIVIL20200234,Dominic Iyer,CIVIL,7,B,80.84,86.37,4.96,12,5,95.04,-2.92
IT20230235,Raagini Shankar,IT,1,C,52.34,77.86,13.0,19,5,87.0,-2.72
ECE20230236,Vidhi Rao,ECE,2,A,59.3,80.48,7.48,17,5,92.52,-4.61
CIVIL20200237,Megha Devi,CIVIL,7,B,49.62,36.34,19.79,57,6,80.21,4.28
CSE20220238,Fiyaz Chaudhari,CSE,3,A,37.89,67.85,24.38,28,5,75.62,3.09
MECH20200239,Yahvi Khurana,MECH,8,B,86.51,87.28,3.39,11,5,96.61,0.4
ECE20220240,Arunima Nadig,ECE,3,C,58.63,71.14,8.88,25,6,91.12,-2.07
MECH20230241,Damyanti Mani,MECH,1,B,37.41,53.93,8.08,41,5,91.92,3.43
ECE20210242,Ishanvi Parekh,ECE,6,B,35.53,57.17,13.91,38,6,86.09,4.87
ECE20210243,Chakradhar Rajagopal,ECE,6,B,96.17,95.94,4.48,3,5,95.52,-2.34
MECH20210244,Falan Mann,MECH,6,B,57.0,70.69,7.14,26,5,92.86,-3.37
CIVIL20200245,Abeer Cheema,CIVIL,8,A,44.97,39.18,5.87,54,6,94.13,2.92
CSE20230246,Qabil Srinivas,CSE,2,B,49.42,57.52,14.82,38,6,85.18,2.46
MECH20230247,Onkar Nanda,MECH,2,C,25.08,48.53,14.58,46,5,85.42,2.71
CSE20200248,Sai Ramesh,CSE,8,C,57.49,81.29,6.92,16,5,93.08,3.17
CIVIL20210249,Bakhshi Solanki,CIVIL,6,C,86.64,99.02,3.2,0,5,96.8,-0.89
CIVIL20220250,Chavvi Atwal,CIVIL,4,A,71.19,81.16,7.66,16,5,92.34,1.58
IT20210251,Azad Nayak,IT,5,B,59.01,89.61,6.35,9,5,93.65,-3.66
ECE20220252,Rayaan Kalita,ECE,4,A,93.81,98.93,7.48,0,5,92.52,1.66
CSE20200253,Aditya Kaul,CSE,8,A,60.47,71.7,7.9,25,5,92.1,2.16
IT20230254,Ira Chad,IT,2,A,69.16,88.45,8.03,10,5,91.97,3.98
CIVIL20210255,Sneha Kar,CIVIL,6,A,51.51,74.91,7.26,22,5,92.74,3.56
MECH20230256,Nimrat Bhargava,MECH,2,A,88.82,95.95,4.93,3,6,95.07,-3.18
IT20210257,Frado Mutti,IT,6,C,44.87,53.15,18.19,42,6,81.81,-0.26
CSE20210258,Manya Tank,CSE,5,C,79.17,86.18,3.66,12,5,96.34,-1.98
CSE20210259,Siya Sule,CSE,5,A,79.5,40.57,22.06,53,5,77.94,1.87
ECE20210260,Sathvik Natt,ECE,6,A,62.17,80.51,9.46,17,6,90.54,3.45
ECE20210261,Dipta Koshy,ECE,5,A,48.97,34.54,10.3,58,6,89.7,-3.68
MECH20200262,Mohammed Venkatesh,MECH,7,C,54.46,64.08,6.98,32,6,93.02,-0.23
MECH20210263,Dayamai Comar,MECH,6,B,87.14,96.78,4.66,2,6,95.34,2.45
CIVIL20230264,Victor Desai,CIVIL,1,C,71.92,84.29,12.91,14,6,87.09,1.92
ECE20210265,Prisha Jaggi,ECE,6,A,26.66,47.24,21.9,47,6,78.1,1.41
ECE20210266,Oni Sant,ECE,6,A,50.68,77.05,11.88,20,5,88.12,-1.75
MECH20210267,Sara Sastry,MECH,6,A,66.43,72.68,13.12,24,5,86.88,3.94
IT20200268,Sudiksha Vohra,IT,7,A,67.05,70.66,7.46,26,5,92.54,-1.66
ECE20220269,Jyoti Madan,ECE,4,C,51.02,60.58,6.77,35,5,93.23,2.94
MECH20230270,Ayush Kala,MECH,2,C,67.59,64.11,12.91,32,5,87.09,4.82
CIVIL20200271,Jeremiah Narayan,CIVIL,8,A,40.4,86.47,22.06,12,6,77.94,-2.88
ECE20220272,Megha Malhotra,ECE,4,B,82.21,86.16,7.03,12,5,92.97,3.74
IT20220273,Keya Jha,IT,4,B,73.05,84.86,12.65,13,5,87.35,1.13
CIVIL20220274,Ayaan Lall,CIVIL,4,C,85.92,94.32,2.84,5,6,97.16,0.18
ECE20200275,Manthan Raman,ECE,7,C,58.78,61.05,13.28,35,6,86.72,-1.55
CSE20230276,Advika Bora,CSE,2,A,23.06,64.36,10.73,32,6,89.27,3.27
IT20200277,Rachit Srinivasan,IT,7,A,38.02,56.66,19.51,39,5,80.49,-3.85
MECH20200278,Omya Borra,MECH,7,B,51.05,85.29,6.29,13,5,93.71,-0.09
IT20230279,Kiaan Prashad,IT,2,B,64.59,67.3,9.54,29,6,90.46,4.47
IT20210280,Hemani Gole,IT,6,C,57.03,69.21,14.93,27,5,85.07,4.86
CIVIL20230281,Udarsh Maharaj,CIVIL,1,A,69.23,82.93,5.91,15,5,94.09,-0.11
CSE20210282,Udyati Patel,CSE,6,C,53.59,64.08,10.11,32,6,89.89,-0.53
MECH20230283,Xavier Muni,MECH,1,C,63.95,89.71,10.48,9,5,89.52,3.24
ECE20210284,Aachal Nori,ECE,6,C,61.42,94.21,19.39,5,6,80.61,3.69
CIVIL20210285,Kala Garg,CIVIL,6,C,48.92,43.14,10.56,51,6,89.44,4.38
IT20220286,Widisha Verma,IT,4,B,94.48,99.92,4.91,0,5,95.09,-3.06
CIVIL20220287,Azaan Mandal,CIVIL,3,A,80.31,89.77,4.43,9,6,95.57,-4.9
MECH20220288,Geetika Sagar,MECH,3,B,52.02,85.84,6.25,12,6,93.75,-3.02
CIVIL20230289,Naksh Bhakta,CIVIL,2,B,26.07,43.47,5.59,50,5,94.41,-3.2
ECE20210290,Dhruv Zachariah,ECE,5,B,72.2,66.0,14.01,30,5,85.99,-4.81
ECE20220291,Hemani Minhas,ECE,4,B,95.5,94.61,5.52,4,5,94.48,0.98
ECE20230292,Turvi Varughese,ECE,1,A,75.36,98.77,6.87,1,6,93.13,1.22
MECH20200293,Kamala Choudhary,MECH,8,B,22.98,35.31,24.83,58,6,75.17,3.16
CSE20230294,Hamsini Johal,CSE,2,B,84.36,84.59,20.71,13,6,79.29,-3.79
ECE20230295,Gayathri Keer,ECE,2,C,68.19,96.06,23.92,3,5,76.08,-4.5
MECH20210296,Rishi Nadig,MECH,5,B,35.0,58.91,9.02,36,6,90.98,-2.42
ECE20220297,Wazir Varma,ECE,4,C,86.31,35.28,21.43,58,5,78.57,-1.74
CIVIL20230298,Logan Deep,CIVIL,2,A,73.93,75.53,5.31,22,6,94.69,-1.05
CIVIL20220299,Eshana Dugar,CIVIL,3,C,35.26,40.91,14.78,53,6,85.22,-3.81
MECH20210300,Vincent Prabhu,MECH,6,A,85.31,43.13,12.04,51,6,87.96,-2.76
ECE20220301,Aarna Lalla,ECE,3,B,78.42,97.87,7.42,1,6,92.58,0.61
IT20220302,Warda Agate,IT,4,A,58.02,82.83,10.15,15,5,89.85,3.09
CSE20210303,Raagini Bhattacharyya,CSE,6,A,56.71,88.39,8.58,10,6,91.42,-1.57
CSE20230304,Balveer Mahal,CSE,2,A,52.88,66.24,13.12,30,6,86.88,3.42
IT20210305,Naksh Narain,IT,5,C,52.26,78.54,6.38,19,5,93.62,4.73
CSE20200306,Sai Kurian,CSE,7,A,61.78,37.66,14.12,56,5,85.88,-0.89
CSE20210307,Yash Pal,CSE,5,A,45.82,58.13,9.96,37,5,90.04,0.84
ECE20210308,Sarthak Wagle,ECE,5,B,83.4,88.5,7.29,10,5,92.71,1.06
CSE20200309,Chavvi Tripathi,CSE,8,A,93.47,92.98,3.74,6,6,96.26,-2.1
CSE20220310,Triveni Buch,CSE,3,C,58.56,67.93,11.29,28,6,88.71,3.18
MECH20200311,Charita Kapoor,MECH,8,A,55.1,64.96,12.61,31,5,87.39,-2.56
CIVIL20220312,Sarthak Dass,CIVIL,3,C,58.2,68.41,12.97,28,6,87.03,2.57
CSE20220313,Xavier Mani,CSE,4,B,77.19,91.21,4.82,7,6,95.18,-0.24
CIVIL20220314,Jason Ravi,CIVIL,3,C,30.24,33.23,10.87,60,6,89.13,4.58
ECE20220315,Widisha Aggarwal,ECE,4,C,70.96,84.11,14.89,14,5,85.11,-0.44
CIVIL20220316,Avni Naidu,CIVIL,4,B,49.0,44.07,15.52,50,6,84.48,2.81
CIVIL20210317,Indali Lall,CIVIL,6,C,56.65,76.33,13.61,21,6,86.39,-0.91
IT20210318,Ekavir Keer,IT,6,A,64.46,73.78,9.24,23,5,90.76,-3.08
ECE20220319,Gavin Kunda,ECE,4,A,59.48,66.13,9.1,30,6,90.9,2.69
IT20200320,Harini Dhar,IT,7,B,36.02,52.36,11.94,42,5,88.06,1.29
MECH20230321,Mitali Dhar,MECH,1,A,95.99,89.15,5.13,9,5,94.87,-0.64
MECH20210322,Yashawini Grover,MECH,6,B,67.35,70.66,14.73,26,5,85.27,-4.17
CIVIL20200323,Vidhi Kata,CIVIL,8,C,82.82,87.73,7.41,11,6,92.59,-4.53
MECH20230324,Chandresh Minhas,MECH,2,C,50.81,84.42,12.47,14,6,87.53,3.39
CIVIL20220325,Logan Datta,CIVIL,3,C,32.74,61.97,15.26,34,5,84.74,3.07
IT20200326,Bimala Roy,IT,8,B,79.3,87.19,7.69,11,6,92.31,-4.13
ECE20230327,Kamala Vala,ECE,1,B,22.12,68.55,15.85,28,5,84.15,-1.88
ECE20210328,Adweta Jha,ECE,5,C,51.28,85.7,12.96,12,6,87.04,3.76
CIVIL20230329,Urvi Bal,CIVIL,2,B,68.41,75.23,5.99,22,6,94.01,1.53
IT20200330,Sudiksha Mangat,IT,7,B,60.14,83.83,7.92,14,5,92.08,2.9
MECH20210331,Sanaya Grover,MECH,5,A,49.24,33.15,8.95,60,5,91.05,4.03
ECE20220332,Mugdha Chatterjee,ECE,3,A,42.61,53.29,14.0,42,5,86.0,-3.42
ECE20200333,Warhi Panchal,ECE,7,B,54.96,66.08,6.27,30,6,93.73,-4.15
CSE20210334,Indali Sawhney,CSE,5,C,54.85,69.18,6.42,27,5,93.58,-3.86
CIVIL20220335,Chaitaly Bansal,CIVIL,4,A,76.43,90.66,7.82,8,6,92.18,-1.59
CIVIL20230336,Brinda Kala,CIVIL,1,C,61.33,68.66,7.17,28,6,92.83,-3.08
ECE20230337,Jeet Tank,ECE,2,A,55.36,87.85,10.74,10,6,89.26,-3.26
IT20200338,Lipika Choudhry,IT,8,A,85.99,98.18,6.29,1,5,93.71,-0.06
IT20200339,Riya Karnik,IT,7,A,62.0,64.75,8.46,31,6,91.54,-1.99
IT20220340,Nakul Chaudhary,IT,4,C,81.35,86.75,7.87,11,6,92.13,-4.92
CIVIL20220341,Yauvani Yohannan,CIVIL,3,C,97.9,85.26,3.94,13,6,96.06,-1.28
MECH20220342,Nihal Bhasin,MECH,4,C,49.23,49.36,11.85,45,5,88.15,4.65
MECH20220343,Wahab Choudhary,MECH,3,A,59.9,82.75,9.37,15,5,90.63,3.05
IT20220344,Advay Chaudhari,IT,3,A,90.24,97.33,3.74,2,5,96.26,-0.76
IT20230345,Sanaya Bassi,IT,2,C,65.09,63.1,11.96,33,6,88.04,4.39
CSE20210346,Sudiksha Tak,CSE,6,A,92.9,85.41,3.4,13,6,96.6,1.79
IT20230347,Owen Choudhary,IT,1,B,89.11,91.94,2.7,7,6,97.3,-3.06
IT20200348,Bhavna Raj,IT,8,C,66.2,75.18,12.98,22,6,87.02,2.13
IT20200349,Gautami Kala,IT,8,B,91.54,89.86,7.55,9,6,92.45,-1.39
IT20200350,Gaurika Pant,IT,7,B,51.23,77.6,10.5,20,5,89.5,4.19
MECH20200351,Upma Tak,MECH,7,B,60.0,87.24,8.88,11,5,91.12,-4.88
ECE20210352,Laksh Tandon,ECE,5,A,44.89,66.35,23.91,30,5,76.09,-1.06
ECE20200353,Patrick Khalsa,ECE,8,A,25.12,47.39,11.45,47,6,88.55,-4.26
MECH20230354,Pranav Tiwari,MECH,1,A,29.71,56.3,7.17,39,5,92.83,0.62
IT20200355,Luke Sawhney,IT,7,B,92.66,91.35,3.23,7,5,96.77,-3.48
ECE20210356,Devansh Chandra,ECE,6,A,51.79,64.35,9.16,32,6,90.84,1.38
CIVIL20230357,Ishita Sule,CIVIL,2,C,62.0,59.31,8.54,36,6,91.46,4.21
CSE20210358,Falan Ghose,CSE,6,A,48.13,38.42,14.23,55,5,85.77,0.9
IT20200359,Ekanta Oommen,IT,8,C,55.17,66.63,8.58,30,5,91.42,1.79
MECH20230360,Indali Sachdeva,MECH,2,A,67.47,65.05,8.08,31,5,91.92,1.0
MECH20200361,Widisha Kari,MECH,8,A,26.32,52.78,16.28,42,5,83.72,2.34
ECE20200362,Tejas Prabhu,ECE,7,B,26.82,54.27,12.18,41,6,87.82,1.09
ECE20210363,Yuvraj Tara,ECE,6,A,29.19,51.85,9.04,43,5,90.96,2.65
IT20210364,Jeremiah Nagarajan,IT,6,C,54.43,61.54,10.38,34,6,89.62,-2.18
MECH20210365,Udarsh Bhatt,MECH,5,A,87.96,88.84,7.79,10,5,92.21,3.7
CIVIL20230366,Unnati Bava,CIVIL,2,A,54.61,34.78,13.57,58,5,86.43,5.0
CIVIL20200367,Zayyan Bawa,CIVIL,7,C,38.55,48.04,6.61,46,5,93.39,0.26
IT20200368,Upadhriti Minhas,IT,8,C,74.67,73.45,8.82,23,5,91.18,1.41
IT20200369,Madhav Gola,IT,8,C,61.39,67.16,5.59,29,6,94.41,-3.81
IT20220370,Raksha Dua,IT,3,B,64.88,69.93,12.01,27,5,87.99,-0.51
ECE20200371,Ganga Sur,ECE,8,B,60.99,72.15,7.15,25,5,92.85,1.69
CSE20200372,Bakhshi Hans,CSE,7,B,76.05,98.63,7.84,1,5,92.16,0.26
MECH20200373,Amruta Kata,MECH,8,A,53.48,77.75,6.2,20,5,93.8,2.13
CSE20200374,Michael Wali,CSE,8,B,63.88,83.15,8.86,15,5,91.14,-3.81
ECE20200375,Dakshesh Kumar,ECE,7,C,40.68,60.29,8.99,35,5,91.01,-3.6
CIVIL20210376,Darpan Bhagat,CIVIL,5,B,41.41,42.74,6.37,51,6,93.63,-1.15
CIVIL20200377,Aarav Nair,CIVIL,7,B,31.08,75.07,18.13,22,5,81.87,-3.76
CIVIL20230378,Prisha Cherian,CIVIL,1,B,27.82,43.01,8.6,51,6,91.4,3.05
MECH20200379,Advik Chaudhuri,MECH,7,B,67.03,72.68,6.1,24,5,93.9,0.51
ECE20220380,Aachal Gara,ECE,3,C,78.76,85.69,6.71,12,5,93.29,-3.18
CIVIL20200381,Lipika Char,CIVIL,7,B,60.15,88.65,14.08,10,5,85.92,1.19
IT20220382,Raghav Parekh,IT,3,A,81.51,94.05,5.53,5,6,94.47,2.13
CSE20220383,Zehaan Sekhon,CSE,3,C,61.56,51.42,10.16,43,5,89.84,2.73
CSE20210384,Abhiram Dutta,CSE,6,B,87.69,90.49,4.2,8,6,95.8,-0.02
IT20210385,Vrinda Parmar,IT,6,C,78.5,88.62,3.58,10,5,96.42,0.91
MECH20220386,Yochana Wagle,MECH,3,B,50.24,72.99,11.99,24,6,88.01,4.62
IT20230387,Omisha Halder,IT,1,A,90.86,93.66,5.82,5,5,94.18,1.64
CSE20210388,Praneel Venkataraman,CSE,5,C,83.39,87.13,4.11,11,6,95.89,-0.91
MECH20210389,Tara Mitra,MECH,5,B,72.84,68.77,11.61,28,5,88.39,-2.66
MECH20200390,Reva Desai,MECH,8,B,47.38,53.45,13.79,41,5,86.21,3.88
ECE20220391,Jhalak Sarkar,ECE,4,C,42.04,56.85,6.61,38,6,93.39,-2.98
MECH20220392,Anita Dube,MECH,4,A,90.18,87.43,6.93,11,6,93.07,-3.97
IT20200393,Umang Pradhan,IT,8,C,43.71,54.86,10.57,40,5,89.43,0.74
MECH20200394,Ekaja Suri,MECH,8,A,51.96,62.9,9.76,33,5,90.24,2.22
ECE20220395,Varenya Parekh,ECE,4,A,24.55,36.06,10.53,57,5,89.47,-3.2
CIVIL20220396,Pranit Gopal,CIVIL,3,B,62.99,74.19,7.85,23,6,92.15,-3.24
CIVIL20230397,Bhavini Grover,CIVIL,2,B,56.45,69.22,5.95,27,6,94.05,2.52
ECE20200398,Veda Shanker,ECE,7,B,50.94,78.74,11.43,19,5,88.57,4.95
CSE20230399,Vivaan Sule,CSE,1,B,80.51,97.14,2.97,2,5,97.03,2.76
CSE20220400,Saanvi Hegde,CSE,4,A,39.37,60.54,5.75,35,6,94.25,-2.9
IT20200401,Ronith Rajagopal,IT,8,C,92.91,89.62,6.43,9,5,93.57,0.46
CSE20220402,Maanav Prabhakar,CSE,4,A,43.79,53.04,11.11,42,5,88.89,1.43
ECE20220403,Arin Agate,ECE,4,B,52.53,65.61,13.94,30,6,86.06,-0.93
CIVIL20220404,Ati Kannan,CIVIL,3,C,76.92,85.49,6.97,13,6,93.03,-1.42
MECH20220405,Harini Menon,MECH,4,B,38.13,35.58,10.32,57,5,89.68,1.53
IT20210406,Aarini Prabhu,IT,5,B,92.3,98.13,5.66,1,6,94.34,-1.5
CIVIL20230407,Samesh Dugar,CIVIL,1,A,58.96,70.38,5.77,26,6,94.23,-1.21
ECE20230408,Nidra Kala,ECE,1,A,34.93,45.55,17.88,49,6,82.12,1.08
MECH20200409,Krishna Sidhu,MECH,8,C,47.24,37.29,8.01,56,6,91.99,2.58
CSE20220410,Lakshit Mani,CSE,3,B,59.92,32.59,18.92,60,6,81.08,0.45
ECE20230411,Hema Gokhale,ECE,2,A,95.69,97.14,7.0,2,6,93.0,-0.84
ECE20230412,Anjali Mukherjee,ECE,1,A,59.98,76.27,14.43,21,5,85.57,-2.65
IT20210413,Vyanjana Dyal,IT,5,A,32.04,67.39,4.09,29,6,95.91,-1.57
CIVIL20220414,Ekaja Hegde,CIVIL,3,A,72.06,88.07,6.51,10,5,93.49,3.94
CSE20210415,Avi Uppal,CSE,6,C,78.46,92.32,7.96,6,6,92.04,-2.12
ECE20220416,Jeet Narasimhan,ECE,3,A,37.47,58.69,6.44,37,5,93.56,-3.7
CSE20220417,Devansh Gokhale,CSE,3,B,59.01,86.25,12.04,12,5,87.96,5.0
MECH20230418,Balvan Pillai,MECH,2,B,67.46,81.99,6.01,16,5,93.99,-3.47
IT20210419,Ekani Dora,IT,5,C,83.79,95.91,6.86,3,6,93.14,2.27
CIVIL20230420,Onveer Wable,CIVIL,2,B,68.39,69.17,11.8,27,6,88.2,2.21
IT20210421,Warjas Singh,IT,5,C,69.16,88.91,8.27,9,5,91.73,-3.04
CIVIL20200422,Warda Chowdhury,CIVIL,7,A,53.14,77.77,7.25,20,5,92.75,2.38
ECE20230423,Gautami Parmer,ECE,1,B,90.94,91.66,5.11,7,6,94.89,2.09
CSE20230424,Udant Mangal,CSE,1,B,72.98,75.16,8.95,22,6,91.05,0.79
CSE20210425,Oeshi Dara,CSE,5,B,52.14,61.46,12.19,34,5,87.81,0.31
CIVIL20220426,Vrinda Date,CIVIL,4,A,73.06,81.1,5.77,17,5,94.23,-2.03
CIVIL20210427,Saumya Soman,CIVIL,6,B,65.6,62.84,11.64,33,5,88.36,0.76
CSE20200428,Onveer Kadakia,CSE,7,B,47.7,30.74,16.37,62,6,83.63,-2.43
ECE20200429,Gaurav Kalla,ECE,8,B,24.58,49.85,19.07,45,5,80.93,-1.55
CSE20220430,Naveen Panchal,CSE,3,B,87.74,43.38,17.6,50,5,82.4,1.33
CIVIL20210431,Elijah Sandal,CIVIL,5,B,72.54,65.49,13.87,31,6,86.13,-3.31
CSE20210432,Hritik Kar,CSE,5,C,67.62,62.67,10.44,33,5,89.56,-4.97
IT20200433,Veda Chaudhari,IT,8,C,88.69,89.3,6.77,9,5,93.23,-3.19
IT20210434,Advika Agarwal,IT,5,C,20.26,54.84,10.91,40,5,89.09,3.85
CSE20210435,Krisha Ahuja,CSE,6,B,49.99,59.5,11.15,36,5,88.85,-1.64
ECE20200436,Teerth Yadav,ECE,8,C,44.78,64.14,16.7,32,6,83.3,4.7
ECE20200437,Dhriti Singh,ECE,7,B,74.37,60.0,6.91,36,5,93.09,4.65
ECE20220438,Hemani Dugar,ECE,4,C,76.59,89.52,5.56,9,6,94.44,-1.87
CSE20220439,Upma Mann,CSE,3,A,55.93,84.54,9.34,13,6,90.66,1.32
CSE20200440,Rayaan Buch,CSE,8,A,59.83,73.15,11.68,24,6,88.32,2.88
CIVIL20220441,Advaith Chandran,CIVIL,3,B,37.3,38.3,7.79,55,6,92.21,-4.26
CSE20230442,Anjali Bal,CSE,1,C,70.58,72.16,6.15,25,5,93.85,0.14
CSE20210443,Chandresh Nagarajan,CSE,6,A,59.25,67.98,8.0,28,6,92.0,1.81
IT20210444,Jack Nanda,IT,6,A,54.09,71.49,7.01,25,5,92.99,4.15
CIVIL20200445,Indrajit Chokshi,CIVIL,7,A,89.15,99.68,2.37,0,6,97.63,1.17
MECH20220446,Wishi Jain,MECH,4,C,54.54,71.55,8.48,25,5,91.52,-4.74
ECE20220447,Dev Raval,ECE,3,B,74.67,69.38,12.27,27,5,87.73,-3.19
ECE20230448,Saumya Dugar,ECE,2,C,74.31,72.87,7.31,24,5,92.69,2.28
IT20230449,Anay Tara,IT,1,A,93.39,94.61,5.89,4,6,94.11,-1.9
IT20210450,Elijah Chand,IT,5,C,24.91,55.91,17.78,39,6,82.22,4.04
ECE20220451,Caleb Kadakia,ECE,4,C,54.09,88.35,10.09,10,5,89.91,-0.58
IT20230452,Zarna Setty,IT,1,A,68.56,69.05,5.32,27,5,94.68,-1.3
CIVIL20230453,Aryan Tripathi,CIVIL,2,B,92.36,85.99,7.52,12,5,92.48,4.78
ECE20200454,Ayushman Johal,ECE,7,B,51.41,61.62,13.33,34,5,86.67,-4.84
CSE20230455,Advaith Sathe,CSE,1,A,52.67,83.89,8.31,14,5,91.69,1.5
CSE20210456,Praneel Kamdar,CSE,6,A,56.64,63.47,11.92,32,6,88.08,1.66
IT20220457,Radhika Pillay,IT,3,C,64.73,65.85,10.18,30,6,89.82,0.32
IT20230458,Barkha Dugar,IT,1,B,43.42,56.69,6.63,38,5,93.37,-2.89
CSE20230459,Hemal Shetty,CSE,2,A,58.24,76.3,9.75,21,5,90.25,2.09
CSE20210460,Dayamai Boase,CSE,6,C,50.58,62.91,6.59,33,5,93.41,-2.36
ECE20230461,Sarthak Kade,ECE,1,C,73.47,77.01,5.14,20,6,94.86,2.15
CIVIL20200462,Kevin Roy,CIVIL,7,B,21.7,59.36,12.92,36,5,87.08,4.65
CIVIL20230463,Amaira Mander,CIVIL,1,B,29.91,50.02,5.04,44,5,94.96,2.25
CSE20210464,Mohini Nath,CSE,5,A,26.85,41.83,10.51,52,6,89.49,3.41
CSE20220465,Nilima Tella,CSE,3,B,23.92,36.35,6.05,57,5,93.95,2.5
MECH20200466,Devika Tandon,MECH,8,C,85.14,91.18,7.2,7,6,92.8,0.52
IT20200467,Jack Bawa,IT,7,B,50.4,69.36,13.97,27,6,86.03,2.14
IT20210468,Vincent Bassi,IT,5,A,72.13,88.35,10.6,10,5,89.4,3.89
ECE20230469,Rehaan Narula,ECE,1,A,34.63,43.53,12.65,50,5,87.35,4.67
CIVIL20210470,Baljiwan Babu,CIVIL,5,B,37.35,64.35,13.32,32,5,86.68,3.54
CSE20200471,Yasti Bala,CSE,7,A,45.65,37.83,9.36,55,6,90.64,4.64
IT20220472,Ekantika Agrawal,IT,3,A,81.71,91.2,6.53,7,5,93.47,-0.13
CIVIL20230473,Samaksh Taneja,CIVIL,1,B,89.36,91.35,6.29,7,6,93.71,3.0
ECE20200474,Samesh Shroff,ECE,7,C,96.7,99.47,5.75,0,6,94.25,1.49
MECH20220475,Nakul Majumdar,MECH,4,B,91.53,61.76,23.35,34,5,76.65,3.24
CSE20210476,Shivani Taneja,CSE,5,B,58.53,71.76,13.26,25,6,86.74,2.36
CSE20210477,Chakradhar Iyengar,CSE,6,A,82.16,88.9,5.42,9,6,94.58,-1.9
IT20210478,Nikita Yadav,IT,5,A,76.43,85.89,3.74,12,5,96.26,-1.52
CIVIL20210479,Indrajit Jain,CIVIL,5,A,52.17,67.93,11.62,28,5,88.38,-2.99
IT20230480,Urvashi Som,IT,1,B,59.72,80.71,14.99,17,6,85.01,-4.52
MECH20220481,Samar Kanda,MECH,4,B,66.83,74.29,13.07,23,5,86.93,-4.25
IT20200482,Edhitha Upadhyay,IT,8,B,40.45,39.05,5.21,54,5,94.79,-1.47
ECE20200483,Chaitanya Chahal,ECE,8,C,75.97,97.7,5.39,2,5,94.61,-0.59
IT20200484,Adya Sundaram,IT,8,B,44.37,63.04,14.62,33,5,85.38,3.91
MECH20200485,Ojas Nazareth,MECH,8,C,55.37,66.68,5.79,29,5,94.21,-0.82
CIVIL20210486,Ekavir Swamy,CIVIL,5,A,31.81,71.04,21.34,26,6,78.66,-0.07
CIVIL20230487,Faraj Mahajan,CIVIL,1,A,53.06,60.21,6.39,35,5,93.61,3.21
MECH20200488,Anusha Samra,MECH,7,B,97.52,98.68,2.69,1,5,97.31,1.34
CIVIL20230489,Reva Tak,CIVIL,1,A,46.93,95.75,19.38,3,5,80.62,-3.55
CSE20230490,Lakshit Pillai,CSE,1,A,92.96,85.87,6.11,12,5,93.89,-3.0
CIVIL20220491,William Lanka,CIVIL,3,A,57.75,84.26,11.32,14,5,88.68,-3.18
CSE20230492,Ranveer Bala,CSE,2,A,96.9,90.22,3.31,8,5,96.69,1.71
CSE20230493,Warjas Dewan,CSE,1,B,67.15,62.51,13.96,33,6,86.04,4.18
IT20200494,Utkarsh Muni,IT,8,B,76.45,78.4,15.71,19,5,84.29,2.62
CIVIL20230495,Udarsh Chana,CIVIL,1,B,87.35,99.39,4.83,0,6,95.17,-1.49
IT20200496,Abeer Sethi,IT,7,A,42.21,47.24,18.69,47,6,81.31,-1.55
CIVIL20230497,Amruta Gupta,CIVIL,1,A,67.47,87.6,11.42,11,5,88.58,-3.97
IT20220498,Dhriti Mane,IT,3,B,47.5,42.02,8.17,52,5,91.83,-2.14
MECH20200499,Sathvik Nair,MECH,8,A,62.0,81.18,12.0,16,6,88.0,2.0
ECE20230500,Qasim Srivastava,ECE,2,C,73.78,82.07,8.33,16,6,91.67,4.6
CIVIL20200501,Arya Minhas,CIVIL,8,A,25.11,31.1,16.44,62,6,83.56,0.83
ECE20220502,Jeremiah Narasimhan,ECE,3,C,22.13,57.19,9.06,38,6,90.94,2.66
CIVIL20220503,Arin Kurian,CIVIL,4,B,60.4,61.19,6.48,34,5,93.52,-1.09
ECE20220504,Chatura Wali,ECE,3,B,69.75,61.87,7.93,34,6,92.07,-1.49
ECE20220505,Wridesh Basak,ECE,3,C,45.21,49.01,15.6,45,5,84.4,-2.52
CIVIL20220506,Xavier Bawa,CIVIL,3,A,54.35,85.51,12.45,13,5,87.55,-3.45
MECH20220507,Shivani Edwin,MECH,3,A,32.07,63.52,13.92,32,6,86.08,3.17
CSE20230508,Turvi Natt,CSE,1,C,48.45,42.5,10.59,51,5,89.41,1.12
IT20200509,Aarnav Pandey,IT,8,A,96.58,99.0,3.59,0,6,96.41,-4.56
CIVIL20210510,Mason Badami,CIVIL,6,B,68.06,61.19,12.9,34,6,87.1,1.17
ECE20200511,Sneha Vaidya,ECE,8,A,29.99,80.29,15.77,17,5,84.23,-3.25
MECH20200512,Qushi Contractor,MECH,8,A,65.74,67.3,13.31,29,5,86.69,1.29
CIVIL20210513,Omya Toor,CIVIL,6,B,39.48,47.42,8.04,47,6,91.96,4.93
CSE20200514,Tanish Verma,CSE,7,B,74.37,70.45,6.34,26,5,93.66,3.54
MECH20220515,Pranav Gandhi,MECH,3,B,70.41,81.48,5.83,16,5,94.17,-3.18
CSE20230516,Vincent Edwin,CSE,1,A,20.48,45.69,17.89,48,6,82.11,-2.81
CSE20230517,Gaurika Kapadia,CSE,2,A,67.3,65.31,9.53,31,6,90.47,-1.29
IT20230518,Yamini Chopra,IT,2,A,71.35,68.62,5.39,28,5,94.61,-2.52
CIVIL20220519,Aarav Gaba,CIVIL,4,B,59.08,62.87,11.84,33,6,88.16,4.97
CSE20220520,Advik Mitter,CSE,4,B,74.53,74.0,8.54,23,5,91.46,-2.52
CIVIL20200521,Mahika Vig,CIVIL,7,B,77.03,87.08,5.27,11,6,94.73,-3.41
CSE20210522,Wyatt Chandran,CSE,6,C,20.72,53.69,16.97,41,6,83.03,3.49
CIVIL20210523,Bishakha Sengupta,CIVIL,5,B,24.52,59.12,6.48,36,5,93.52,-1.52
MECH20220524,Chaman Mangal,MECH,3,B,93.42,92.56,7.22,6,5,92.78,-4.89
MECH20220525,Reva Gupta,MECH,3,C,66.63,67.56,10.44,29,6,89.56,4.33
MECH20210526,Saumya Gokhale,MECH,6,B,49.34,40.73,8.57,53,6,91.43,0.08
CIVIL20210527,Mitesh Sandal,CIVIL,6,B,32.71,96.99,5.58,2,5,94.42,-4.86
CSE20220528,Oliver Kaur,CSE,4,A,53.85,81.07,10.54,17,5,89.46,-4.53
IT20220529,Dev Nazareth,IT,4,B,58.18,86.5,14.87,12,6,85.13,2.8
IT20220530,Ucchal Johal,IT,3,B,78.98,86.64,5.41,12,5,94.59,-2.58
IT20200531,Bhavini Sridhar,IT,7,C,71.06,81.89,5.84,16,5,94.16,-1.63
CIVIL20210532,Ayushman Sethi,CIVIL,6,C,89.09,80.4,4.64,17,5,95.36,3.11
IT20210533,Simon Rastogi,IT,5,C,41.48,49.5,19.64,45,5,80.36,-2.63
IT20200534,Samar Wadhwa,IT,7,B,66.54,89.08,11.74,9,6,88.26,4.8
IT20210535,Yamini Atwal,IT,5,A,68.88,69.65,7.07,27,6,92.93,0.56
CIVIL20220536,Vedhika Soni,CIVIL,3,A,67.93,84.81,13.04,13,6,86.96,-0.76
ECE20210537,Chaitaly Koshy,ECE,6,B,82.51,98.2,3.08,1,6,96.92,1.23
CIVIL20200538,Omaja Kanda,CIVIL,8,B,45.18,30.47,14.53,62,6,85.47,2.68
IT20210539,Kala Badal,IT,6,B,44.75,41.51,11.91,52,5,88.09,0.43
CIVIL20200540,Bachittar Madan,CIVIL,8,C,59.63,82.62,9.07,15,5,90.93,1.1
MECH20210541,Ikbal Kara,MECH,5,B,55.17,86.22,8.06,12,6,91.94,-2.44
IT20220542,Wyatt Contractor,IT,3,B,67.83,64.52,14.42,31,5,85.58,3.52
IT20230543,Rushil Patla,IT,1,C,71.75,32.0,24.27,61,6,75.73,3.73
CIVIL20220544,Qasim Divan,CIVIL,4,A,71.39,76.1,8.38,21,5,91.62,-1.06
IT20230545,Devika Kohli,IT,2,B,53.86,69.66,5.1,27,5,94.9,-3.9
ECE20220546,Laksh Barad,ECE,3,B,35.1,47.39,17.48,47,6,82.52,-1.32
MECH20230547,Sai Soni,MECH,2,C,50.68,72.78,6.86,24,6,93.14,3.92
CIVIL20220548,Janya Chaudhari,CIVIL,4,C,54.54,77.46,14.9,20,5,85.1,-0.6
CSE20230549,Yochana Rao,CSE,1,A,65.73,64.92,10.28,31,5,89.72,3.21
MECH20210550,Vedika Bakshi,MECH,6,C,61.25,88.2,14.34,10,5,85.66,0.86
MECH20200551,Indali Bali,MECH,8,B,41.89,44.82,11.8,49,6,88.2,-4.46
MECH20220552,Ayaan Virk,MECH,3,B,74.19,75.9,14.03,21,5,85.97,3.89
CSE20230553,Yashawini Chauhan,CSE,2,B,60.64,61.0,11.3,35,5,88.7,-2.46
ECE20220554,Krisha Vohra,ECE,4,B,26.56,64.41,8.79,32,6,91.21,3.88
CSE20200555,Ikshita Misra,CSE,8,C,77.83,96.67,5.09,2,5,94.91,-4.52
CSE20200556,Avi Ganesan,CSE,7,C,78.98,94.4,3.28,5,6,96.72,0.29
MECH20230557,Falak Srinivas,MECH,2,B,30.94,91.78,23.86,7,5,76.14,4.74
CSE20210558,Ria Kumar,CSE,5,B,52.77,84.46,5.21,13,6,94.79,0.71
IT20220559,Aarini Verma,IT,3,A,90.28,51.22,11.03,43,5,88.97,-3.09
CIVIL20230560,Fiyaz Palla,CIVIL,1,A,71.84,63.16,14.82,33,6,85.18,2.09
MECH20200561,Chasmum Khosla,MECH,8,A,61.64,87.34,5.66,11,6,94.34,1.28
ECE20230562,Charvi Dayal,ECE,2,C,66.27,88.48,7.21,10,6,92.79,-2.49
CIVIL20200563,Azad Sarna,CIVIL,7,A,86.81,86.82,7.14,11,5,92.86,0.16
IT20200564,Ubika Warrior,IT,7,C,35.61,58.54,8.76,37,6,91.24,1.17
MECH20220565,Edhitha Tak,MECH,4,B,32.48,54.48,9.0,40,6,91.0,-1.0
MECH20230566,Leela Gola,MECH,1,C,68.61,66.43,14.2,30,5,85.8,-2.49
ECE20210567,Shivansh Ravel,ECE,5,C,66.37,89.08,13.41,9,6,86.59,3.27
ECE20220568,Abha Dara,ECE,4,B,84.03,98.86,2.68,1,5,97.32,0.94
CIVIL20220569,Sachi Bhat,CIVIL,4,C,74.32,82.56,10.93,15,6,89.07,-2.32
CSE20210570,Ekavir Narula,CSE,5,B,58.67,74.14,11.06,23,6,88.94,4.29
CSE20200571,Henry Thakkar,CSE,8,A,66.63,76.17,8.17,21,6,91.83,3.05
IT20230572,Jai Manne,IT,2,B,42.99,44.18,8.56,50,6,91.44,-3.32
CIVIL20220573,Radha Dutt,CIVIL,4,C,28.14,55.75,19.65,39,5,80.35,0.79
IT20220574,Lakshmi Rege,IT,4,A,58.49,88.03,6.0,10,5,94.0,1.17
ECE20200575,Lekha Rattan,ECE,7,A,69.32,74.63,6.49,22,5,93.51,-1.76
ECE20210576,Fariq Raval,ECE,5,C,97.93,99.28,6.73,0,6,93.27,-3.98
MECH20210577,Gautam Jain,MECH,5,C,77.15,89.53,2.12,9,5,97.88,-1.18
MECH20230578,Pahal Amble,MECH,1,A,25.59,53.8,19.95,41,5,80.05,3.49
CIVIL20200579,Henry Banerjee,CIVIL,7,B,64.21,89.62,10.24,9,6,89.76,3.61
IT20210580,Ria Mannan,IT,6,C,55.15,63.7,8.44,32,6,91.56,3.63
MECH20230581,Vasatika Dube,MECH,2,A,55.17,80.48,11.74,17,5,88.26,-2.11
IT20230582,Mugdha Deol,IT,2,A,45.27,54.47,5.25,40,5,94.75,-0.98
ECE20230583,Vansha Golla,ECE,2,A,27.57,63.68,8.41,32,5,91.59,-4.37
ECE20220584,Ridhi Bail,ECE,4,C,49.35,54.13,13.25,41,6,86.75,-0.17
CSE20220585,Ishanvi Bassi,CSE,4,A,57.01,67.9,9.84,28,5,90.16,-3.67
IT20210586,Bhavya Sibal,IT,5,C,56.93,85.49,12.54,13,6,87.46,0.74
MECH20230587,Gaurav Gopal,MECH,2,A,50.19,70.19,12.04,26,5,87.96,-1.62
CSE20200588,Akshay Bhavsar,CSE,8,B,50.06,69.92,5.54,27,6,94.46,1.31
MECH20230589,Udarsh Tak,MECH,1,C,56.53,74.6,13.69,22,6,86.31,-1.98
MECH20200590,Panini Sami,MECH,7,B,87.17,54.49,24.79,40,5,75.21,-3.83
CSE20220591,Bhavika Bhalla,CSE,3,B,75.7,94.24,5.23,5,6,94.77,2.36
ECE20200592,Samesh Dhawan,ECE,7,C,81.16,87.29,2.67,11,6,97.33,4.54
CSE20200593,Gavin Sampath,CSE,8,C,61.41,73.83,14.48,23,6,85.52,-2.68
MECH20220594,Eesha Borde,MECH,3,B,64.05,74.19,11.93,23,6,88.07,3.16
CSE20210595,Bahadurjit Grover,CSE,6,B,30.34,41.83,12.64,52,6,87.36,3.73
MECH20230596,Andrew Khatri,MECH,1,C,66.94,75.02,11.74,22,5,88.26,-1.23
ECE20200597,Mason Kant,ECE,7,A,94.82,95.01,6.39,4,5,93.61,3.12
ECE20220598,Lopa Nagi,ECE,4,B,54.39,66.91,6.48,29,5,93.52,-1.14
CSE20230599,Kiaan Sagar,CSE,2,A,54.49,79.75,9.27,18,5,90.73,3.15
ECE20200600,Yachana Konda,ECE,8,A,92.67,86.14,2.62,12,6,97.38,-0.71
CSE20230601,Anjali Bala,CSE,1,C,73.71,65.29,12.53,31,5,87.47,1.4
MECH20210602,Adya Chauhan,MECH,6,A,59.19,67.73,13.94,29,6,86.06,-0.35
ECE20200603,Bishakha Aggarwal,ECE,8,A,69.84,86.9,11.77,11,5,88.23,4.05
ECE20200604,Eta Sarna,ECE,7,B,85.03,93.63,3.47,5,5,96.53,4.34
CIVIL20230605,Fiyaz Varughese,CIVIL,1,A,71.69,88.87,9.82,10,5,90.18,-0.81
CSE20220606,Yashoda Mitter,CSE,3,B,94.69,89.54,3.16,9,5,96.84,-2.64
CIVIL20200607,Hamsini Raman,CIVIL,7,C,81.04,91.58,7.71,7,6,92.29,-1.34
CSE20230608,Triveni Goswami,CSE,1,A,84.89,85.84,18.79,12,5,81.21,-4.28
MECH20220609,Dhriti Singhal,MECH,4,B,33.99,54.83,13.28,40,6,86.72,2.08
CSE20230610,Rehaan Kar,CSE,1,A,71.73,76.92,11.21,20,6,88.79,-0.04
CIVIL20230611,Pushti Lad,CIVIL,2,A,91.0,89.98,6.97,9,6,93.03,-1.52
CSE20230612,Janaki Palan,CSE,2,C,55.4,69.22,11.42,27,5,88.58,-2.8
CSE20220613,Raksha Bhargava,CSE,4,B,82.5,85.45,5.42,13,6,94.58,-4.55
CSE20230614,Ayush Savant,CSE,2,A,74.2,74.7,6.97,22,5,93.03,2.1
CIVIL20220615,Tejas Karpe,CIVIL,4,C,58.53,62.55,13.63,33,6,86.37,2.82
MECH20220616,Raghav Jani,MECH,4,C,25.99,35.01,16.42,58,5,83.58,3.93
CIVIL20230617,Jhalak Shetty,CIVIL,1,C,74.15,63.81,6.23,32,5,93.77,-4.04
IT20210618,Rajeshri Venkatesh,IT,5,A,68.67,75.94,9.35,21,5,90.65,4.94
CSE20200619,Mitesh Rai,CSE,8,A,57.94,75.7,9.65,21,5,90.35,-2.07
ECE20210620,Sathvik Vala,ECE,6,A,57.69,63.94,6.9,32,5,93.1,-4.17
CSE20210621,Kashish Sur,CSE,5,C,85.7,95.58,5.46,3,5,94.54,3.6
IT20230622,Nisha Oza,IT,2,C,30.75,37.46,13.58,56,5,86.42,3.82
ECE20220623,Ekansh Talwar,ECE,4,C,79.15,93.85,3.17,5,6,96.83,1.65
IT20230624,Anvi Banerjee,IT,2,B,34.17,46.29,10.02,48,5,89.98,-1.84
CIVIL20200625,Udarsh Choudhary,CIVIL,8,B,83.39,39.03,14.68,54,5,85.32,-2.0
CIVIL20230626,Quincy Dugar,CIVIL,2,B,69.9,89.66,11.92,9,5,88.08,1.44
IT20210627,Indrajit Bawa,IT,5,B,56.46,70.76,5.14,26,5,94.86,3.28
IT20220628,Yug Narasimhan,IT,4,A,59.68,82.6,5.37,15,6,94.63,2.52
CIVIL20210629,Vinaya Mohanty,CIVIL,5,C,93.78,90.96,10.53,8,5,89.47,-3.55
CIVIL20210630,Maanas Talwar,CIVIL,5,B,69.76,75.21,5.1,22,6,94.9,0.91
ECE20220631,Aachal Dewan,ECE,3,C,94.07,98.24,5.6,1,6,94.4,1.38
MECH20200632,Robert Bhakta,MECH,7,A,79.87,97.35,3.87,2,6,96.13,4.08
CIVIL20200633,Vedika Wali,CIVIL,8,A,76.65,97.21,4.89,2,5,95.11,-4.51
CSE20220634,Girik Ahluwalia,CSE,3,C,66.91,61.91,5.1,34,5,94.9,2.75
ECE20210635,Avi Bhalla,ECE,5,B,63.13,68.44,9.13,28,5,90.87,-2.61
ECE20200636,Bimala Krishnamurthy,ECE,8,A,55.2,75.01,5.88,22,5,94.12,1.39
ECE20210637,Abha Sarin,ECE,5,C,60.45,64.72,8.68,31,6,91.32,3.95
CIVIL20220638,Lucky Koshy,CIVIL,3,C,83.08,89.43,5.15,9,6,94.85,-4.69
IT20220639,Yashasvi Borra,IT,3,B,87.33,96.8,3.25,2,5,96.75,-0.34
ECE20220640,Ubika Rama,ECE,4,B,63.26,79.44,9.59,18,6,90.41,-3.05
MECH20200641,Aditya Patla,MECH,8,C,52.69,67.39,13.34,29,6,86.66,-4.05
CIVIL20220642,Samesh Deshpande,CIVIL,4,C,42.54,31.92,12.78,61,6,87.22,4.82
IT20220643,Kamya Banerjee,IT,4,B,62.5,75.11,9.5,22,5,90.5,3.3
IT20200644,Kavya Sami,IT,7,B,60.91,85.41,13.57,13,6,86.43,-2.51
MECH20210645,Timothy Keer,MECH,5,C,20.31,34.26,11.61,59,6,88.39,-3.23
CIVIL20230646,Ojas Kapoor,CIVIL,1,B,58.6,76.87,5.6,20,5,94.4,-2.4
CIVIL20210647,Aditya Chanda,CIVIL,5,A,60.23,70.4,22.36,26,5,77.64,-3.52
CSE20210648,Samuel Sabharwal,CSE,5,C,84.95,73.16,20.87,24,6,79.13,2.84
CIVIL20220649,Manbir Garde,CIVIL,3,C,90.61,93.78,6.84,5,5,93.16,1.81
ECE20220650,Yutika Banik,ECE,4,C,55.28,67.36,7.4,29,6,92.6,1.19
CIVIL20210651,Ekanta Bakshi,CIVIL,6,A,78.12,95.01,3.85,4,5,96.15,3.89
CSE20220652,Vansha Doctor,CSE,4,C,73.5,82.86,7.01,15,6,92.99,-4.22
CIVIL20200653,Ranveer Pillai,CIVIL,8,C,62.23,69.3,5.54,27,5,94.46,4.05
CIVIL20220654,Oeshi Venkataraman,CIVIL,3,A,89.23,93.26,3.2,6,6,96.8,-0.15
MECH20200655,Rohan Kale,MECH,7,C,72.33,72.83,8.39,24,5,91.61,3.45
IT20210656,Siya Deshpande,IT,6,B,79.34,88.38,3.31,10,6,96.69,4.39
CSE20200657,Varenya Deep,CSE,8,A,60.26,78.59,10.37,19,6,89.63,0.55
CIVIL20230658,Bhavya Dasgupta,CIVIL,2,C,68.85,78.52,11.18,19,6,88.82,4.21
ECE20230659,Zashil Lala,ECE,1,A,21.04,32.13,10.06,61,6,89.94,4.2
CIVIL20200660,Yatin Shanker,CIVIL,8,A,51.37,71.06,14.92,26,6,85.08,-0.63
CSE20230661,Zayyan Shenoy,CSE,2,A,29.91,63.57,19.13,32,5,80.87,-1.42
CSE20220662,Widisha Cherian,CSE,4,C,67.16,71.75,13.6,25,6,86.4,-1.86
ECE20210663,Indali Mutti,ECE,5,C,50.17,76.97,8.77,20,5,91.23,2.29
CIVIL20210664,Andrew Mukherjee,CIVIL,5,A,53.83,73.05,14.43,24,5,85.57,1.42
IT20210665,Azaan Bal,IT,6,B,74.43,86.21,7.97,12,6,92.03,-0.89
ECE20230666,Dakshesh Randhawa,ECE,2,C,84.65,92.05,5.83,7,6,94.17,-3.86
CSE20220667,Vrishti Malhotra,CSE,3,B,63.76,78.78,12.53,19,6,87.47,0.92
MECH20210668,Nitesh Edwin,MECH,5,C,76.39,86.4,4.1,12,5,95.9,-3.22
CSE20220669,Chaitanya Ray,CSE,3,B,36.82,38.36,5.27,55,6,94.73,-4.86
MECH20210670,Chaitaly Nagar,MECH,5,B,65.32,76.89,7.5,20,5,92.5,-0.46
CIVIL20210671,Kai Suresh,CIVIL,5,C,67.47,86.42,9.57,12,6,90.43,1.38
IT20200672,Advika Viswanathan,IT,8,B,66.4,71.63,14.04,25,5,85.96,1.12
ECE20200673,Brijesh Venkatesh,ECE,7,B,70.66,83.24,9.71,15,6,90.29,2.78
MECH20200674,Ishwar Dutta,MECH,8,A,37.79,61.5,5.9,34,5,94.1,-1.35
CSE20220675,Upadhriti Bora,CSE,4,B,80.85,89.71,7.87,9,5,92.13,-0.22
ECE20230676,Bhavani Sarma,ECE,2,B,90.46,87.65,2.92,11,6,97.08,-2.4
MECH20230677,Vidhi Sane,MECH,2,A,57.65,61.74,11.56,34,6,88.44,3.93
ECE20210678,Devansh Sani,ECE,5,C,51.53,60.96,11.99,35,6,88.01,-4.16
MECH20220679,Balhaar Bawa,MECH,3,C,72.97,73.48,9.21,23,5,90.79,-1.18
IT20210680,Simon Devi,IT,5,B,93.17,86.9,3.82,11,6,96.18,-0.86
MECH20220681,Gaurang Sani,MECH,3,A,33.07,49.38,19.71,45,6,80.29,2.12
ECE20200682,Upadhriti Varty,ECE,8,C,50.04,81.95,13.85,16,6,86.15,4.15
CIVIL20220683,Nirja Shroff,CIVIL,3,A,61.75,79.3,8.27,18,5,91.73,1.8
CIVIL20210684,Tanish Krish,CIVIL,5,A,93.1,95.97,4.41,3,5,95.59,-0.49
CIVIL20210685,Aahana Tak,CIVIL,6,C,75.37,87.8,5.39,10,6,94.61,3.18
ECE20200686,Nathan Mitter,ECE,8,C,51.99,78.0,9.12,19,5,90.88,-3.41
ECE20230687,Neelima Garde,ECE,2,A,75.69,95.54,3.76,4,6,96.24,-4.95
ECE20220688,Udyati Bhavsar,ECE,3,A,66.45,68.53,7.39,28,5,92.61,2.94
ECE20230689,Ayush Natt,ECE,1,B,70.38,66.88,8.36,29,6,91.64,-2.28
CSE20220690,Kiaan Trivedi,CSE,3,B,56.83,64.61,7.53,31,5,92.47,0.68
CSE20220691,Lipika Halder,CSE,3,C,29.24,60.01,6.13,35,5,93.87,-4.94
MECH20200692,Harish Majumdar,MECH,7,B,24.57,50.37,16.55,44,5,83.45,3.01
CIVIL20210693,Girish Pandya,CIVIL,5,A,83.14,92.34,3.03,6,6,96.97,2.52
ECE20210694,Farhan Dhar,ECE,6,A,37.63,48.57,17.64,46,5,82.36,-3.42
CIVIL20210695,Anirudh Gandhi,CIVIL,6,A,69.4,67.37,8.49,29,5,91.51,-0.18
IT20200696,Aarush Minhas,IT,7,B,46.3,61.51,12.79,34,5,87.21,3.74
CSE20230697,Suhani Pai,CSE,1,A,57.1,69.13,9.11,27,6,90.89,0.65
MECH20230698,Isha Madan,MECH,2,C,84.51,89.74,5.89,9,5,94.11,0.68
CIVIL20230699,Sathvik Natt,CIVIL,1,C,72.75,72.3,6.93,24,5,93.07,0.39
CIVIL20230700,Banjeet Deo,CIVIL,1,A,58.14,89.63,12.74,9,5,87.26,4.4
ECE20210701,Bhavini Cheema,ECE,5,C,59.15,67.58,11.26,29,5,88.74,-0.61
ECE20220702,Chandani Khare,ECE,3,B,76.6,89.81,5.5,9,6,94.5,2.96
IT20200703,Aadhya Bose,IT,7,C,56.11,87.32,6.13,11,5,93.87,-2.01
MECH20200704,Panini Bahl,MECH,8,C,64.81,74.99,5.24,22,6,94.76,3.29
MECH20200705,Finn Ranganathan,MECH,8,C,53.68,79.06,5.73,18,6,94.27,-4.28
ECE20230706,Wyatt Karnik,ECE,2,A,55.73,79.62,9.8,18,5,90.2,-2.94
ECE20200707,Ekaraj Sehgal,ECE,7,B,51.14,79.34,14.32,18,6,85.68,0.19
CSE20200708,Pratyush Sabharwal,CSE,8,C,51.19,71.65,13.73,25,6,86.27,0.89
CSE20210709,Nidhi Ganesan,CSE,6,C,38.11,36.31,7.17,57,6,92.83,1.03
MECH20230710,Jonathan Gole,MECH,1,C,52.56,69.91,11.95,27,5,88.05,-1.78
IT20210711,Waida Raval,IT,6,C,60.72,82.14,14.95,16,5,85.05,-3.95
IT20210712,Kashvi Chandra,IT,5,B,58.71,77.69,8.93,20,5,91.07,-4.59
CSE20200713,Warinder Dalal,CSE,7,A,45.03,52.47,9.41,42,6,90.59,3.98
CSE20210714,Faraj Dubey,CSE,5,C,60.22,77.31,6.81,20,5,93.19,1.57
CIVIL20200715,Karan Ghose,CIVIL,7,A,79.96,48.26,17.3,46,5,82.7,-1.87
CSE20210716,Damini Deshmukh,CSE,5,B,71.79,80.65,6.34,17,6,93.66,-1.04
ECE20210717,Ganga Kapur,ECE,6,A,56.16,64.14,11.06,32,5,88.94,-1.98
IT20220718,Aadi Misra,IT,3,B,67.86,89.43,6.9,9,5,93.1,3.29
ECE20220719,Abhiram Bajaj,ECE,3,C,48.97,55.35,13.35,40,5,86.65,-3.68
MECH20210720,Zansi Mohan,MECH,5,C,53.8,71.32,6.26,25,5,93.74,-1.11
CIVIL20200721,Ekta Keer,CIVIL,7,C,86.88,89.8,7.19,9,6,92.81,3.76
MECH20230722,Nandini Badami,MECH,1,C,67.39,79.1,8.0,18,6,92.0,0.64
MECH20210723,Urishilla Goel,MECH,6,C,52.29,79.19,8.66,18,5,91.34,-2.31
MECH20230724,Jacob Chokshi,MECH,2,C,87.95,98.78,5.75,1,6,94.25,4.81
CSE20200725,Avi Toor,CSE,8,B,70.29,71.02,7.73,26,6,92.27,-4.1
CSE20210726,Vamakshi Mannan,CSE,5,A,52.85,68.54,12.6,28,6,87.4,0.96
MECH20200727,Ishita Koshy,MECH,7,C,87.91,30.74,21.77,62,5,78.23,2.32
IT20200728,Rayaan Srivastava,IT,8,B,89.5,99.55,6.44,0,6,93.56,-1.2
CSE20200729,Theodore Sathe,CSE,7,A,59.13,73.18,10.97,24,5,89.03,-1.65
CIVIL20210730,Zashil Dhaliwal,CIVIL,6,C,62.09,60.98,9.82,35,5,90.18,-4.11
CSE20210731,Lakshmi Tak,CSE,5,C,89.16,69.85,3.42,27,5,96.58,-1.17
CSE20210732,Girish Bawa,CSE,5,A,80.45,85.25,4.14,13,5,95.86,-0.14
IT20210733,Niharika Purohit,IT,5,C,46.09,51.19,12.2,43,6,87.8,0.64
MECH20230734,Edhitha Vala,MECH,2,B,65.97,80.01,8.04,17,6,91.96,1.03
IT20210735,Krisha Wali,IT,5,A,61.72,66.66,13.65,30,5,86.35,3.24
CIVIL20200736,Dakshesh Seth,CIVIL,8,B,21.33,54.31,14.07,41,6,85.93,-1.64
ECE20230737,Faqid Lal,ECE,1,A,45.82,59.1,9.82,36,5,90.18,-2.23
IT20210738,Brijesh Buch,IT,5,C,65.19,65.41,7.87,31,6,92.13,-2.68
MECH20230739,Rachit Hans,MECH,1,A,28.6,39.17,18.39,54,6,81.61,-1.81
IT20230740,Kala Thakkar,IT,2,B,94.48,92.44,4.88,6,5,95.12,-2.9
IT20200741,Manan Murty,IT,8,B,31.33,62.26,15.35,33,5,84.65,-1.38
MECH20230742,Yutika Lata,MECH,1,A,41.56,58.43,6.88,37,5,93.12,2.59
ECE20210743,Amol Dugar,ECE,5,B,50.92,86.01,7.43,12,6,92.57,0.13
CSE20210744,Xavier Mitra,CSE,6,B,29.82,33.5,12.38,59,6,87.62,1.07
ECE20200745,Jairaj Khatri,ECE,8,C,24.02,42.6,14.17,51,6,85.83,-0.71
IT20210746,Zehaan Sunder,IT,5,C,64.55,62.6,7.28,33,5,92.72,4.1
MECH20210747,Ikshita Mannan,MECH,6,B,63.09,89.9,5.65,9,5,94.35,2.32
MECH20200748,Inaya Sharaf,MECH,7,C,33.3,47.92,9.95,46,5,90.05,0.22
ECE20200749,Bhavya Mangat,ECE,7,A,96.77,93.25,5.39,6,6,94.61,1.07
MECH20230750,Raksha Raghavan,MECH,2,C,42.97,48.26,7.83,46,5,92.17,-2.8
ECE20230751,Mekhala Srinivas,ECE,2,B,75.21,91.7,7.27,7,5,92.73,-3.32
IT20210752,Fariq Bhatt,IT,5,A,54.61,61.98,6.44,34,6,93.56,-0.42
CIVIL20220753,Triveni Karnik,CIVIL,4,C,59.1,79.89,8.5,18,5,91.5,0.53
MECH20230754,Patrick Luthra,MECH,1,A,64.79,69.08,14.91,27,6,85.09,0.88
CSE20210755,Theodore Varghese,CSE,5,B,73.45,88.06,14.3,10,5,85.7,1.01
CSE20220756,Faras Kaur,CSE,3,B,42.34,45.86,13.64,48,5,86.36,-0.52
MECH20230757,Odika Johal,MECH,1,A,74.12,72.2,10.4,25,5,89.6,4.22
ECE20220758,Yashvi Toor,ECE,3,B,52.07,66.22,9.01,30,5,90.99,-2.56
CSE20200759,Nisha Kumar,CSE,7,C,55.75,79.66,13.93,18,6,86.07,4.73
MECH20210760,Yasti Rama,MECH,5,B,20.17,56.68,8.34,38,6,91.66,4.85
MECH20200761,Radhika Dora,MECH,7,C,40.75,32.5,9.53,60,6,90.47,-1.59
MECH20230762,Jagdish Chanda,MECH,2,C,91.82,96.02,3.32,3,5,96.68,-1.72
CSE20220763,Guneet Subramaniam,CSE,4,C,94.62,93.95,6.39,5,5,93.61,2.04
CSE20220764,Kai Devan,CSE,4,C,34.85,57.58,15.87,38,5,84.13,-0.27
CIVIL20220765,Zaitra Barman,CIVIL,4,B,85.79,88.8,7.64,10,6,92.36,2.74
CSE20210766,Pranav Upadhyay,CSE,6,C,44.69,57.42,6.38,38,5,93.62,0.47
MECH20230767,Diya Nair,MECH,2,C,33.02,43.18,5.65,51,5,94.35,-3.52
MECH20220768,Caleb Varghese,MECH,4,C,85.66,85.34,2.85,13,5,97.15,-1.62
CSE20230769,Sai Kant,CSE,2,C,61.33,63.34,11.97,32,6,88.03,0.43
CSE20210770,Rajata Kuruvilla,CSE,5,A,27.82,44.61,14.68,49,6,85.32,1.87
MECH20220771,Upma Dube,MECH,3,B,43.68,41.54,8.35,52,6,91.65,-4.08
ECE20230772,Unnati Koshy,ECE,2,A,72.13,69.1,13.78,27,6,86.22,0.95
IT20230773,Zarna Nazareth,IT,2,C,58.09,82.95,13.61,15,5,86.39,2.12
ECE20200774,Deepa Ramakrishnan,ECE,8,B,53.94,69.83,14.13,27,6,85.87,-3.67
MECH20200775,Zinal Kade,MECH,7,B,42.87,56.75,18.39,38,5,81.61,1.26
CIVIL20220776,Chaitaly Mitra,CIVIL,3,B,22.81,46.31,8.5,48,5,91.5,1.15
CSE20210777,Daniel Ahuja,CSE,5,B,60.39,86.49,7.26,12,5,92.74,3.02
MECH20220778,Sarthak Virk,MECH,4,C,54.72,75.56,11.82,21,6,88.18,-4.56
IT20200779,Daksh Chaudhry,IT,8,A,21.18,43.72,8.97,50,6,91.03,1.22
ECE20230780,Yatan Acharya,ECE,2,A,72.96,66.55,14.26,30,6,85.74,-4.54
IT20230781,Shivani Dugar,IT,1,B,55.74,80.58,6.97,17,5,93.03,-1.5
IT20200782,Gopal Sharaf,IT,7,B,86.93,91.07,5.33,8,5,94.67,-4.49
CSE20200783,Pranav Pathak,CSE,7,B,93.77,89.96,4.47,9,5,95.53,-4.53
MECH20210784,Ranveer Mani,MECH,6,B,24.35,47.5,17.86,47,6,82.14,-2.95
CSE20200785,Arya Rajagopalan,CSE,7,C,54.11,84.34,9.3,14,5,90.7,1.68
IT20210786,Warhi Pingle,IT,5,B,89.86,80.65,6.61,17,5,93.39,3.19
MECH20210787,Naksh Roy,MECH,6,A,85.86,87.18,3.94,11,5,96.06,-3.37
IT20230788,Wishi Wadhwa,IT,2,A,29.68,98.94,2.68,0,6,97.32,2.13
CIVIL20220789,Hredhaan Bora,CIVIL,3,C,86.55,98.52,3.63,1,5,96.37,4.11
CIVIL20220790,Christopher Babu,CIVIL,4,A,21.76,86.27,3.0,12,5,97.0,-3.06
CSE20220791,Thomas Palan,CSE,3,C,70.58,69.48,14.0,27,6,86.0,0.69
CIVIL20220792,Ekani Bobal,CIVIL,4,A,63.25,89.3,10.89,9,6,89.11,3.53
CIVIL20220793,Aditya Kunda,CIVIL,4,B,43.13,50.49,9.7,44,6,90.3,-1.36
IT20200794,Yadavi Raman,IT,8,C,59.87,64.95,14.72,31,6,85.28,-4.35
ECE20220795,Saumya Pillay,ECE,4,A,64.07,69.79,7.46,27,5,92.54,-1.07
CSE20220796,Vivaan Zacharia,CSE,4,C,58.05,62.09,5.75,34,6,94.25,-2.78
CSE20220797,Vanya Batra,CSE,4,C,54.9,88.71,11.09,10,5,88.91,-0.7
CSE20230798,Max Mitra,CSE,2,C,69.81,68.2,16.18,28,6,83.82,0.05
CIVIL20210799,Nakul Butala,CIVIL,5,A,27.26,59.66,5.53,36,6,94.47,-2.4
IT20230800,Falak Panchal,IT,2,A,57.57,61.15,12.84,34,6,87.16,0.9
CSE20230801,Gauri Kulkarni,CSE,1,C,69.52,84.32,8.14,14,6,91.86,3.71
ECE20200802,Nathan Rastogi,ECE,7,B,71.41,63.2,6.38,33,5,93.62,3.93
CIVIL20220803,Eiravati Sheth,CIVIL,4,C,87.69,92.99,7.82,6,5,92.18,3.94
MECH20230804,Chaitanya Bhavsar,MECH,1,C,46.23,49.27,14.92,45,5,85.08,0.28
MECH20230805,Mason Saraf,MECH,2,C,57.56,65.03,11.85,31,6,88.15,-4.96
CSE20230806,Anita Murthy,CSE,2,C,52.97,74.99,7.77,22,5,92.23,-2.78
ECE20210807,Kritika Khanna,ECE,6,B,81.36,87.7,5.12,11,5,94.88,-0.57
IT20230808,Aarush Sehgal,IT,1,A,55.66,77.19,9.43,20,5,90.57,1.44
CSE20220809,Laksh Banerjee,CSE,4,A,54.35,67.74,10.92,29,6,89.08,0.41
IT20200810,Yashica Agarwal,IT,7,A,49.21,55.82,9.95,39,6,90.05,2.6
IT20220811,Yashasvi Bhasin,IT,3,B,38.76,45.7,8.28,48,6,91.72,-0.11
ECE20230812,Urvashi Kapadia,ECE,2,C,78.71,98.34,2.56,1,6,97.44,-2.2
ECE20230813,Vinaya Mohan,ECE,2,B,89.03,52.36,10.56,42,6,89.44,-0.87
IT20220814,Gaurika Chaudhary,IT,4,B,60.33,65.14,10.81,31,6,89.19,3.82
ECE20200815,Neelima Parekh,ECE,7,B,56.64,64.88,11.14,31,5,88.86,1.43
ECE20230816,Charan Basak,ECE,1,B,85.06,96.01,2.5,3,6,97.5,-4.19
CIVIL20220817,Ethan Buch,CIVIL,4,A,22.79,39.25,18.01,54,5,81.99,-0.57
IT20200818,Laban Kala,IT,7,C,37.67,59.09,7.54,36,6,92.46,-4.35
MECH20230819,Theodore Bali,MECH,1,A,67.77,61.06,10.93,35,6,89.07,2.62
CSE20200820,Wishi Prabhu,CSE,7,B,51.37,66.61,13.08,30,6,86.92,2.76
ECE20230821,Zehaan Sibal,ECE,2,C,89.45,37.57,7.78,56,6,92.22,2.86
IT20210822,Jackson Pant,IT,6,B,73.89,78.68,12.76,19,5,87.24,1.52
ECE20210823,Siya Kashyap,ECE,6,B,86.09,94.25,2.26,5,5,97.74,-1.58
CIVIL20200824,Garima Ramakrishnan,CIVIL,7,B,38.61,40.16,9.9,53,6,90.1,0.89
ECE20200825,Veda Behl,ECE,8,C,73.67,76.48,14.57,21,6,85.43,4.33
CSE20210826,Nidhi Kibe,CSE,6,C,71.56,75.52,14.57,22,5,85.43,1.18
CSE20200827,Yoshita Wagle,CSE,8,B,54.16,64.5,11.61,31,6,88.39,4.89
CSE20200828,Suhani Pradhan,CSE,7,C,97.9,86.59,3.17,12,6,96.83,4.95
CSE20230829,Nidhi Dhillon,CSE,1,B,54.75,57.53,14.92,38,6,85.08,-1.3
CSE20220830,Harsh Chahal,CSE,4,B,41.99,46.93,7.93,47,5,92.07,-4.83
MECH20200831,Brinda Brahmbhatt,MECH,8,A,61.38,75.03,10.69,22,6,89.31,-0.73
CSE20210832,David Chandran,CSE,5,B,68.47,67.99,14.76,28,5,85.24,0.81
ECE20220833,Niharika Dasgupta,ECE,3,B,74.46,63.04,14.11,33,5,85.89,-2.64
IT20210834,Kalpit Gola,IT,5,B,81.98,32.89,10.37,60,6,89.63,-1.02
IT20200835,Triya Seshadri,IT,7,B,59.07,79.82,7.11,18,5,92.89,0.37
MECH20230836,Yashica Chaudhry,MECH,1,A,93.63,62.63,12.18,33,5,87.82,2.41
MECH20200837,Dayamai Kohli,MECH,7,B,50.67,63.24,8.85,33,5,91.15,1.88
CIVIL20200838,Ansh Kata,CIVIL,7,B,61.17,69.41,6.76,27,5,93.24,-4.12
IT20230839,Reva Zacharia,IT,2,C,44.08,44.35,15.41,50,5,84.59,4.28
IT20230840,Veer Bhavsar,IT,1,C,66.37,74.4,12.58,23,5,87.42,-0.16
CSE20230841,Advika Gaba,CSE,1,B,88.32,92.33,5.01,6,5,94.99,-1.49
MECH20230842,Chatresh Rajagopalan,MECH,1,C,28.59,43.31,16.8,51,5,83.2,2.04
IT20200843,Veda Char,IT,8,A,91.96,91.0,3.4,8,6,96.6,4.25
CIVIL20220844,Janani Raghavan,CIVIL,4,A,42.29,52.81,8.56,42,5,91.44,-0.64
IT20220845,Harinakshi Majumdar,IT,3,A,68.36,87.53,7.34,11,5,92.66,-4.1
ECE20230846,Neel Khurana,ECE,2,B,54.24,85.09,12.04,13,5,87.96,-2.99
IT20220847,Upadhriti Batra,IT,3,C,58.75,69.56,7.71,27,5,92.29,1.91
IT20220848,Ishaan Peri,IT,3,B,46.04,63.55,11.59,32,5,88.41,-2.48
CIVIL20220849,Bhavna Mall,CIVIL,4,B,57.0,89.33,12.37,9,6,87.63,-0.59
CIVIL20210850,Sudiksha Shanker,CIVIL,6,B,58.36,84.62,10.36,13,6,89.64,4.86
MECH20210851,Vasudha Sawhney,MECH,6,C,71.24,79.92,10.68,18,6,89.32,0.11
MECH20230852,Yashawini Sachdev,MECH,1,C,47.05,32.33,14.36,60,6,85.64,-2.8
CSE20210853,Amrita Purohit,CSE,6,C,51.12,68.27,6.69,28,5,93.31,3.14
ECE20230854,Anjali Sengupta,ECE,1,A,70.9,79.4,7.23,18,6,92.77,-4.76
ECE20220855,Kalpit Sura,ECE,3,B,79.53,94.27,2.01,5,6,97.99,1.97
CSE20210856,Anika Basak,CSE,6,C,69.58,84.37,9.68,14,6,90.32,-4.85
ECE20220857,Odika Patel,ECE,4,A,45.77,49.17,7.66,45,6,92.34,-3.76
IT20220858,Adweta Ganguly,IT,4,C,31.02,61.05,14.22,35,5,85.78,-2.33
IT20200859,Tripti Agrawal,IT,8,A,54.41,67.59,5.83,29,5,94.17,0.62
CIVIL20230860,Yashawini Nadkarni,CIVIL,1,A,45.45,59.93,8.9,36,5,91.1,0.84
MECH20230861,Vasatika Kara,MECH,1,C,69.93,82.31,12.72,15,6,87.28,2.76
CIVIL20220862,Pratyush Chahal,CIVIL,4,B,23.24,52.93,7.04,42,6,92.96,4.84
IT20210863,Samar Chhabra,IT,5,B,71.13,64.65,14.11,31,6,85.89,-2.04
ECE20200864,Tamanna Sura,ECE,7,B,68.73,72.09,9.73,25,5,90.27,4.18
ECE20220865,Vivaan Kanda,ECE,3,B,87.5,89.63,5.59,9,5,94.41,-0.34
ECE20220866,Balvan Bawa,ECE,4,C,56.22,70.69,13.26,26,5,86.74,-4.23
IT20200867,Mitali Goyal,IT,8,B,60.41,45.54,2.75,49,6,97.25,-1.17
CSE20230868,Chakrika Dua,CSE,2,C,57.64,81.86,12.04,16,6,87.96,1.77
ECE20210869,Ojas Puri,ECE,6,B,89.22,75.97,16.03,21,5,83.97,2.28
CSE20210870,Urvi Venkataraman,CSE,5,B,23.13,35.8,13.76,57,6,86.24,4.99
ECE20220871,Jackson Upadhyay,ECE,4,A,62.04,73.29,14.74,24,5,85.26,4.53
MECH20230872,Tanish Thaker,MECH,1,A,20.41,64.84,14.19,31,5,85.81,2.28
CIVIL20230873,Jhalak Dey,CIVIL,2,B,45.93,46.63,22.23,48,5,77.77,4.62
ECE20200874,Dhriti Parikh,ECE,7,A,32.99,41.82,6.03,52,5,93.97,2.22
ECE20200875,Viraj Parekh,ECE,8,B,70.05,81.86,6.59,16,5,93.41,-2.44
CSE20200876,Ekavir Shan,CSE,7,C,84.22,92.36,6.6,6,6,93.4,-3.35
IT20230877,Yauvani Das,IT,1,B,64.83,74.75,10.21,22,5,89.79,4.44
MECH20230878,Hamsini Kuruvilla,MECH,2,A,69.34,64.36,7.3,32,6,92.7,4.98
CSE20230879,Pooja Gopal,CSE,1,A,36.8,35.58,7.06,57,5,92.94,-2.0
CSE20230880,Isha Rattan,CSE,2,A,41.32,51.66,5.97,43,5,94.03,4.27
CSE20200881,Pallavi Ravel,CSE,8,A,60.24,74.98,9.12,22,6,90.88,0.28
ECE20200882,Veer Lata,ECE,7,A,83.0,89.6,5.16,9,6,94.84,4.4
ECE20200883,Gunbir Amble,ECE,7,B,21.51,39.43,18.69,54,6,81.31,-0.8
ECE20220884,Veda Sehgal,ECE,4,B,95.71,90.43,2.73,8,6,97.27,-3.61
IT20200885,Upasna Sandhu,IT,7,A,35.88,33.62,18.26,59,6,81.74,-4.27
MECH20230886,Aashi Narain,MECH,1,A,20.82,53.77,12.07,41,5,87.93,-4.55
CIVIL20200887,Kala Bansal,CIVIL,8,C,69.99,84.41,10.61,14,6,89.39,0.9
IT20230888,Varsha Dhar,IT,2,A,67.87,79.14,10.23,18,5,89.77,-3.02
CIVIL20220889,Meghana Viswanathan,CIVIL,4,C,67.65,88.16,14.53,10,5,85.47,-1.03
ECE20210890,Bhavini Muni,ECE,5,B,74.43,86.76,11.16,11,5,88.84,0.92
ECE20220891,Gabriel Reddy,ECE,4,B,74.32,79.73,11.42,18,5,88.58,1.8
CIVIL20210892,Mitesh Gaba,CIVIL,5,B,70.88,68.64,12.21,28,5,87.79,0.95
MECH20200893,Tejas Gulati,MECH,7,B,55.22,63.91,6.17,32,5,93.83,-3.63
CSE20210894,Anmol Sami,CSE,5,A,62.87,75.95,5.12,21,6,94.88,3.36
IT20200895,Aahana Sankar,IT,8,B,32.16,87.26,21.38,11,5,78.62,-4.78
IT20210896,Forum Narayanan,IT,5,B,71.08,65.48,8.73,31,6,91.27,1.87
IT20200897,Isha Bhatti,IT,7,A,96.39,96.38,4.53,3,6,95.47,-0.98
MECH20230898,Xalak Munshi,MECH,1,C,82.27,85.26,7.77,13,6,92.23,-2.74
MECH20230899,Vinaya Parmar,MECH,1,C,88.86,65.83,20.73,30,5,79.27,-4.82
ECE20210900,Tristan Narayanan,ECE,6,A,40.76,30.58,12.5,62,5,87.5,-1.7
ECE20230901,Hiral Chaudhry,ECE,2,A,30.41,47.23,8.47,47,6,91.53,4.74
ECE20200902,Nikita Wagle,ECE,7,B,72.42,73.22,13.5,24,5,86.5,1.86
MECH20220903,Wahab Bassi,MECH,4,B,59.42,64.42,13.42,32,6,86.58,-1.39
ECE20200904,Rehaan Ratta,ECE,8,A,54.05,37.95,11.71,55,6,88.29,0.47
IT20200905,Frado Ramakrishnan,IT,7,B,63.62,66.35,10.5,30,5,89.5,2.86
IT20210906,Tarak Sanghvi,IT,5,B,53.74,89.34,7.85,9,6,92.15,4.98
CIVIL20220907,Bhanumati Din,CIVIL,3,B,81.88,94.77,5.01,4,6,94.99,2.66
CSE20230908,Meghana Rout,CSE,2,B,62.7,80.63,9.66,17,5,90.34,-0.96
MECH20200909,Pallavi Das,MECH,7,B,70.68,71.87,10.56,25,6,89.44,-3.53
CIVIL20200910,Ryan Muni,CIVIL,7,A,66.31,64.26,10.61,32,6,89.39,-0.85
CSE20220911,Nimrat Khanna,CSE,3,B,53.95,64.0,13.86,32,5,86.14,-4.15
ECE20210912,Libni Chopra,ECE,5,C,20.61,34.1,19.9,59,6,80.1,-1.33
MECH20230913,Harish Deep,MECH,2,A,36.92,48.4,12.31,46,6,87.69,1.72
CSE20230914,Umang Ganesan,CSE,2,A,50.11,83.08,14.51,15,6,85.49,-4.61
MECH20210915,Wyatt Venkataraman,MECH,5,A,88.53,95.05,7.18,4,5,92.82,-1.62
IT20220916,Anusha Master,IT,4,B,78.43,94.44,3.47,5,5,96.53,-1.09
IT20200917,Dev Uppal,IT,7,C,62.65,78.04,12.93,19,5,87.07,-1.56
ECE20210918,Urvashi Chander,ECE,5,C,49.43,51.53,19.82,43,5,80.18,-3.28
IT20200919,Urvashi Venkatesh,IT,8,A,56.78,70.21,5.05,26,6,94.95,-0.14
MECH20230920,Forum Savant,MECH,2,B,94.24,61.83,9.44,34,5,90.56,-0.79
CSE20220921,Bhavani Kapoor,CSE,3,B,22.07,45.56,9.38,48,6,90.62,1.11
CSE20200922,Arjun Om,CSE,8,B,75.89,85.4,5.07,13,5,94.93,4.52
IT20230923,Mason Deshmukh,IT,2,C,46.11,38.05,17.42,55,5,82.58,-1.82
MECH20210924,Liam Malhotra,MECH,5,C,64.3,78.95,13.43,18,6,86.57,-1.65
IT20220925,Darika Sandal,IT,4,B,39.41,61.9,13.64,34,5,86.36,-1.49
ECE20210926,Bhavya Deo,ECE,6,C,28.18,49.35,8.67,45,6,91.33,1.82
MECH20220927,Hema Om,MECH,3,A,27.76,63.81,8.87,32,6,91.13,2.69
ECE20200928,Hema Krishnan,ECE,7,B,52.75,62.11,14.01,34,5,85.99,1.11
MECH20210929,Nilima Bava,MECH,6,A,51.55,73.26,14.93,24,6,85.07,-3.77
CIVIL20220930,Ekani Sheth,CIVIL,3,A,90.98,99.29,5.17,0,6,94.83,1.89
CIVIL20230931,Michael Ahluwalia,CIVIL,2,C,61.4,72.41,14.75,24,6,85.25,1.07
CSE20210932,Laban Mand,CSE,5,C,59.75,77.27,5.16,20,5,94.84,3.75
CIVIL20230933,Divya Bhalla,CIVIL,2,C,47.39,51.17,9.24,43,5,90.76,-2.25
CIVIL20230934,Ojas Hayer,CIVIL,1,B,40.17,44.24,12.03,50,5,87.97,-0.94
CIVIL20200935,Viraj Dhawan,CIVIL,7,B,52.9,78.72,13.58,19,5,86.42,4.79
ECE20210936,Gaurika Agrawal,ECE,6,C,81.89,94.81,4.0,4,6,96.0,-4.94
ECE20210937,Pavani Bora,ECE,5,A,54.95,76.21,7.47,21,6,92.53,-0.03
CSE20200938,Bhavini Ramakrishnan,CSE,8,A,62.42,66.22,7.41,30,5,92.59,3.47
MECH20210939,Anay Bhasin,MECH,6,A,57.06,67.36,11.18,29,6,88.82,-1.93
CIVIL20230940,Vedhika Khare,CIVIL,2,A,59.92,62.85,6.45,33,5,93.55,-0.27
MECH20200941,Ayush Tara,MECH,7,B,74.5,77.47,12.68,20,6,87.32,-3.48
CIVIL20200942,Vritti Nagy,CIVIL,7,C,55.97,70.15,7.99,26,6,92.01,3.7
MECH20230943,Tanvi Doshi,MECH,2,B,64.22,85.27,13.8,13,6,86.2,1.99
CSE20230944,Odika Varghese,CSE,1,A,49.89,43.4,14.67,50,5,85.33,-1.53
ECE20200945,Adya Mittal,ECE,8,C,86.54,89.61,6.61,9,6,93.39,-3.4
IT20220946,Gopal Soni,IT,4,B,31.42,35.94,6.93,57,6,93.07,-2.61
IT20230947,Nidra Lala,IT,1,B,91.54,87.38,3.67,11,5,96.33,2.64
MECH20230948,Eesha Tandon,MECH,1,B,88.23,89.86,4.36,9,6,95.64,2.38
IT20230949,Aarush Swamy,IT,1,A,88.74,42.06,8.7,52,6,91.3,-2.95
ECE20210950,Wazir Deol,ECE,6,B,58.37,89.88,11.43,9,5,88.57,-0.37
CIVIL20230951,Anita Amble,CIVIL,1,A,73.51,71.92,9.32,25,5,90.68,-4.63
IT20210952,Varsha Kumar,IT,6,C,38.4,62.99,12.11,33,6,87.89,-0.04
IT20230953,Tanish Bahl,IT,2,B,70.16,60.57,5.49,35,5,94.51,3.42
CIVIL20220954,Maanav Krishna,CIVIL,3,A,72.68,63.68,12.76,32,5,87.24,2.76
CSE20220955,Upasna Varty,CSE,4,C,74.48,67.06,10.92,29,6,89.08,-2.29
IT20220956,Daksh Srinivasan,IT,3,A,29.79,45.12,15.43,49,5,84.57,-2.88
IT20230957,Wazir Varkey,IT,2,C,20.29,37.54,15.45,56,5,84.55,2.09
CSE20220958,Logan Pingle,CSE,4,B,36.03,70.18,16.1,26,5,83.9,0.63
MECH20220959,Divya Lata,MECH,3,C,52.36,63.66,12.19,32,6,87.81,2.37
IT20220960,Nihal Sandhu,IT,3,B,94.47,95.21,2.77,4,5,97.23,-4.32
ECE20200961,Wyatt Dar,ECE,8,A,70.84,88.29,10.91,10,6,89.09,0.48
CSE20200962,Vansha Khanna,CSE,8,A,74.81,49.05,23.88,45,5,76.12,4.68
ECE20230963,Aayush Parikh,ECE,1,B,43.82,32.87,13.53,60,6,86.47,1.33
IT20230964,Omkaar Apte,IT,2,C,24.89,57.4,10.02,38,5,89.98,2.03
MECH20230965,Joshua Pandya,MECH,1,A,89.39,99.75,4.19,0,5,95.81,4.94
CIVIL20220966,Abeer Lalla,CIVIL,4,A,76.69,89.6,7.05,9,6,92.95,0.66
ECE20220967,Tanay Sood,ECE,4,C,65.02,85.03,9.7,13,5,90.3,2.63
CIVIL20220968,Gagan Sengupta,CIVIL,3,A,90.17,89.64,3.15,9,6,96.85,3.38
MECH20220969,Krisha Ghosh,MECH,3,A,65.5,75.5,9.8,22,6,90.2,-3.07
MECH20210970,Zilmil Aggarwal,MECH,5,B,33.75,42.36,9.27,51,6,90.73,1.64
ECE20220971,Kritika Sachdeva,ECE,4,A,57.68,85.03,12.99,13,6,87.01,-0.42
CIVIL20200972,Max Nagar,CIVIL,7,A,73.99,85.37,12.73,13,6,87.27,0.57
CSE20220973,Indali Bava,CSE,4,B,67.06,81.26,13.29,16,5,86.71,2.79
ECE20210974,Eta Babu,ECE,5,B,52.02,78.17,7.75,19,5,92.25,1.22
MECH20200975,Teerth Agrawal,MECH,8,C,62.31,60.69,6.12,35,5,93.88,3.27
MECH20200976,Krishna Shukla,MECH,7,B,75.59,95.23,7.21,4,6,92.79,-0.38
ECE20220977,George Singhal,ECE,3,C,65.57,80.43,10.09,17,5,89.91,4.21
IT20210978,Anvi Golla,IT,6,A,59.71,89.02,9.41,9,6,90.59,1.83
IT20230979,Veer Shankar,IT,2,C,53.95,86.64,11.12,12,5,88.88,4.23
CIVIL20220980,Alexander Chhabra,CIVIL,4,C,40.14,43.02,11.4,51,5,88.6,0.39
CIVIL20220981,Dalbir Mody,CIVIL,3,C,64.01,80.77,8.97,17,5,91.03,4.09
IT20220982,Widisha Ranganathan,IT,4,C,83.34,90.25,3.58,8,6,96.42,0.79
CIVIL20230983,Urvi Kar,CIVIL,1,C,71.99,60.29,12.03,35,5,87.97,-4.18
ECE20220984,Dhruv Sibal,ECE,4,B,51.28,78.79,2.75,19,5,97.25,-4.73
ECE20210985,Akshay Bobal,ECE,5,A,25.87,57.32,16.66,38,5,83.34,-0.89
IT20230986,Manbir Sawhney,IT,1,C,54.04,82.33,5.03,15,5,94.97,0.65
MECH20200987,Aahana Master,MECH,7,C,75.66,85.3,2.42,13,5,97.58,3.05
CIVIL20200988,Veda Chawla,CIVIL,8,B,67.91,65.66,9.82,30,6,90.18,-4.47
ECE20210989,Wriddhish Mammen,ECE,5,B,72.79,63.81,9.03,32,5,90.97,2.99
CSE20220990,Zaid Agate,CSE,3,B,85.13,86.17,4.55,12,5,95.45,-0.35
CIVIL20230991,Nimrat Patla,CIVIL,1,A,82.66,94.47,13.86,4,5,86.14,-0.2
MECH20220992,Krishna Dora,MECH,4,B,52.66,77.66,10.47,20,6,89.53,4.38
ECE20200993,Krish Butala,ECE,8,B,89.96,94.87,2.72,4,6,97.28,1.73
IT20200994,Reyansh Om,IT,8,C,74.67,67.44,9.75,29,5,90.25,-3.31
CSE20200995,Qasim Handa,CSE,8,C,63.55,64.44,7.14,32,6,92.86,1.42
ECE20230996,Anika Nagarajan,ECE,1,A,76.05,99.54,6.87,0,5,93.13,0.44
CIVIL20210997,Libni Sahota,CIVIL,6,B,23.67,43.92,23.01,50,5,76.99,-4.49
ECE20220998,Lakshit Chaudry,ECE,3,B,40.96,53.58,6.92,41,6,93.08,1.85
ECE20200999,Ayush Buch,ECE,7,A,89.62,87.14,6.65,11,5,93.35,-3.24
MECH20201000,Bhavini Vora,MECH,8,A,29.44,56.49,24.06,39,6,75.94,4.3
IT20231001,Bachittar Chatterjee,IT,2,C,50.79,83.48,11.91,14,6,88.09,2.15
CSE20211002,Ronith Badami,CSE,5,C,59.71,87.17,12.43,11,6,87.57,3.33
ECE20201003,Rehaan Jani,ECE,7,B,92.94,88.65,2.68,10,5,97.32,-0.55
CIVIL20231004,Urvashi Mishra,CIVIL,1,A,61.01,82.42,12.37,15,6,87.63,-0.2
IT20211005,Zashil Goel,IT,6,A,92.64,95.26,6.41,4,6,93.59,3.25
CIVIL20211006,Prisha Din,CIVIL,6,C,52.91,72.48,8.44,24,5,91.56,2.06
IT20221007,Azaan Barad,IT,3,A,68.06,79.52,8.6,18,5,91.4,4.04
ECE20211008,Vritti Cherian,ECE,5,C,70.19,83.57,8.34,14,5,91.66,-2.07
CIVIL20231009,Ekiya Karnik,CIVIL,2,C,47.69,63.75,16.5,32,5,83.5,0.46
CSE20201010,Nathan Kibe,CSE,8,B,59.86,60.29,12.15,35,6,87.85,-0.81
MECH20231011,Hamsini Trivedi,MECH,1,B,55.24,74.49,5.34,22,5,94.66,-1.74
ECE20211012,Hemal Jha,ECE,5,C,74.36,84.27,13.53,14,5,86.47,-2.53
IT20231013,Kabir Bail,IT,2,C,56.7,86.26,11.66,12,6,88.34,-1.97
CSE20211014,Omaja Sunder,CSE,5,A,86.36,85.37,2.05,13,5,97.95,-2.32
CSE20201015,Nakul Prabhakar,CSE,7,B,20.54,54.5,19.71,40,6,80.29,0.2
CIVIL20221016,Rachana Barman,CIVIL,4,B,80.39,87.72,4.38,11,5,95.62,-3.32
ECE20201017,Zehaan Bumb,ECE,8,A,59.96,73.08,11.38,24,6,88.62,1.1
MECH20201018,Bishakha Bandi,MECH,8,A,69.95,77.2,7.22,20,5,92.78,-2.59
IT20201019,Panini Dhaliwal,IT,7,B,67.6,82.11,9.15,16,6,90.85,4.45
MECH20221020,Gayathri Butala,MECH,3,B,47.01,33.8,9.91,59,6,90.09,0.03
ECE20211021,Omkaar Apte,ECE,5,A,51.32,86.75,14.65,11,6,85.35,3.17
CSE20211022,Anamika Chakrabarti,CSE,6,B,87.42,85.76,2.88,12,5,97.12,-3.0
IT20231023,Turvi Arya,IT,2,B,57.18,60.34,14.89,35,6,85.11,3.41
CIVIL20231024,Gabriel Sama,CIVIL,1,C,62.51,62.03,9.14,34,5,90.86,-2.28
ECE20221025,Chameli Balan,ECE,4,A,44.04,31.09,10.09,62,5,89.91,0.3
ECE20211026,Ganga Shere,ECE,5,A,61.4,67.17,6.38,29,5,93.62,3.71
MECH20221027,Gabriel Krishna,MECH,4,B,60.87,75.17,9.94,22,6,90.06,4.08
MECH20211028,Krisha Naidu,MECH,5,C,56.66,63.43,20.0,32,5,80.0,3.06
ECE20201029,Amaira Bahri,ECE,7,C,97.24,91.27,3.95,7,5,96.05,2.96
CSE20201030,Indrajit Zachariah,CSE,8,B,77.95,97.0,6.83,2,6,93.17,2.16
IT20211031,Warhi Chhabra,IT,5,A,42.34,33.97,18.22,59,5,81.78,2.84
CSE20211032,Lucky Dugal,CSE,6,A,62.3,83.46,14.51,14,6,85.49,2.39
ECE20231033,Azad Mannan,ECE,2,B,66.39,73.06,7.19,24,6,92.81,2.43
CIVIL20231034,Dalbir Bava,CIVIL,1,A,65.35,76.82,6.23,20,6,93.77,-1.16
CSE20231035,Thomas Chaudhuri,CSE,1,A,70.7,66.85,7.35,29,5,92.65,4.79
CSE20211036,Robert Agrawal,CSE,5,A,74.21,74.53,14.11,22,5,85.89,-2.97
CSE20201037,Zansi Divan,CSE,7,B,58.93,72.87,5.37,24,6,94.63,3.73
ECE20211038,Avni Tella,ECE,6,C,73.75,76.83,11.32,20,6,88.68,-1.58
CIVIL20201039,Rachit Brahmbhatt,CIVIL,8,A,89.79,85.98,4.47,12,5,95.53,-0.18
CSE20221040,Omisha Virk,CSE,4,A,42.83,33.49,16.14,59,6,83.86,4.28
CIVIL20211041,Amrita Dugar,CIVIL,5,A,64.19,71.29,6.98,25,6,93.02,0.45
CIVIL20221042,Faris Nayar,CIVIL,4,A,51.59,60.1,10.03,35,6,89.97,-3.22
CSE20211043,Tara Subramaniam,CSE,6,B,90.04,99.68,3.62,0,5,96.38,-0.35
MECH20221044,Ridhi Cheema,MECH,4,A,69.05,61.29,10.1,34,6,89.9,-0.06
MECH20201045,Darsh Balasubramanian,MECH,7,A,60.53,79.98,7.46,18,5,92.54,1.7
CIVIL20231046,Kevin Vasa,CIVIL,1,C,65.82,71.86,5.67,25,6,94.33,2.49
MECH20211047,Urvashi Parekh,MECH,6,C,84.59,98.88,6.02,1,6,93.98,-0.62
MECH20211048,Noah Walia,MECH,6,B,54.62,69.18,5.26,27,6,94.74,-2.4
CSE20201049,Alka Kulkarni,CSE,8,B,72.67,74.57,14.94,22,5,85.06,-4.11
CIVIL20231050,Harsh Sahni,CIVIL,1,B,81.62,86.89,3.15,11,5,96.85,-4.9
MECH20201051,Neel Gole,MECH,7,A,71.87,61.27,12.47,34,6,87.53,-4.95
ECE20211052,Owen Chacko,ECE,6,C,88.81,92.41,2.53,6,6,97.47,2.9
MECH20221053,Utkarsh Lall,MECH,3,C,63.49,76.02,5.66,21,5,94.34,2.36
CIVIL20231054,Urvi Shere,CIVIL,1,B,57.63,85.64,12.29,12,5,87.71,-2.62
MECH20201055,Nandini Srivastava,MECH,8,B,93.68,93.97,7.93,5,5,92.07,-3.39
CSE20211056,Daksh Batta,CSE,5,C,26.26,50.63,11.12,44,5,88.88,3.44
IT20231057,Aarna Barad,IT,2,C,72.43,95.37,16.54,4,5,83.46,-2.31
IT20211058,Samarth Dewan,IT,5,C,68.97,76.01,5.93,21,5,94.07,4.39
ECE20231059,Avni Badal,ECE,1,A,71.95,82.84,14.52,15,6,85.48,2.26
CIVIL20231060,Hemal Purohit,CIVIL,1,A,60.81,88.31,10.06,10,6,89.94,-0.05
IT20211061,Aarnav Mukherjee,IT,5,C,32.52,95.05,5.16,4,6,94.84,3.09
CIVIL20231062,Anay Morar,CIVIL,1,C,63.36,80.53,12.26,17,6,87.74,4.84
ECE20201063,Odika Raval,ECE,7,C,66.33,88.65,7.56,10,5,92.44,4.56
IT20201064,Harita Sant,IT,7,B,59.54,70.32,7.4,26,6,92.6,1.03
CSE20201065,Zaid Memon,CSE,7,A,51.11,76.32,13.08,21,6,86.92,0.53
ECE20231066,Girik Baral,ECE,2,A,89.38,78.22,21.85,19,6,78.15,-3.47
CIVIL20231067,Kala Chatterjee,CIVIL,1,C,59.62,98.14,11.56,1,5,88.44,0.14
CSE20211068,Triveni Puri,CSE,6,C,32.86,36.82,14.34,56,6,85.66,1.8
MECH20231069,Gaurangi Bhagat,MECH,1,B,97.4,89.28,4.5,9,5,95.5,1.85
MECH20211070,Warda Gade,MECH,5,A,36.56,48.85,5.7,46,5,94.3,4.44
CSE20231071,Dalaja Nagar,CSE,1,C,60.3,85.72,14.52,12,5,85.48,0.37
ECE20211072,Rushil Sarkar,ECE,6,A,94.02,98.34,5.14,1,5,94.86,-0.57
IT20221073,Vasudha Radhakrishnan,IT,4,A,57.25,75.76,12.63,21,6,87.37,-4.57
CSE20211074,Pratyush Saini,CSE,5,B,75.02,96.5,4.0,3,6,96.0,4.28
ECE20201075,Christopher Jani,ECE,7,A,63.68,64.84,9.05,31,5,90.95,-0.92
MECH20221076,Prisha Nagar,MECH,3,A,28.73,54.55,18.73,40,6,81.27,-2.92
ECE20221077,Sai Pingle,ECE,3,C,72.18,78.03,14.68,19,5,85.32,3.85
IT20201078,Advaith Rajagopal,IT,8,C,74.06,82.61,14.37,15,6,85.63,3.86
IT20221079,Keya Ghosh,IT,4,A,65.47,51.25,24.03,43,5,75.97,3.5
IT20221080,Manbir Swamy,IT,4,C,59.23,73.5,8.53,23,5,91.47,-2.36
CIVIL20201081,Meghana Kaur,CIVIL,8,C,93.83,87.16,3.67,11,5,96.33,-2.86
IT20201082,Balveer Sane,IT,7,B,71.61,86.73,12.39,11,6,87.61,1.93
IT20221083,Chatresh Dugar,IT,3,B,52.7,61.33,5.3,34,5,94.7,0.15
MECH20211084,Gaurav Mahajan,MECH,5,B,93.95,92.13,7.54,7,5,92.46,-1.33
CSE20211085,Ansh Shah,CSE,6,C,50.16,68.56,14.28,28,6,85.72,4.5
ECE20221086,Chameli Gaba,ECE,3,A,59.34,62.17,6.0,34,6,94.0,1.07
CIVIL20211087,Samuel Sarna,CIVIL,6,C,81.64,91.35,7.6,7,6,92.4,2.43
CIVIL20231088,Saumya Narula,CIVIL,1,B,70.13,78.26,9.04,19,5,90.96,4.45
IT20211089,Samar Wali,IT,5,B,56.48,80.01,5.07,17,5,94.93,1.71
IT20201090,Lekha Patil,IT,8,A,54.61,67.86,5.02,28,5,94.98,2.01
CSE20221091,Aahana Ravel,CSE,3,A,72.73,70.71,5.12,26,5,94.88,2.68
MECH20201092,Ranbir Nagy,MECH,8,A,54.1,86.84,3.2,11,5,96.8,-3.01
CIVIL20211093,Nitara Bhavsar,CIVIL,6,C,56.98,74.08,7.83,23,6,92.17,-2.87
MECH20201094,Abha Ramaswamy,MECH,8,C,48.06,40.87,11.17,53,5,88.83,-4.41
MECH20211095,Zashil Patil,MECH,5,C,73.54,62.01,7.34,34,5,92.66,0.48
CSE20231096,Gaurangi Venkataraman,CSE,2,C,59.9,69.15,8.37,27,5,91.63,-4.69
MECH20201097,Rachit Venkatesh,MECH,8,B,75.42,75.94,9.9,21,6,90.1,-3.59
CIVIL20231098,Chanakya Toor,CIVIL,1,A,54.83,81.38,11.46,16,6,88.54,4.61
ECE20211099,Zaid Sani,ECE,5,C,72.42,87.87,14.73,10,5,85.27,3.48
IT20211100,Keya Vohra,IT,6,B,64.29,72.39,9.94,24,6,90.06,3.67
MECH20201101,Madhav Sankar,MECH,7,B,87.84,86.97,5.24,11,5,94.76,-2.66
MECH20211102,Anjali Kumer,MECH,5,C,62.43,69.0,5.33,27,5,94.67,-1.72
CIVIL20211103,Ranveer Vala,CIVIL,6,C,64.92,67.21,8.86,29,6,91.14,-0.62
CSE20221104,Dhriti Talwar,CSE,3,A,73.34,66.15,11.79,30,5,88.21,4.08
ECE20201105,Bimala Raval,ECE,7,C,69.2,73.9,23.99,23,5,76.01,2.47
CSE20221106,Chatresh Dora,CSE,3,B,69.25,60.23,5.81,35,6,94.19,-3.24
CIVIL20231107,Aadhya Bahri,CIVIL,2,B,61.62,77.26,7.29,20,6,92.71,3.13
CIVIL20231108,Rishi Karan,CIVIL,2,A,74.1,83.24,14.77,15,6,85.23,-3.55
IT20221109,Krishna Agate,IT,4,A,71.7,72.77,5.97,24,5,94.03,2.31
IT20201110,Gagan Mallick,IT,7,A,52.88,89.56,12.82,9,6,87.18,1.68
MECH20231111,Nilima Sampath,MECH,1,B,57.02,87.49,12.08,11,6,87.92,-2.56
CSE20221112,Gauri Chakraborty,CSE,3,C,60.25,69.79,7.92,27,5,92.08,-4.11
CIVIL20231113,Ishaan Palla,CIVIL,2,B,61.69,67.44,12.94,29,5,87.06,-4.78
CSE20201114,Atharv Mallick,CSE,8,A,62.44,88.0,12.21,10,6,87.79,4.69
CIVIL20201115,Ishwar Keer,CIVIL,7,A,68.43,60.5,8.74,35,5,91.26,3.82
CSE20221116,Advika Sama,CSE,3,A,24.38,49.61,12.38,45,5,87.62,3.45
CIVIL20211117,Vasana Karpe,CIVIL,6,A,81.99,88.49,6.71,10,5,93.29,0.78
CSE20211118,Yuvraj Master,CSE,5,A,58.64,86.5,6.57,12,6,93.43,2.09
MECH20221119,Bakhshi Mander,MECH,4,A,24.78,62.78,7.27,33,6,92.73,-0.26
MECH20211120,Ria Jain,MECH,6,B,63.49,78.95,6.41,18,5,93.59,-0.34
IT20221121,Falak Grewal,IT,4,A,54.9,71.31,6.26,25,6,93.74,0.12
CIVIL20231122,Bachittar Sathe,CIVIL,1,A,43.75,38.02,6.56,55,5,93.44,-3.35
CSE20211123,Jyoti Sharma,CSE,5,A,77.1,85.7,7.54,12,5,92.46,-0.71
CIVIL20231124,Vivaan Chadha,CIVIL,1,B,51.72,72.44,14.21,24,5,85.79,4.06
ECE20201125,Warda Bhattacharyya,ECE,8,C,78.24,88.62,5.86,10,6,94.14,0.19
ECE20201126,Jairaj Oommen,ECE,8,C,67.72,87.92,5.91,10,6,94.09,-3.91
CSE20221127,Ekanta Rao,CSE,4,C,64.59,67.23,5.68,29,5,94.32,0.47
CSE20231128,Rohan Vora,CSE,2,B,79.2,93.39,2.54,5,6,97.46,4.35
MECH20211129,Garima Gulati,MECH,6,B,57.24,85.05,11.77,13,6,88.23,-2.24
MECH20221130,Agastya Pandit,MECH,3,B,43.97,38.46,8.85,55,6,91.15,-2.91
CIVIL20231131,Viraj Prakash,CIVIL,1,C,56.65,66.09,6.06,30,5,93.94,-0.96
ECE20201132,Azaan Choudhry,ECE,8,A,38.09,48.66,15.42,46,6,84.58,3.5
CIVIL20221133,Charles Tak,CIVIL,3,A,55.08,79.3,11.9,18,6,88.1,0.16
CSE20211134,Sanya Reddy,CSE,5,B,62.85,66.41,14.7,30,5,85.3,1.76
MECH20201135,Ishita Krishna,MECH,7,B,62.79,75.89,7.25,21,6,92.75,-3.2
ECE20221136,Ijaya Prasad,ECE,4,A,60.8,69.89,7.39,27,6,92.61,-1.83
MECH20221137,Faras Maharaj,MECH,4,B,64.85,73.29,14.64,24,6,85.36,-1.42
MECH20221138,Rajata Kannan,MECH,3,C,55.86,86.65,14.36,12,6,85.64,-1.88
CSE20211139,Agastya Dara,CSE,6,C,70.17,66.5,10.41,30,5,89.59,2.55
IT20201140,Tara Tailor,IT,8,C,66.75,60.8,9.77,35,5,90.23,2.84
CIVIL20211141,Pavani Kothari,CIVIL,5,A,42.06,61.79,10.54,34,6,89.46,0.82
MECH20221142,Anamika Gill,MECH,4,C,65.95,75.06,8.75,22,6,91.25,-2.63
CIVIL20201143,Girish Manda,CIVIL,7,B,79.11,62.74,9.23,33,6,90.77,-0.66
CIVIL20221144,Anvi Rajagopal,CIVIL,3,A,90.9,85.88,5.41,12,6,94.59,4.86
CIVIL20221145,Faras Om,CIVIL,3,A,34.15,30.27,19.08,62,5,80.92,1.97
IT20211146,Chakradhar Bhalla,IT,6,C,66.55,68.53,6.14,28,6,93.86,-0.04
IT20231147,Anika Padmanabhan,IT,2,A,55.38,83.09,11.82,15,5,88.18,0.03
CIVIL20221148,Matthew Yadav,CIVIL,3,C,73.68,32.45,4.53,60,5,95.47,2.85
ECE20211149,Yash Murthy,ECE,5,B,37.65,81.89,17.67,16,5,82.33,-2.28
ECE20221150,Bimala Thakkar,ECE,4,B,36.82,81.4,3.72,16,5,96.28,-2.52
CIVIL20231151,Advika Thaman,CIVIL,1,B,81.2,85.15,24.85,13,6,75.15,0.04
IT20231152,Zayyan Mohan,IT,1,C,42.72,64.07,9.56,32,6,90.44,-3.09
CSE20211153,Frederick Grewal,CSE,6,B,65.58,71.37,8.07,25,6,91.93,-4.66
IT20201154,David Nadig,IT,8,B,27.31,57.61,16.5,38,5,83.5,-3.34
CIVIL20221155,Azaan Bath,CIVIL,4,A,73.13,60.98,5.37,35,5,94.63,1.81
CIVIL20201156,Ati Kumer,CIVIL,7,A,78.86,97.24,3.43,2,5,96.57,4.3
MECH20201157,Baljiwan Ganesh,MECH,8,C,70.86,64.69,10.84,31,6,89.16,4.1
CIVIL20201158,Azaan Soni,CIVIL,8,B,46.75,63.04,16.28,33,5,83.72,4.0
ECE20231159,Oviya Bakshi,ECE,2,B,43.65,59.48,19.92,36,5,80.08,2.69
CIVIL20221160,Ekiya Kala,CIVIL,4,B,69.45,65.15,9.71,31,5,90.29,-2.45
IT20231161,Sachi Pradhan,IT,2,C,71.68,70.87,14.81,26,6,85.19,-0.53
CIVIL20201162,Jai Mane,CIVIL,8,C,94.99,96.69,3.42,2,6,96.58,-2.45
IT20231163,Nidhi Chadha,IT,2,B,50.45,65.11,10.4,31,6,89.6,1.89
CIVIL20231164,Wahab Khanna,CIVIL,1,A,61.22,68.67,9.11,28,5,90.89,0.13
IT20231165,Advay Majumdar,IT,1,A,68.64,86.15,8.36,12,5,91.64,-1.56
CSE20221166,Samesh Mohan,CSE,4,B,77.85,63.13,7.11,33,5,92.89,4.18
CIVIL20221167,Ucchal Rattan,CIVIL,3,A,55.24,78.65,8.26,19,5,91.74,-3.28
CSE20201168,Yadavi Goda,CSE,8,C,49.7,39.02,8.67,54,6,91.33,-4.98
MECH20231169,Eshana Chada,MECH,2,A,37.72,49.18,6.73,45,5,93.27,-2.41
CIVIL20231170,Manya Grewal,CIVIL,2,C,97.86,91.01,5.48,8,5,94.52,-1.16
MECH20221171,Aarnav Dhaliwal,MECH,3,B,42.08,54.09,10.42,41,6,89.58,-1.41
MECH20231172,Prisha Palla,MECH,2,C,44.78,40.32,12.36,53,5,87.64,3.99
CSE20201173,Sachi Iyengar,CSE,7,B,56.93,72.42,5.15,24,5,94.85,-3.73
CIVIL20231174,Bishakha Bhavsar,CIVIL,1,A,58.72,70.7,8.76,26,6,91.24,-3.45
CSE20221175,Baghyawati Patil,CSE,3,B,55.58,63.77,7.96,32,5,92.04,2.33
IT20221176,Owen Varghese,IT,4,A,63.25,69.0,11.04,27,5,88.96,-0.06
IT20231177,Waida Verma,IT,1,A,48.0,49.01,15.81,45,6,84.19,-2.9
IT20211178,Bimala Bhandari,IT,6,B,83.48,85.72,7.74,12,6,92.26,0.15
CSE20211179,Ekta Rajan,CSE,6,B,52.6,70.88,14.73,26,6,85.27,2.85
CSE20231180,Gabriel Thaker,CSE,2,A,70.33,62.93,8.37,33,6,91.63,4.58
ECE20201181,Liam Chokshi,ECE,8,C,52.91,88.5,9.36,10,5,90.64,3.79
CSE20211182,Zansi Barad,CSE,6,B,55.66,63.51,8.91,32,5,91.09,-4.26
CSE20231183,Bina Magar,CSE,1,A,43.83,54.0,14.81,41,5,85.19,-0.35
CSE20221184,Yagnesh Thakkar,CSE,4,B,80.18,95.8,2.63,3,5,97.37,-2.22
CIVIL20211185,Dayita Patla,CIVIL,6,C,53.68,87.83,9.67,10,5,90.33,3.5
MECH20211186,Kashish Doshi,MECH,5,C,64.47,67.94,5.32,28,5,94.68,0.72
MECH20231187,Simon Nagarajan,MECH,1,C,73.41,80.16,13.33,17,5,86.67,-0.64
IT20221188,Lucky Varty,IT,4,C,72.64,81.24,11.31,16,6,88.69,-4.25
CSE20221189,Bhavani Kale,CSE,3,C,46.69,52.15,12.38,43,5,87.62,-4.65
CIVIL20221190,Frederick Peri,CIVIL,3,C,96.27,96.49,6.71,3,6,93.29,0.93
ECE20231191,Theodore Choudhary,ECE,1,A,65.16,77.49,12.62,20,6,87.38,1.51
CIVIL20221192,Banjeet Kari,CIVIL,4,A,67.04,65.02,6.98,31,6,93.02,3.28
ECE20201193,Darsh Kohli,ECE,7,C,58.23,81.22,5.42,16,5,94.58,0.36
MECH20221194,Luke Khurana,MECH,3,A,25.42,63.0,11.64,33,5,88.36,-0.65
IT20221195,Manbir Tella,IT,4,B,49.8,45.44,18.87,49,6,81.13,0.81
CSE20231196,Aarnav Maharaj,CSE,1,C,54.53,75.53,10.71,22,6,89.29,0.03
CSE20231197,Banjeet Vala,CSE,1,B,72.21,89.0,9.03,9,5,90.97,-3.89
CSE20201198,Neelima Issac,CSE,7,B,22.05,63.67,10.81,32,6,89.19,-3.01
ECE20201199,Ganga Bhattacharyya,ECE,8,C,74.78,82.02,9.93,16,5,90.07,-3.19
CIVIL20211200,Panini Kulkarni,CIVIL,5,B,62.64,68.87,9.07,28,5,90.93,-4.87
MECH20221201,Ucchal Krishna,MECH,4,C,53.82,69.42,13.03,27,5,86.97,-4.43
CSE20211202,Krishna Luthra,CSE,6,C,40.88,50.25,11.55,44,6,88.45,3.09
MECH20201203,Xalak Morar,MECH,8,C,40.75,46.09,14.71,48,6,85.29,1.13
MECH20211204,Warjas Shere,MECH,5,A,54.13,87.02,12.2,11,6,87.8,-2.7
MECH20201205,Zinal Kuruvilla,MECH,7,B,60.82,62.02,23.53,34,5,76.47,0.35
IT20211206,Raksha Nagi,IT,5,A,58.3,63.64,6.35,32,5,93.65,-0.22
IT20231207,Divya Ganesan,IT,1,A,65.56,67.72,10.44,29,5,89.56,-0.37
ECE20211208,Sai Gokhale,ECE,5,C,87.95,85.09,2.64,13,6,97.36,0.38
ECE20201209,Wriddhish Kari,ECE,8,A,70.34,64.03,9.85,32,5,90.15,4.22
CIVIL20201210,Varenya Krishna,CIVIL,8,A,65.78,89.75,7.8,9,6,92.2,4.87
CSE20231211,Kamya Bajaj,CSE,1,A,69.04,64.94,10.64,31,6,89.36,-3.99
CIVIL20201212,Vidhi Bhatnagar,CIVIL,7,B,72.7,85.2,13.62,13,5,86.38,-3.85
IT20231213,Bina Divan,IT,2,C,88.88,85.49,7.76,13,6,92.24,-1.23
CSE20201214,Mason Sharaf,CSE,8,C,94.49,88.87,7.3,10,5,92.7,1.34
CIVIL20231215,Ishani Sethi,CIVIL,2,A,59.01,75.96,8.18,21,6,91.82,0.96
CIVIL20201216,Jacob Nayak,CIVIL,8,B,20.04,40.23,15.69,53,5,84.31,2.26
ECE20221217,Gautam Bedi,ECE,3,C,38.62,51.85,7.16,43,6,92.84,0.24
MECH20221218,Gayathri Shah,MECH,3,C,92.84,85.05,2.32,13,6,97.68,-0.02
CIVIL20221219,Kevin Mallick,CIVIL,3,A,30.01,52.2,14.79,43,5,85.21,-0.86
CSE20211220,Aryan Pandya,CSE,6,C,57.91,85.17,6.39,13,6,93.61,-0.78
CIVIL20201221,Laban Zacharia,CIVIL,8,C,52.37,69.2,7.89,27,6,92.11,0.25
CSE20221222,Wridesh Brahmbhatt,CSE,4,A,54.67,69.75,9.03,27,6,90.97,4.37
CIVIL20231223,Kashish Mann,CIVIL,1,B,38.2,38.86,10.04,55,6,89.96,-4.54
IT20201224,Yashawini Sunder,IT,8,A,45.53,47.09,13.04,47,5,86.96,4.08
CIVIL20231225,Vinaya Nayak,CIVIL,2,B,66.39,64.8,11.39,31,5,88.61,-4.63
ECE20201226,Anamika Luthra,ECE,7,C,73.88,84.18,14.08,14,6,85.92,0.42
IT20211227,Samesh Kamdar,IT,5,B,87.62,85.4,4.08,13,5,95.92,-2.68
IT20211228,Mason Kadakia,IT,5,B,62.86,69.5,13.59,27,5,86.41,-4.09
MECH20221229,Damyanti Parikh,MECH,4,A,85.45,60.1,22.85,35,6,77.15,-3.73
ECE20231230,Vasatika Lall,ECE,2,B,55.93,73.84,11.6,23,6,88.4,-1.09
ECE20221231,Qarin Borra,ECE,3,A,33.88,53.8,7.63,41,5,92.37,3.64
CSE20211232,Mekhala Bajaj,CSE,6,B,54.87,82.43,5.66,15,6,94.34,-4.33
IT20221233,Vansha Garde,IT,3,B,75.09,88.85,6.89,10,5,93.11,-2.83
CIVIL20231234,Neel Rau,CIVIL,2,B,23.54,59.6,19.5,36,6,80.5,0.05
IT20231235,Lipika Chopra,IT,1,C,53.97,66.3,11.55,30,6,88.45,-2.61
MECH20201236,Yagnesh Kari,MECH,7,B,27.23,40.34,12.51,53,6,87.49,1.92
CIVIL20221237,Tara Murty,CIVIL,4,A,56.79,85.02,10.05,13,5,89.95,3.79
ECE20221238,Oeshi Khanna,ECE,3,B,68.83,80.45,5.79,17,6,94.21,-4.73
IT20211239,Nimrat Pall,IT,5,A,52.35,65.84,5.9,30,6,94.1,1.75
ECE20201240,Ekapad Master,ECE,8,B,53.76,79.62,12.63,18,5,87.37,2.74
IT20211241,Chandran Kumer,IT,6,C,34.55,77.37,9.94,20,6,90.06,-1.55
CIVIL20231242,Upasna Date,CIVIL,1,B,82.54,94.67,4.23,4,6,95.77,-0.3
MECH20221243,Jeevika Kanda,MECH,4,B,72.55,79.92,9.28,18,5,90.72,3.17
MECH20231244,Rachana Dey,MECH,1,A,94.3,87.71,4.42,11,5,95.58,2.43
CSE20201245,Ojasvi De,CSE,7,B,67.05,87.34,6.35,11,5,93.65,-2.34
CSE20221246,Megha Ramanathan,CSE,3,A,97.05,98.36,4.83,1,6,95.17,3.45
CIVIL20221247,Oliver Naik,CIVIL,3,A,54.34,60.55,11.34,35,5,88.66,4.28
MECH20231248,Vihaan Bassi,MECH,1,B,59.82,89.5,10.8,9,5,89.2,-4.57
CSE20211249,Udarsh Dutt,CSE,5,A,67.25,62.85,5.02,33,5,94.98,-4.43
IT20211250,Charan Dora,IT,5,B,73.08,64.93,12.99,31,5,87.01,4.97
CIVIL20201251,Christopher Lall,CIVIL,8,A,70.5,82.44,12.09,15,5,87.91,-3.16
MECH20211252,Jeremiah Kamdar,MECH,6,A,48.09,61.04,7.81,35,5,92.19,-1.93
CSE20221253,Tanmayi Divan,CSE,3,C,59.52,71.47,9.65,25,6,90.35,3.52
IT20211254,Advik Char,IT,5,C,72.79,66.9,14.18,29,5,85.82,3.42
CSE20201255,Oni Boase,CSE,7,C,96.61,87.24,3.91,11,5,96.09,-4.1
ECE20231256,Manthan Bali,ECE,1,A,54.58,64.98,7.02,31,6,92.98,3.47
IT20221257,Priya Halder,IT,4,C,61.05,72.35,5.0,24,6,95.0,2.13
ECE20221258,Wishi Vaidya,ECE,3,B,64.7,81.93,9.09,16,5,90.91,-2.09
CIVIL20211259,Fiyaz Ram,CIVIL,5,C,60.07,76.67,8.96,20,6,91.04,-4.32
MECH20211260,Manan Sekhon,MECH,5,A,78.58,99.44,5.67,0,5,94.33,-3.0
ECE20201261,Qadim More,ECE,7,C,92.87,86.64,5.97,12,5,94.03,1.13
ECE20231262,Dayita Babu,ECE,1,C,74.69,76.58,13.72,21,5,86.28,-4.64
CSE20211263,Max Dua,CSE,6,A,25.67,31.75,9.41,61,5,90.59,-2.04
IT20221264,Harish Oak,IT,4,B,43.1,34.27,6.26,59,5,93.74,0.34
CIVIL20201265,Raagini Venkatesh,CIVIL,8,C,59.74,89.0,6.02,9,6,93.98,4.17
ECE20201266,Frado Shere,ECE,7,C,50.87,62.3,14.99,33,5,85.01,0.67
CSE20221267,Kamala Prakash,CSE,4,C,53.51,70.07,8.85,26,5,91.15,-2.41
IT20221268,Hemal Korpal,IT,4,A,67.29,65.21,9.05,31,6,90.95,-0.24
ECE20211269,Warhi Saini,ECE,5,A,66.61,79.14,10.66,18,6,89.34,-3.31
MECH20231270,Indali Kurian,MECH,2,C,69.43,77.53,13.94,20,5,86.06,3.25
IT20201271,Ishanvi Oommen,IT,8,C,21.85,46.59,13.28,48,6,86.72,-4.3
ECE20221272,Aarna Sood,ECE,3,A,46.15,50.14,14.71,44,6,85.29,-4.92
CSE20201273,Manbir Luthra,CSE,8,C,34.53,49.02,18.65,45,6,81.35,-4.82
CIVIL20211274,Manthan Gola,CIVIL,6,B,79.84,42.06,15.96,52,6,84.04,3.21
MECH20211275,William Chatterjee,MECH,6,A,49.53,59.88,17.75,36,5,82.25,1.56
MECH20201276,Oviya Saxena,MECH,8,B,26.0,60.47,18.3,35,5,81.7,-2.71
CIVIL20201277,Ekiya Badami,CIVIL,7,B,43.49,50.74,19.83,44,6,80.17,3.13
ECE20231278,Jeremiah Srinivas,ECE,2,A,53.34,68.09,7.94,28,5,92.06,-4.4
CIVIL20231279,Bhavika Raj,CIVIL,1,B,62.75,80.27,12.36,17,5,87.64,-4.65
ECE20201280,Samaksh Sidhu,ECE,7,B,55.24,89.91,8.19,9,5,91.81,0.71
CIVIL20211281,Bimala Johal,CIVIL,6,A,55.82,79.76,6.16,18,5,93.84,3.39
ECE20231282,Janaki Biswas,ECE,2,B,37.75,34.69,18.25,58,5,81.75,3.86
ECE20231283,Ansh Krishna,ECE,2,A,88.66,97.45,3.08,2,6,96.92,4.91
MECH20211284,Tejas Prashad,MECH,5,C,41.43,93.96,8.27,5,6,91.73,0.46
IT20221285,Niharika Minhas,IT,4,B,27.9,39.34,10.89,54,5,89.11,-3.85
CSE20211286,Champak Patil,CSE,5,B,62.03,79.46,14.42,18,6,85.58,-4.83
MECH20211287,Theodore Karnik,MECH,5,B,70.73,88.31,7.65,10,6,92.35,-3.46
CSE20221288,Fitan Behl,CSE,4,B,80.68,96.41,6.06,3,6,93.94,3.5
IT20211289,Mugdha Tata,IT,6,B,52.96,88.1,12.66,10,6,87.34,3.91
MECH20221290,Ranveer Shah,MECH,3,A,67.17,74.7,5.71,22,5,94.29,-3.08
IT20211291,Darika Oza,IT,6,A,62.32,87.6,8.99,11,6,91.01,-1.16
CSE20221292,Chatura Acharya,CSE,3,C,53.11,87.65,7.4,11,5,92.6,-2.74
IT20211293,Alexander Bhatti,IT,5,A,58.53,83.11,11.9,15,6,88.1,-3.42
ECE20211294,Ojas Behl,ECE,6,B,66.71,88.1,13.14,10,6,86.86,-4.23
MECH20231295,Zinal Dalal,MECH,1,B,37.46,58.26,6.95,37,5,93.05,-0.05
CIVIL20201296,Samar Sawhney,CIVIL,7,A,57.46,71.82,12.41,25,6,87.59,1.91
ECE20201297,Abha Deshmukh,ECE,7,B,42.63,40.79,5.84,53,5,94.16,0.48
MECH20211298,Azad Edwin,MECH,5,C,77.71,89.5,4.55,9,6,95.45,-3.73
CIVIL20211299,Lucky Manne,CIVIL,6,C,27.01,44.59,5.54,49,6,94.46,-1.52
CIVIL20211300,Zinal Shan,CIVIL,5,B,25.06,46.99,12.1,47,5,87.9,-1.82
ECE20231301,Manthan Deep,ECE,2,C,64.66,68.04,10.03,28,6,89.97,-0.6
ECE20231302,Eiravati Khatri,ECE,2,C,41.34,39.8,6.17,54,5,93.83,1.34
CIVIL20221303,Ikshita Sekhon,CIVIL,4,B,72.43,70.21,8.01,26,5,91.99,-0.8
CIVIL20201304,Vyanjana Pau,CIVIL,7,B,20.66,59.15,9.6,36,6,90.4,2.38
ECE20211305,Matthew Lal,ECE,6,A,95.42,86.81,7.52,11,5,92.48,2.54
ECE20201306,Bhavika Kata,ECE,7,A,72.63,66.54,11.93,30,5,88.07,-2.14
ECE20231307,Baljiwan Sanghvi,ECE,1,C,29.01,53.26,13.73,42,6,86.27,2.59
CIVIL20231308,Devansh Sridhar,CIVIL,2,A,31.56,56.65,5.59,39,6,94.41,-1.47
ECE20231309,Pratyush De,ECE,2,A,84.99,91.06,6.6,8,5,93.4,1.69
CIVIL20201310,Alexander Subramaniam,CIVIL,7,A,37.11,60.49,14.59,35,6,85.41,-0.13
CIVIL20211311,Ishanvi Sachar,CIVIL,5,B,54.08,85.18,13.08,13,5,86.92,-2.02
CSE20211312,Yatan Bahl,CSE,6,B,62.53,72.74,10.98,24,5,89.02,1.76
ECE20201313,Omaja Seth,ECE,8,C,94.5,93.35,3.72,5,5,96.28,-4.83
CSE20221314,Lakshmi Bera,CSE,4,C,71.25,61.22,7.37,34,6,92.63,-4.57
MECH20201315,Nihal Goda,MECH,7,C,56.14,75.36,12.02,22,5,87.98,0.72
ECE20221316,Chameli Rama,ECE,3,A,64.92,65.49,4.87,31,5,95.13,3.06
MECH20231317,Aarush Swaminathan,MECH,1,B,54.25,68.23,10.28,28,5,89.72,-4.64
CSE20221318,Nidhi Ganguly,CSE,4,A,32.95,52.88,8.74,42,5,91.26,3.9
ECE20231319,Ria Buch,ECE,1,C,31.49,37.06,12.46,56,5,87.54,-1.38
CIVIL20201320,Jeet Sani,CIVIL,7,A,54.66,70.75,11.2,26,6,88.8,2.09
ECE20231321,Hemangini Bahl,ECE,2,C,42.46,41.35,16.21,52,5,83.79,1.1
CIVIL20201322,Gaurangi Ram,CIVIL,8,B,54.78,64.68,8.29,31,5,91.71,4.18
CIVIL20201323,Krishna Pingle,CIVIL,8,C,71.92,71.99,10.98,25,5,89.02,-0.17
MECH20201324,Mugdha Prasad,MECH,7,B,80.77,86.6,6.22,12,5,93.78,4.13
MECH20201325,Lipika Gara,MECH,7,B,28.36,53.52,14.07,41,6,85.93,1.62
ECE20211326,Rushil Nagy,ECE,5,C,52.5,86.75,7.15,11,6,92.85,4.02
CIVIL20231327,Ekapad Bala,CIVIL,2,C,56.58,85.44,9.53,13,6,90.47,0.68
ECE20201328,Amaira Sandal,ECE,7,B,67.67,62.09,6.84,34,5,93.16,2.03
IT20221329,Nathaniel Bhatnagar,IT,3,A,58.81,81.94,6.35,16,5,93.65,-0.6
MECH20221330,Ayushman Bala,MECH,3,B,60.73,65.51,9.18,31,5,90.82,-1.98
CSE20231331,Upasna Mody,CSE,2,A,52.23,96.14,19.43,3,5,80.57,-0.87
CIVIL20201332,Luke Doshi,CIVIL,7,B,64.96,75.5,8.2,22,6,91.8,-2.33
ECE20221333,Zaitra Mitra,ECE,4,A,42.93,57.83,16.41,37,6,83.59,-0.94
MECH20211334,Bishakha Viswanathan,MECH,6,C,63.44,78.69,7.45,19,5,92.55,-4.19
CSE20231335,Pavani Chandran,CSE,1,A,65.44,64.33,10.82,32,5,89.18,-3.09
CIVIL20221336,Chandran Merchant,CIVIL,3,B,78.6,86.64,5.47,12,6,94.53,-3.62
ECE20231337,Upadhriti Ramachandran,ECE,1,C,59.62,74.09,14.23,23,5,85.77,4.34
ECE20201338,Anirudh Krish,ECE,8,C,46.42,42.91,8.9,51,6,91.1,-2.71
ECE20231339,Wakeeta Mishra,ECE,2,A,60.18,65.39,7.33,31,6,92.67,-3.92
ECE20221340,Nirja Mallick,ECE,3,B,34.28,63.84,6.34,32,5,93.66,2.73
IT20231341,Samarth Dewan,IT,2,C,67.64,79.86,14.1,18,6,85.9,0.52
CIVIL20201342,Yoshita Samra,CIVIL,7,C,70.52,63.04,7.26,33,5,92.74,-2.49
IT20221343,Jatin Deo,IT,4,A,93.41,99.5,2.78,0,6,97.22,1.94
ECE20221344,Indali Dalal,ECE,4,B,95.51,99.37,6.74,0,5,93.26,-2.17
CIVIL20211345,Yachana Loyal,CIVIL,6,B,36.43,50.33,18.98,44,5,81.02,3.39
CIVIL20211346,Faras Jani,CIVIL,5,A,97.89,93.9,6.31,5,5,93.69,-3.05
CIVIL20211347,Ganga Bumb,CIVIL,6,B,71.75,63.95,8.2,32,6,91.8,2.31
ECE20201348,Hemani Ravel,ECE,8,C,52.47,65.49,6.64,31,5,93.36,-2.1
CIVIL20231349,Ishwar Yogi,CIVIL,2,C,30.28,36.67,13.65,57,6,86.35,4.16
IT20221350,Sai Kapur,IT,4,B,71.26,89.42,13.72,9,6,86.28,1.53
MECH20221351,Gaurika Lad,MECH,3,C,50.42,63.69,9.25,32,5,90.75,0.22
ECE20221352,Wazir Guha,ECE,3,A,38.97,46.02,12.68,48,5,87.32,3.71
IT20231353,Hiral Golla,IT,1,A,62.97,76.41,10.14,21,6,89.86,1.12
IT20231354,Vrinda Sarna,IT,1,C,65.02,63.61,14.95,32,5,85.05,1.54
MECH20201355,Faqid Lad,MECH,8,B,61.5,63.47,10.5,32,5,89.5,1.23
ECE20231356,Omya Dara,ECE,2,A,51.63,80.62,6.0,17,5,94.0,-1.39
CSE20231357,Chavvi Sathe,CSE,2,B,78.03,98.13,5.33,1,6,94.67,-0.52
CIVIL20231358,Kamya Dass,CIVIL,2,B,70.59,87.56,14.94,11,5,85.06,-1.89
IT20211359,Dayamai Krishna,IT,6,B,72.6,85.96,11.26,12,5,88.74,-1.27
IT20201360,Abdul Barad,IT,7,C,67.16,70.0,5.24,26,6,94.76,-4.48
MECH20211361,Udant Kant,MECH,5,B,76.68,87.89,2.33,10,5,97.67,2.17
CSE20201362,Unnati Menon,CSE,7,B,25.11,50.47,11.14,44,6,88.86,-3.97
CSE20201363,Isaiah Ghosh,CSE,7,B,62.28,75.65,11.22,21,6,88.78,1.12
ECE20231364,Qadim Ravi,ECE,1,B,34.22,92.0,22.27,7,5,77.73,3.75
MECH20211365,Charita Loyal,MECH,5,B,38.22,53.81,18.88,41,5,81.12,-1.89
CSE20221366,Maya Badami,CSE,4,C,90.1,87.48,5.05,11,6,94.95,0.9
IT20211367,Urmi Ranganathan,IT,5,B,73.03,79.65,9.66,18,6,90.34,4.94
CSE20231368,Krish Golla,CSE,2,B,65.78,84.14,6.46,14,5,93.54,3.57
CSE20201369,Nikita Mand,CSE,7,A,93.96,86.73,12.52,11,6,87.48,-0.7
CIVIL20211370,Ishita Pillay,CIVIL,5,A,47.72,54.1,23.04,41,6,76.96,1.09
CSE20221371,Samar Krishnamurthy,CSE,4,A,51.21,79.19,10.9,18,5,89.1,-4.61
CSE20201372,Zaid Barman,CSE,7,A,53.05,80.71,12.3,17,5,87.7,-0.42
MECH20231373,Kritika Warrior,MECH,1,B,36.17,62.87,17.91,33,5,82.09,-3.18
MECH20231374,Chakrika Sahota,MECH,1,A,51.79,85.94,6.55,12,6,93.45,-3.93
CSE20221375,Charan Hora,CSE,3,A,56.52,69.03,12.69,27,6,87.31,-1.29
MECH20221376,William Kale,MECH,4,A,50.78,55.09,8.77,40,6,91.23,0.79
MECH20201377,Omaja Sahni,MECH,7,A,84.68,97.74,3.57,2,6,96.43,-4.51
MECH20221378,Oviya Viswanathan,MECH,3,C,56.38,87.78,7.52,10,6,92.48,3.23
CIVIL20201379,Nicholas Nadkarni,CIVIL,7,B,61.12,86.4,5.35,12,5,94.65,0.87
CIVIL20201380,Hardik Walla,CIVIL,8,B,63.29,64.04,20.09,32,6,79.91,-1.84
CSE20211381,Netra Cherian,CSE,5,C,79.11,89.56,2.2,9,6,97.8,-0.14
ECE20201382,Xiti Sawhney,ECE,8,B,58.15,65.66,14.39,30,5,85.61,2.64
IT20221383,Kavya Kamdar,IT,3,B,58.45,68.77,5.63,28,5,94.37,-4.92
MECH20211384,Gautami Arya,MECH,5,C,75.78,88.25,6.94,10,5,93.06,0.43
MECH20221385,Ishaan Raja,MECH,3,A,55.99,85.12,11.41,13,5,88.59,-4.17
MECH20201386,Avi Sinha,MECH,8,A,25.18,34.57,11.45,58,6,88.55,-0.38
ECE20201387,Bachittar Mishra,ECE,8,A,60.26,85.51,11.78,13,6,88.22,4.21
CIVIL20221388,Omkaar Mahajan,CIVIL,3,A,72.58,88.91,11.43,9,6,88.57,1.32
CSE20211389,Vivaan Kata,CSE,5,A,51.87,71.2,7.96,25,5,92.04,0.86
ECE20201390,Avi Jain,ECE,8,A,61.47,67.6,9.13,29,5,90.87,4.27
CIVIL20211391,Ojasvi Ganesh,CIVIL,6,C,23.12,40.57,5.46,53,5,94.54,3.19
CSE20221392,Kabir Venkataraman,CSE,3,B,76.03,89.93,4.54,9,5,95.46,-0.94
CIVIL20201393,Qasim Gill,CIVIL,7,B,21.86,79.55,7.77,18,6,92.23,-4.54
CIVIL20211394,Bahadurjit Rattan,CIVIL,6,C,33.46,43.88,9.16,50,5,90.84,2.91
IT20201395,Abeer Dugar,IT,8,B,43.52,35.08,19.47,58,6,80.53,-1.69
IT20221396,Dev Loyal,IT,4,B,79.76,95.3,3.69,4,5,96.31,-1.3
CIVIL20231397,Om Madan,CIVIL,2,C,85.73,94.39,3.49,5,5,96.51,3.06
ECE20221398,Chakradhar Bhattacharyya,ECE,3,A,60.57,69.28,14.39,27,5,85.61,-0.79
CIVIL20211399,Karan Sarma,CIVIL,5,A,96.16,91.3,3.7,7,5,96.3,3.96
IT20201400,Ridhi Batra,IT,8,A,28.84,35.81,5.88,57,5,94.12,-1.07
ECE20221401,Vedhika Keer,ECE,3,A,26.59,45.98,5.93,48,6,94.07,-0.34
CSE20201402,Sachi Halder,CSE,8,B,95.26,96.51,3.57,3,5,96.43,4.3
CIVIL20231403,Siddharth Sachar,CIVIL,2,B,74.36,72.21,7.27,25,6,92.73,1.41
CIVIL20231404,Atharv Parmar,CIVIL,2,A,69.68,83.39,6.52,14,5,93.48,-1.79
ECE20231405,Yochana Choudhury,ECE,1,B,96.18,93.41,6.41,5,6,93.59,4.93
CSE20211406,Kritika Sur,CSE,5,B,35.92,56.32,11.88,39,6,88.12,-0.07
CIVIL20211407,Mohini Wagle,CIVIL,5,A,74.44,81.7,10.39,16,5,89.61,0.65
MECH20201408,Bimala Kade,MECH,7,C,96.81,89.42,7.4,9,6,92.6,0.81
ECE20231409,Mugdha Bajwa,ECE,1,A,88.14,93.1,6.37,6,6,93.63,-1.61
IT20221410,Nilima Raja,IT,3,C,47.98,37.36,14.19,56,6,85.81,1.51
CSE20201411,Chaitanya Chaudhary,CSE,8,A,88.29,93.37,4.79,5,5,95.21,-3.35
ECE20211412,Vedika Rattan,ECE,5,A,52.7,75.78,14.24,21,5,85.76,-3.57
MECH20221413,Kritika Baria,MECH,3,A,93.75,93.84,4.3,5,6,95.7,-2.95
CIVIL20231414,Warinder Khosla,CIVIL,2,C,88.63,98.02,21.5,1,5,78.5,0.85
IT20201415,Anamika Chakraborty,IT,8,C,78.86,61.02,11.8,35,5,88.2,-3.02
ECE20221416,Anya Mistry,ECE,3,C,30.27,41.18,11.07,52,6,88.93,-0.35
CIVIL20201417,Ira Kala,CIVIL,7,A,62.77,69.86,7.18,27,6,92.82,-0.38
CIVIL20201418,Vyanjana Sarkar,CIVIL,8,B,93.59,88.27,7.41,10,6,92.59,0.86
CSE20201419,Anthony Nagy,CSE,8,B,43.28,56.85,5.95,38,5,94.05,-4.08
ECE20231420,Samaksh Sastry,ECE,2,C,72.87,82.53,8.78,15,5,91.22,-1.72
MECH20211421,Nandini Pal,MECH,6,B,50.99,73.35,8.27,23,6,91.73,0.06
CIVIL20231422,David Ghosh,CIVIL,2,B,70.71,74.64,11.14,22,6,88.86,-0.31
CSE20201423,Ekaja Wagle,CSE,7,C,21.84,63.98,12.47,32,6,87.53,2.67
CIVIL20231424,Rohan Tata,CIVIL,1,B,73.99,82.67,7.83,15,6,92.17,-3.31
CIVIL20211425,Chaman Sama,CIVIL,6,A,62.87,79.52,11.97,18,6,88.03,3.08
MECH20211426,Harita Guha,MECH,6,C,70.26,66.35,11.76,30,6,88.24,-4.91
CIVIL20211427,Ranbir Puri,CIVIL,5,C,65.72,83.79,8.77,14,6,91.23,3.73
CIVIL20211428,Gabriel Dada,CIVIL,6,C,28.15,61.75,18.01,34,5,81.99,-3.79
ECE20231429,Naksh Gopal,ECE,1,B,61.38,77.03,9.77,20,6,90.23,4.08
MECH20221430,Udarsh Hari,MECH,3,B,73.53,71.96,10.41,25,5,89.59,-2.17
CIVIL20221431,Ekaraj Uppal,CIVIL,3,C,67.33,82.12,18.88,16,5,81.12,-2.61
CIVIL20201432,Devansh Prakash,CIVIL,8,C,34.62,45.44,9.21,49,5,90.79,2.84
CIVIL20231433,Isaac Walla,CIVIL,2,C,59.29,63.74,6.42,32,6,93.58,3.56
CIVIL20201434,William Sura,CIVIL,8,C,63.62,81.9,6.67,16,5,93.33,3.69
CSE20231435,Zilmil Bir,CSE,1,A,73.27,89.18,6.78,9,6,93.22,2.34
IT20201436,Yachana Narain,IT,7,B,22.7,49.38,19.49,45,6,80.51,-1.89
CIVIL20221437,Yashoda Dar,CIVIL,3,B,58.07,67.91,5.73,28,5,94.27,-2.8
IT20201438,Ishwar Ram,IT,7,A,94.63,87.72,2.31,11,5,97.69,-2.73
ECE20201439,Aashi Malhotra,ECE,7,A,32.47,65.34,12.7,31,5,87.3,-0.41
CSE20221440,Saumya Saini,CSE,4,B,43.81,49.16,9.66,45,5,90.34,1.16
ECE20201441,Yatan Mallick,ECE,7,C,71.85,80.44,12.36,17,5,87.64,1.28
CIVIL20201442,Mason Naidu,CIVIL,8,A,54.87,66.61,10.87,30,6,89.13,-0.6
IT20201443,Edhitha Purohit,IT,7,A,53.16,79.92,11.57,18,6,88.43,3.5
IT20221444,Siddharth Goel,IT,3,C,57.2,87.65,5.84,11,6,94.16,3.06
IT20231445,Isaiah Khare,IT,1,C,72.29,87.57,12.26,11,5,87.74,-1.07
CIVIL20221446,Yoshita Raj,CIVIL,3,B,20.7,64.83,19.56,31,6,80.44,-4.67
ECE20211447,Chameli Rattan,ECE,5,C,79.15,87.52,7.71,11,5,92.29,-1.14
MECH20231448,Jonathan Acharya,MECH,1,B,44.69,55.93,5.41,39,6,94.59,3.61
ECE20201449,Amaira Dhingra,ECE,7,C,53.69,62.19,14.31,34,5,85.69,-3.83
CIVIL20231450,Neel Amble,CIVIL,2,C,97.4,85.48,3.67,13,5,96.33,1.54
MECH20221451,Triya Viswanathan,MECH,3,A,52.41,71.15,10.82,25,6,89.18,4.77
MECH20231452,Raghav Saran,MECH,2,C,54.34,77.43,8.72,20,6,91.28,-3.2
CIVIL20221453,Leela Vohra,CIVIL,4,A,50.96,86.36,13.47,12,6,86.53,-2.74
MECH20211454,Divya Agarwal,MECH,5,C,63.36,60.0,5.91,35,5,94.09,1.54
MECH20201455,Advay Shroff,MECH,8,C,79.6,85.86,3.73,12,6,96.27,4.06
MECH20221456,Warjas Sengupta,MECH,3,B,56.66,64.99,6.25,31,6,93.75,-0.2
CSE20211457,Bhavini Devi,CSE,5,C,50.28,78.51,14.92,19,6,85.08,2.51
IT20221458,Sai Khalsa,IT,3,B,38.98,56.0,10.16,39,5,89.84,-4.96
MECH20231459,Ati Wali,MECH,2,A,80.61,87.97,2.67,10,5,97.33,4.37
IT20211460,Amrita Wagle,IT,6,C,20.63,57.89,11.19,37,6,88.81,0.48
ECE20231461,Ridhi Ramaswamy,ECE,1,B,72.35,68.86,12.67,28,6,87.33,0.9
CIVIL20211462,Jack Zachariah,CIVIL,5,A,55.61,70.27,6.33,26,6,93.67,-0.8
CIVIL20211463,Eshana Naik,CIVIL,5,B,58.11,61.14,7.89,34,5,92.11,-4.9
IT20201464,Hemani Mital,IT,7,A,53.79,79.24,11.63,18,6,88.37,0.92
CSE20231465,Yadavi Sangha,CSE,2,B,97.55,94.82,2.04,4,6,97.96,4.94
ECE20221466,Samuel Boase,ECE,4,B,72.28,74.2,5.18,23,5,94.82,2.07
ECE20211467,Owen Soman,ECE,5,A,92.03,93.74,7.72,5,6,92.28,-1.06
IT20211468,Manan Cherian,IT,6,C,26.25,49.85,4.39,45,5,95.61,-2.5
CIVIL20201469,Aryan Kanda,CIVIL,8,B,41.17,59.95,13.92,36,6,86.08,2.03
CIVIL20201470,Zayan Tiwari,CIVIL,7,C,64.5,65.53,6.85,31,5,93.15,2.85
ECE20201471,Upasna Chahal,ECE,7,C,23.53,92.6,15.08,6,5,84.92,0.58
MECH20201472,Guneet Bobal,MECH,7,B,97.78,86.16,5.59,12,5,94.41,1.35
CIVIL20211473,Upasna Modi,CIVIL,6,C,58.38,84.73,5.65,13,5,94.35,-1.95
CIVIL20211474,Advika Sane,CIVIL,5,A,92.09,98.88,5.1,1,5,94.9,0.33
CSE20201475,Bhavini Chaudry,CSE,8,A,90.14,97.09,7.78,2,6,92.22,-4.23
CIVIL20211476,Max Tak,CIVIL,6,A,26.41,71.18,3.72,25,6,96.28,-1.68
CSE20211477,Neha Baria,CSE,5,C,70.83,75.94,10.1,21,5,89.9,-1.46
MECH20221478,Anusha Bobal,MECH,3,A,62.59,68.45,12.87,28,5,87.13,-1.18
ECE20211479,Thomas Tailor,ECE,6,C,58.66,84.69,10.55,13,5,89.45,-1.09
MECH20221480,Hema Johal,MECH,3,B,63.53,61.62,11.11,34,5,88.89,-1.41
ECE20221481,Aarna Bahri,ECE,3,A,64.3,63.77,12.52,32,6,87.48,3.06
MECH20211482,Panini Manne,MECH,5,A,54.17,61.72,9.21,34,5,90.79,-4.43
CSE20201483,Ishanvi Vala,CSE,7,B,26.17,76.19,10.31,21,5,89.69,-2.54
ECE20221484,Dayita Chaudhari,ECE,3,B,60.43,77.49,13.33,20,5,86.67,-4.5
CSE20221485,Wazir Tella,CSE,4,C,54.35,61.79,7.09,34,5,92.91,0.43
IT20201486,Samaksh Goda,IT,8,C,57.52,63.14,10.78,33,5,89.22,-0.36
IT20211487,Libni Radhakrishnan,IT,6,B,90.64,98.74,2.61,1,5,97.39,2.37
ECE20231488,Rehaan Agrawal,ECE,1,A,56.62,81.2,7.22,16,5,92.78,-3.83
CIVIL20211489,Rishi Jhaveri,CIVIL,5,C,79.96,45.52,9.39,49,6,90.61,3.74
ECE20201490,Vrishti Narain,ECE,8,C,66.14,97.76,17.56,2,6,82.44,1.86
ECE20221491,Lekha Saxena,ECE,4,C,20.02,39.79,18.74,54,5,81.26,1.07
CSE20231492,Ekbal Date,CSE,1,C,55.42,84.91,8.13,13,6,91.87,0.6
CIVIL20211493,Ladli Naik,CIVIL,6,B,86.01,97.71,2.96,2,6,97.04,1.68
ECE20211494,Nirja Shah,ECE,5,C,75.58,93.79,4.96,5,6,95.04,-2.47
IT20211495,Abha Peri,IT,5,B,55.34,80.39,12.56,17,6,87.44,4.42
ECE20231496,Simon Sharma,ECE,2,B,40.98,33.27,18.97,60,5,81.03,0.81
MECH20211497,Ijaya Ravel,MECH,6,C,60.28,83.68,11.69,14,6,88.31,-3.1
CSE20201498,Reva Dutt,CSE,7,B,34.99,54.85,13.4,40,5,86.6,2.22
CIVIL20211499,Nitesh Kakar,CIVIL,6,C,40.29,53.72,11.61,41,5,88.39,4.86
CSE20201500,Adweta Chowdhury,CSE,7,A,83.91,99.31,5.7,0,6,94.3,4.88
IT20221501,Ishita Dani,IT,3,B,76.69,88.46,5.05,10,5,94.95,1.28
ECE20231502,Netra Anand,ECE,2,C,91.72,85.46,7.77,13,6,92.23,3.46
IT20201503,Matthew Thakkar,IT,8,C,63.93,88.24,13.8,10,6,86.2,-1.04
IT20201504,Om Dutt,IT,7,C,34.69,32.94,13.27,60,5,86.73,4.48
IT20211505,Kai Ghose,IT,6,C,83.6,95.36,4.69,4,6,95.31,-2.74
MECH20201506,Triya Narayan,MECH,8,B,53.43,82.95,8.65,15,5,91.35,-4.58
ECE20201507,Vihaan Gara,ECE,7,A,50.16,77.36,9.24,20,6,90.76,3.23
IT20221508,Vrishti Balakrishnan,IT,3,B,51.03,61.86,9.48,34,5,90.52,1.64
MECH20231509,Pallavi Bose,MECH,2,C,90.4,80.35,5.7,17,5,94.3,-4.9
ECE20201510,Zilmil Gola,ECE,7,A,80.63,99.67,7.84,0,6,92.16,3.96
CSE20231511,Sachi Borde,CSE,1,A,73.45,70.53,11.27,26,6,88.73,-3.81
IT20201512,Falan Batta,IT,8,A,53.19,84.8,9.59,13,5,90.41,-2.83
MECH20231513,Anvi Tiwari,MECH,2,A,69.8,61.15,12.07,34,5,87.93,1.28
MECH20221514,Chavvi Saraf,MECH,4,B,49.64,55.21,15.79,40,6,84.21,0.6
CSE20201515,Sanaya Das,CSE,8,A,52.62,62.22,10.42,34,5,89.58,0.03
CIVIL20231516,Wriddhish Maharaj,CIVIL,1,C,73.01,77.83,11.98,19,6,88.02,4.8
IT20221517,Janya Chahal,IT,4,B,84.63,98.61,4.85,1,6,95.15,-4.47
CIVIL20211518,Chaman Gokhale,CIVIL,6,C,56.28,79.45,11.07,18,6,88.93,2.96
ECE20221519,Lekha Natarajan,ECE,4,A,40.86,61.86,10.34,34,5,89.66,-2.56
CIVIL20211520,Xiti Buch,CIVIL,6,A,57.56,68.3,6.75,28,6,93.25,-2.55
MECH20201521,Yashica Purohit,MECH,8,A,24.84,30.34,16.06,62,6,83.94,4.17
IT20211522,Vidhi Dhar,IT,6,C,56.31,73.92,11.93,23,5,88.07,2.57
CIVIL20221523,Anamika Parikh,CIVIL,4,C,66.35,70.69,8.49,26,6,91.51,-3.25
CSE20211524,Gayathri Doshi,CSE,6,A,70.55,60.04,10.33,35,5,89.67,2.97
ECE20201525,Aishani Kata,ECE,8,A,65.35,87.0,9.3,11,6,90.7,-3.68
CSE20231526,Wakeeta Gaba,CSE,1,A,72.43,83.95,10.54,14,5,89.46,-3.76
CSE20221527,Samarth Zachariah,CSE,3,C,63.14,79.21,12.78,18,5,87.22,-1.67
MECH20221528,Chaaya Bedi,MECH,4,A,93.12,96.06,7.77,3,5,92.23,0.57
CIVIL20201529,Chavvi Butala,CIVIL,7,B,57.69,78.4,6.27,19,5,93.73,-2.94
CIVIL20211530,Aayush Pillay,CIVIL,5,A,29.7,54.73,6.81,40,6,93.19,0.76
CIVIL20211531,Devansh Sehgal,CIVIL,6,B,55.57,81.11,13.24,16,6,86.76,2.37
ECE20211532,Jacob Sengupta,ECE,5,A,47.39,62.27,7.29,33,6,92.71,1.91
CSE20201533,Vinaya Bandi,CSE,8,B,25.92,57.5,10.52,38,6,89.48,1.95
CIVIL20221534,Ekantika Khurana,CIVIL,3,C,81.1,89.95,2.49,9,6,97.51,-3.82
CSE20231535,Ekapad Patil,CSE,1,B,68.75,64.24,6.52,32,6,93.48,-4.94
CIVIL20201536,Yamini Lanka,CIVIL,8,A,78.09,91.2,4.65,7,5,95.35,0.2
IT20201537,Dominic Cherian,IT,7,C,60.12,62.04,11.66,34,5,88.34,1.31
IT20231538,Harita Grewal,IT,1,A,63.18,81.39,13.12,16,5,86.88,-4.11
IT20221539,Ubika Singhal,IT,4,B,50.93,75.53,11.22,22,6,88.78,-1.45
MECH20221540,Kamya Buch,MECH,3,B,44.6,60.24,7.41,35,5,92.59,3.14
IT20231541,Chandran Ganesh,IT,2,C,94.49,56.3,5.64,39,6,94.36,-2.49
CIVIL20231542,Waida Pau,CIVIL,2,A,75.88,94.9,4.39,4,5,95.61,1.48
MECH20211543,Vanya Wadhwa,MECH,5,B,72.32,61.19,11.13,34,6,88.87,0.39
CSE20211544,Falguni Saha,CSE,6,B,60.08,84.39,14.97,14,5,85.03,4.48
CSE20231545,Vasatika Dugal,CSE,1,B,53.15,63.53,13.88,32,5,86.12,-4.45
MECH20221546,Gunbir Jani,MECH,3,C,67.49,65.55,12.66,31,5,87.34,4.19
ECE20231547,Yatin Subramaniam,ECE,1,A,67.85,87.12,8.72,11,6,91.28,3.65
CIVIL20221548,Qabil Jaggi,CIVIL,4,A,28.81,42.39,17.62,51,6,82.38,3.28
IT20201549,Ira Bhandari,IT,8,A,35.3,62.23,12.26,33,6,87.74,-3.41
IT20201550,Qarin Reddy,IT,8,B,20.89,61.05,19.56,35,6,80.44,0.8
IT20201551,Advika Sachar,IT,8,B,71.54,80.37,8.13,17,6,91.87,3.6
CIVIL20201552,Vihaan Chander,CIVIL,8,A,73.61,75.1,9.32,22,5,90.68,1.39
MECH20211553,Umang Natt,MECH,5,B,78.17,91.65,6.73,7,5,93.27,-4.71
CSE20201554,Harita Bawa,CSE,7,C,79.58,98.29,3.13,1,5,96.87,-1.12
ECE20231555,Qadim Raju,ECE,2,A,60.57,85.21,6.04,13,5,93.96,-1.53
ECE20211556,Eta Kanda,ECE,6,B,26.0,33.54,6.27,59,5,93.73,-3.6
CIVIL20211557,William Bail,CIVIL,6,A,91.17,94.19,5.45,5,6,94.55,0.3
ECE20201558,Balhaar Dugar,ECE,7,C,56.68,83.27,6.05,15,6,93.95,-3.72
IT20211559,Kai Chakrabarti,IT,5,C,54.4,82.51,14.29,15,5,85.71,-2.18
IT20221560,Radha Prashad,IT,4,A,83.09,99.61,2.14,0,5,97.86,5.0
CSE20221561,Ira Morar,CSE,4,A,95.81,98.54,7.14,1,5,92.86,-1.75
MECH20221562,Adweta Nagarajan,MECH,3,A,58.4,81.57,6.61,16,5,93.39,4.83
MECH20221563,Falguni Dada,MECH,4,A,48.85,51.19,17.73,43,6,82.27,2.27
ECE20201564,Isha Khatri,ECE,8,A,52.77,71.3,7.27,25,6,92.73,-4.47
CSE20201565,Nathan Bandi,CSE,8,A,50.64,85.27,14.56,13,6,85.44,-3.22
CSE20201566,Xavier Chad,CSE,8,C,94.87,94.02,6.45,5,6,93.55,3.47
CSE20231567,Januja Varty,CSE,2,C,71.71,69.22,13.32,27,5,86.68,0.0
CIVIL20201568,Chatresh Yadav,CIVIL,8,A,76.29,86.12,6.09,12,6,93.91,4.78
CSE20211569,Yatan Sha,CSE,5,C,56.92,86.13,6.19,12,5,93.81,4.93
CSE20201570,Yash Chokshi,CSE,8,A,69.81,84.38,5.39,14,6,94.61,4.23
CSE20221571,Bhavani Gokhale,CSE,4,A,83.84,97.54,2.23,2,5,97.77,-2.98
CIVIL20231572,Samuel Bora,CIVIL,2,C,82.33,85.21,3.86,13,5,96.14,0.78
IT20211573,Kalpit Agate,IT,5,C,53.19,86.03,7.19,12,6,92.81,-2.4
ECE20201574,Ayushman Tripathi,ECE,8,C,32.26,44.85,12.02,49,5,87.98,-2.86
ECE20201575,Anjali Memon,ECE,7,A,60.93,79.23,10.9,18,5,89.1,0.83
IT20231576,Ijaya Dora,IT,1,C,63.24,68.13,9.58,28,5,90.42,-2.21
ECE20211577,Liam Nayar,ECE,6,A,40.12,58.7,19.72,37,5,80.28,-2.96
ECE20221578,Yuvraj Sastry,ECE,4,C,67.7,61.1,13.52,35,6,86.48,-3.62
ECE20221579,Kashish Sridhar,ECE,4,A,74.88,68.68,11.65,28,6,88.35,4.2
MECH20231580,Hiral Parsa,MECH,1,C,81.74,92.45,7.01,6,5,92.99,2.37
CIVIL20201581,Chanchal Dara,CIVIL,8,B,38.87,38.02,11.69,55,5,88.31,-3.44
CSE20211582,Nathan Shetty,CSE,5,B,97.0,87.18,2.37,11,6,97.63,-4.87
MECH20201583,Viraj Kara,MECH,8,C,41.94,54.59,19.07,40,5,80.93,-1.76
MECH20211584,Samaksh Acharya,MECH,6,A,83.91,86.8,6.57,11,5,93.43,-3.75
IT20211585,Vedant Murty,IT,5,C,95.97,98.46,6.9,1,6,93.1,3.8
CIVIL20221586,Vedhika Walia,CIVIL,4,A,44.5,44.6,11.8,49,6,88.2,-1.08
ECE20211587,Rehaan Chaudhry,ECE,6,B,97.59,92.31,3.33,6,6,96.67,-3.78
ECE20211588,Advaith Wason,ECE,5,A,31.12,49.75,16.36,45,6,83.64,-4.0
CIVIL20231589,Kai Oommen,CIVIL,2,B,62.96,89.46,13.49,9,5,86.51,3.42
CIVIL20221590,Qasim Bhasin,CIVIL,4,B,29.3,45.07,8.03,49,6,91.97,4.81
ECE20201591,Samesh Chadha,ECE,7,B,70.76,84.34,12.92,14,6,87.08,-3.75
ECE20201592,Nicholas Wali,ECE,7,C,72.62,87.49,10.67,11,6,89.33,0.56
MECH20211593,Bhavini Taneja,MECH,6,B,75.72,85.11,4.5,13,5,95.5,0.8
ECE20211594,Daksha Thaman,ECE,6,C,63.22,64.83,5.63,31,5,94.37,-1.57
ECE20211595,Priya Raval,ECE,6,A,51.65,77.59,4.2,20,6,95.8,-0.49
MECH20211596,Nidra Khare,MECH,5,A,59.1,72.94,13.11,24,6,86.89,-2.69
CSE20211597,Gaurang Prashad,CSE,5,C,33.75,86.64,6.61,12,6,93.39,4.61
MECH20221598,Tara Mohanty,MECH,3,C,20.57,63.37,9.84,32,5,90.16,0.09
CSE20231599,Yochana Suresh,CSE,2,A,68.22,54.43,16.69,41,5,83.31,3.02
CIVIL20221600,Ayush Chaudry,CIVIL,4,C,62.4,64.26,6.64,32,6,93.36,-0.69
MECH20201601,Wazir Thaman,MECH,8,B,69.82,81.26,11.21,16,6,88.79,-3.85
CSE20201602,Chatura Edwin,CSE,7,A,56.27,78.65,13.12,19,6,86.88,4.14
MECH20201603,Libni Gupta,MECH,8,A,74.31,79.97,14.29,18,5,85.71,-2.82
CIVIL20211604,Chavvi Padmanabhan,CIVIL,5,B,65.75,77.24,10.08,20,6,89.92,2.39
CIVIL20211605,Rishi Dave,CIVIL,5,A,50.06,64.78,8.41,31,5,91.59,-4.8
ECE20201606,Joshua Devan,ECE,8,B,31.61,32.23,8.26,60,5,91.74,0.06
CIVIL20201607,Osha Dey,CIVIL,8,C,87.82,88.98,6.74,9,6,93.26,-1.32
IT20201608,Falan Brahmbhatt,IT,8,C,87.46,95.68,2.61,3,6,97.39,-0.31
IT20211609,Reva Narayan,IT,5,C,70.3,79.53,9.47,18,6,90.53,1.61
CSE20231610,Ladli Pradhan,CSE,2,C,29.88,41.47,10.58,52,5,89.42,1.36
CIVIL20211611,Vaishnavi Dua,CIVIL,5,B,67.62,78.65,5.45,19,5,94.55,4.35
IT20201612,Mitali Narayan,IT,7,A,59.1,74.56,10.33,22,5,89.67,3.27
CSE20211613,Tristan Sagar,CSE,5,C,47.56,59.78,13.2,36,5,86.8,0.61
MECH20221614,Unnati Sinha,MECH,3,B,75.52,96.66,7.02,3,6,92.98,0.05
CSE20211615,Ekaraj Rai,CSE,6,A,50.46,73.79,14.44,23,6,85.56,-0.01
IT20211616,Samarth Manne,IT,5,B,80.1,95.64,7.64,3,6,92.36,2.74
CIVIL20201617,Manya Nath,CIVIL,7,A,60.66,65.82,12.07,30,5,87.93,-3.45
MECH20221618,Chaman Tank,MECH,3,A,30.85,43.84,18.0,50,6,82.0,-4.66
MECH20231619,Chakradhar Balay,MECH,1,A,81.72,91.22,6.74,7,6,93.26,4.62
CSE20211620,Triveni Banerjee,CSE,6,B,66.74,76.61,5.23,21,6,94.77,4.78
MECH20231621,Dakshesh Agarwal,MECH,2,C,64.97,71.6,8.37,25,5,91.63,4.98
CIVIL20211622,Falak Acharya,CIVIL,5,B,87.96,94.98,4.17,4,5,95.83,2.96
IT20231623,Nathaniel Bhatia,IT,2,A,64.02,71.19,12.79,25,5,87.21,-3.42
CSE20201624,Nilima Kant,CSE,8,A,41.91,57.92,12.75,37,5,87.25,-1.88
CSE20211625,Om Sharma,CSE,6,C,35.25,59.36,7.72,36,6,92.28,1.45
CIVIL20221626,Shaurya Deep,CIVIL,4,A,37.02,45.78,11.55,48,6,88.45,4.28
IT20221627,Nilima Lanka,IT,3,C,87.9,90.71,6.85,8,5,93.15,-0.38
CSE20201628,Rachit Mistry,CSE,7,A,96.36,93.51,3.88,5,5,96.12,-0.46
CIVIL20221629,Jalsa Kakar,CIVIL,4,C,53.48,77.2,12.71,20,6,87.29,-2.29
IT20221630,Frado Dewan,IT,4,C,55.91,70.34,6.54,26,6,93.46,-1.82
ECE20201631,Advik Rastogi,ECE,8,B,82.82,94.56,7.92,4,6,92.08,-2.27
CSE20201632,Chandran Lalla,CSE,7,B,35.84,46.53,14.26,48,6,85.74,4.94
CSE20211633,Isha Menon,CSE,6,A,61.88,60.28,7.81,35,5,92.19,-1.31
CIVIL20231634,Lekha Devan,CIVIL,2,B,41.94,53.51,7.32,41,5,92.68,1.17
IT20201635,Harita Prakash,IT,7,A,91.36,91.89,2.1,7,6,97.9,4.5
MECH20211636,Darpan Palan,MECH,5,B,80.01,88.5,5.41,10,6,94.59,-2.67
CIVIL20201637,Charvi Kala,CIVIL,8,B,61.11,61.27,13.5,34,5,86.5,2.36
MECH20221638,Wridesh Ramakrishnan,MECH,4,C,25.71,35.0,15.05,58,5,84.95,4.85
CSE20201639,Aadhya Sawhney,CSE,8,B,85.81,93.48,6.17,5,5,93.83,-1.99
IT20231640,Damyanti Master,IT,1,B,32.3,37.6,7.88,56,6,92.12,2.61
CIVIL20231641,Samuel Shetty,CIVIL,1,C,81.39,95.49,3.74,4,5,96.26,-3.12
CIVIL20221642,Darika Mammen,CIVIL,3,B,77.19,98.2,4.97,1,5,95.03,-4.21
CIVIL20231643,Harish Prasad,CIVIL,1,A,66.67,82.52,9.78,15,5,90.22,2.8
MECH20201644,Bishakha Pillai,MECH,7,B,62.46,85.66,9.92,12,5,90.08,2.84
ECE20231645,Oliver Dua,ECE,2,C,59.59,63.36,8.21,32,6,91.79,-1.33
ECE20201646,Ubika Dar,ECE,8,C,34.74,71.23,15.69,25,5,84.31,4.17
CSE20211647,Damini Hora,CSE,5,A,95.79,86.95,2.77,11,6,97.23,-1.94
CSE20221648,Maanas Pathak,CSE,3,A,65.91,70.64,14.85,26,6,85.15,-2.09
MECH20201649,Omisha Tak,MECH,8,A,59.55,42.46,8.48,51,5,91.52,4.63
CIVIL20231650,Ranbir Bandi,CIVIL,1,C,33.66,58.51,12.18,37,5,87.82,-1.06
ECE20221651,Urvashi Sunder,ECE,4,C,59.37,88.26,13.51,10,6,86.49,1.63
CIVIL20211652,Ladli Gala,CIVIL,5,A,57.0,74.02,14.95,23,5,85.05,3.38
MECH20221653,Chakradhar Choudhury,MECH,4,C,48.11,57.38,14.81,38,6,85.19,2.41
MECH20231654,Warhi Kamdar,MECH,1,B,64.53,89.59,11.51,9,6,88.49,-0.77
MECH20201655,Faraj Reddy,MECH,7,A,65.39,61.93,7.56,34,5,92.44,-4.01
CSE20201656,Chatresh Arya,CSE,7,A,24.97,47.36,12.42,47,6,87.58,0.16
ECE20231657,Sai Kara,ECE,1,B,62.65,81.41,11.94,16,5,88.06,-4.52
ECE20231658,Rajeshri Grover,ECE,1,A,67.79,65.47,13.23,31,6,86.77,2.09
CIVIL20211659,Ishita Raju,CIVIL,6,A,69.71,61.48,10.3,34,5,89.7,1.32
CIVIL20231660,Gaurang Srivastava,CIVIL,1,A,24.41,36.0,9.4,57,6,90.6,-2.25
CIVIL20231661,Hitesh Chawla,CIVIL,1,A,21.51,57.19,6.21,38,5,93.79,0.58
CIVIL20201662,Naksh Mody,CIVIL,8,C,36.04,59.24,7.83,36,5,92.17,-3.36
CSE20221663,Manbir Venkataraman,CSE,4,B,35.91,61.05,15.0,35,5,85.0,1.37
ECE20221664,Falak Joshi,ECE,3,B,64.29,74.68,9.03,22,6,90.97,-2.09
CSE20201665,Peter Kadakia,CSE,7,C,47.3,85.57,23.24,12,5,76.76,0.19
IT20211666,Ishita Walla,IT,5,A,46.43,60.06,6.65,35,6,93.35,2.37
ECE20221667,Meera Misra,ECE,4,B,31.62,32.7,11.81,60,6,88.19,2.51
MECH20201668,Anamika Venkataraman,MECH,7,A,71.28,81.42,9.0,16,5,91.0,-0.42
ECE20211669,Victor Kibe,ECE,6,B,67.79,42.45,12.0,51,5,88.0,-2.63
CIVIL20231670,Yashasvi Kaur,CIVIL,2,C,56.38,67.8,13.24,28,6,86.76,2.29
ECE20221671,Omkaar Sood,ECE,4,C,90.88,89.36,4.76,9,6,95.24,-2.61
IT20201672,Abdul Chaudhry,IT,7,B,84.94,91.81,7.76,7,6,92.24,0.7
MECH20201673,Tarak Borah,MECH,7,B,36.82,58.4,11.2,37,6,88.8,-3.26
CIVIL20221674,Shravya Sangha,CIVIL,4,B,36.65,49.6,16.25,45,5,83.75,3.19
CSE20221675,Lipika Kanda,CSE,4,A,33.95,30.58,6.11,62,6,93.89,4.04
IT20231676,Manbir Palla,IT,1,A,75.21,99.45,23.02,0,5,76.98,1.27
IT20211677,Dakshesh Savant,IT,6,A,58.12,86.44,14.34,12,6,85.66,-4.8
ECE20201678,Aashi Radhakrishnan,ECE,7,B,30.48,45.77,7.56,48,5,92.44,4.43
MECH20201679,Neha Chada,MECH,8,B,41.88,36.82,19.44,56,5,80.56,-2.4
CSE20231680,Dayita Hegde,CSE,2,B,35.74,60.54,22.56,35,5,77.44,-1.49
CSE20221681,Sai Chakraborty,CSE,4,B,74.1,81.69,12.87,16,5,87.13,4.05
ECE20221682,Madhav Yadav,ECE,3,B,55.73,86.3,14.72,12,6,85.28,-2.13
IT20201683,Jagvi Maharaj,IT,7,A,60.54,52.29,21.37,42,5,78.63,2.58
IT20201684,Michael Balasubramanian,IT,8,A,33.85,44.99,18.48,49,5,81.52,0.69
CSE20201685,Lajita Palla,CSE,8,B,46.33,46.43,16.69,48,6,83.31,-0.51
CIVIL20231686,Chandani Char,CIVIL,2,B,57.87,88.32,8.87,10,5,91.13,4.09
MECH20201687,Damini Kapoor,MECH,7,B,61.81,83.7,9.55,14,5,90.45,4.04
IT20231688,Sarthak Bath,IT,2,A,68.15,64.01,8.07,32,6,91.93,-1.5
CIVIL20221689,Rushil Batra,CIVIL,3,C,73.16,88.02,10.53,10,6,89.47,3.22
IT20201690,Radhika Shan,IT,7,C,72.97,66.42,8.06,30,5,91.94,0.29
ECE20201691,Jai Deshmukh,ECE,7,C,78.5,99.26,7.01,0,6,92.99,4.47
MECH20201692,Damyanti Panchal,MECH,8,C,53.15,69.12,11.69,27,6,88.31,-0.86
MECH20201693,Nimrat Ratta,MECH,7,B,96.22,86.97,2.23,11,6,97.77,-1.25
CSE20211694,Veda Morar,CSE,6,A,83.51,96.21,7.0,3,6,93.0,-0.72
CSE20221695,Anjali Balasubramanian,CSE,4,C,51.9,71.24,7.01,25,5,92.99,4.04
IT20201696,Ekaraj Loyal,IT,8,A,61.15,80.22,9.81,17,5,90.19,-1.11
CSE20201697,Ryan Johal,CSE,7,B,59.36,77.39,9.4,20,5,90.6,4.11
IT20211698,Hritik Chadha,IT,6,B,81.69,91.53,3.96,7,6,96.04,-3.46
CIVIL20201699,Eshana Soman,CIVIL,7,C,72.65,61.61,14.19,34,5,85.81,1.97
CSE20211700,Nikita Rajan,CSE,6,C,72.35,72.65,13.47,24,6,86.53,3.04
CIVIL20231701,Frado Raj,CIVIL,1,B,75.8,97.31,4.65,2,6,95.35,4.55
CSE20221702,Hritik Upadhyay,CSE,4,A,65.62,84.65,7.14,13,5,92.86,-2.65
ECE20231703,Jeet Chawla,ECE,1,A,84.8,90.88,4.36,8,5,95.64,3.82
CIVIL20221704,Ojas Hegde,CIVIL,3,A,64.54,60.5,9.83,35,5,90.17,-2.85
ECE20231705,Januja Raman,ECE,2,C,56.49,67.74,13.1,29,6,86.9,-4.32
MECH20231706,Darika Gupta,MECH,2,B,86.8,85.26,4.45,13,6,95.55,-2.27
CIVIL20201707,Indrajit Mohanty,CIVIL,8,A,90.68,89.28,4.72,9,6,95.28,-0.42
IT20201708,Zansi Bhalla,IT,8,B,73.74,73.4,13.58,23,5,86.42,4.81
CSE20211709,Jalsa Sane,CSE,5,B,66.88,80.04,9.9,17,5,90.1,-1.99
IT20221710,Aditya Bedi,IT,4,A,59.2,82.44,7.51,15,6,92.49,-2.52
ECE20211711,Deepa Chatterjee,ECE,5,A,74.52,73.24,10.12,24,6,89.88,-0.95
MECH20211712,Manan Sur,MECH,6,C,57.51,71.22,9.17,25,6,90.83,-3.03
IT20211713,Vamakshi Roy,IT,6,C,42.28,30.82,6.24,62,6,93.76,-1.4
ECE20231714,Yashica Bhasin,ECE,2,A,64.18,71.39,11.38,25,6,88.62,4.46
CSE20221715,Yauvani Sant,CSE,3,C,61.89,79.0,5.38,18,5,94.62,3.92
MECH20201716,Bakhshi Ramaswamy,MECH,8,C,51.7,73.26,6.04,24,6,93.96,3.15
ECE20221717,Balendra Pathak,ECE,3,B,71.85,61.34,14.95,34,6,85.05,3.94
IT20221718,Thomas Sachar,IT,4,C,70.63,76.26,2.9,21,5,97.1,-4.86
CSE20221719,Kashvi Dhar,CSE,3,C,57.71,83.05,12.12,15,5,87.88,4.81
IT20221720,Mitesh Gera,IT,4,A,59.51,60.09,6.73,35,6,93.27,-1.72
IT20221721,Abhimanyu Sawhney,IT,4,B,66.93,63.75,7.48,32,5,92.52,3.32
MECH20221722,Ojas Sandal,MECH,4,B,70.39,65.87,12.52,30,6,87.48,-1.04
MECH20201723,Anvi Varkey,MECH,7,B,25.18,31.82,16.09,61,5,83.91,-2.48
IT20231724,Naveen Salvi,IT,2,B,63.61,81.32,12.01,16,6,87.99,4.41
CIVIL20221725,Bahadurjit Zachariah,CIVIL,3,A,56.21,65.79,13.57,30,5,86.43,1.47
MECH20201726,Balhaar Taneja,MECH,8,C,62.67,83.55,9.49,14,6,90.51,0.57
CSE20211727,Avi Sabharwal,CSE,5,B,62.49,73.2,11.34,24,5,88.66,-1.85
CSE20231728,Barkha Chaudhuri,CSE,2,B,45.42,39.17,17.35,54,5,82.65,0.49
CIVIL20221729,Yashica Srinivasan,CIVIL,4,B,69.33,67.86,7.04,28,5,92.96,2.41
CSE20221730,Arunima Agate,CSE,3,C,76.74,86.47,2.52,12,5,97.48,-4.37
IT20231731,Parth Lata,IT,1,B,77.52,90.75,2.07,8,6,97.93,-0.05
CSE20221732,Bhavna Patil,CSE,3,A,25.03,53.83,5.68,41,5,94.32,2.74
CIVIL20211733,Vidhi Sheth,CIVIL,5,C,61.0,67.77,8.59,29,6,91.41,2.7
ECE20231734,Chasmum Chatterjee,ECE,2,B,55.81,75.76,11.91,21,6,88.09,0.38
IT20201735,Chaitaly Bhat,IT,8,C,60.4,88.15,10.61,10,6,89.39,0.4
IT20201736,Ekaja Kashyap,IT,7,A,65.66,68.7,14.27,28,6,85.73,-0.99
MECH20211737,Faqid Kumar,MECH,6,B,45.44,54.78,10.88,40,6,89.12,-4.38
CSE20211738,Bakhshi Modi,CSE,6,A,58.7,87.38,13.13,11,6,86.87,2.31
ECE20221739,Qasim Lad,ECE,3,A,70.22,78.09,9.89,19,6,90.11,-0.1
MECH20231740,Naveen Arya,MECH,1,B,51.69,65.6,8.05,30,5,91.95,-4.68
MECH20211741,Yochana Garde,MECH,6,A,70.76,61.01,14.21,35,5,85.79,2.45
CSE20211742,George Soman,CSE,6,C,34.95,40.22,13.11,53,6,86.89,-4.88
ECE20211743,Harish Bajaj,ECE,6,C,26.76,34.83,19.84,58,6,80.16,2.27
CIVIL20201744,Simon Sachdeva,CIVIL,8,C,75.93,56.71,18.32,38,5,81.68,-2.15
ECE20231745,Vyanjana Patla,ECE,2,B,29.74,45.02,8.08,49,5,91.92,2.35
MECH20221746,Tara Chander,MECH,4,A,82.86,92.44,2.72,6,6,97.28,-3.72
IT20211747,Ria Loyal,IT,5,A,84.47,99.22,3.34,0,6,96.66,-1.93
CSE20201748,Aarav Chad,CSE,8,B,49.38,41.26,14.75,52,6,85.25,-1.95
ECE20231749,Luke Gulati,ECE,1,A,78.12,98.74,3.38,1,5,96.62,0.26
MECH20231750,Azad Deep,MECH,2,C,77.95,97.69,3.92,2,6,96.08,-0.83
CSE20231751,Parth Bakshi,CSE,2,A,85.79,89.69,2.9,9,5,97.1,0.02
CSE20201752,Wazir Dey,CSE,7,C,32.56,60.78,15.59,35,5,84.41,-2.09
CIVIL20211753,Harshil Goda,CIVIL,6,A,76.28,92.17,3.0,7,5,97.0,-3.58
MECH20231754,Damyanti Loke,MECH,2,A,40.27,58.27,13.65,37,5,86.35,-3.9
CSE20231755,Avni Raval,CSE,1,C,47.2,40.77,19.44,53,5,80.56,2.35
CSE20211756,Varenya Kapadia,CSE,6,C,49.03,31.29,19.63,61,5,80.37,1.64
ECE20231757,Leena Padmanabhan,ECE,2,C,33.83,52.4,17.21,42,6,82.79,0.52
IT20231758,Ganga Srinivas,IT,2,B,42.44,50.39,13.06,44,6,86.94,-1.61
CSE20201759,Barkha Pathak,CSE,8,A,56.05,61.25,10.37,34,5,89.63,2.46
IT20221760,Aarav Prabhu,IT,3,B,71.38,65.09,7.69,31,5,92.31,4.02
ECE20231761,Lekha Mishra,ECE,2,A,63.69,95.49,15.93,4,6,84.07,1.19
CSE20201762,Lipika Contractor,CSE,7,B,63.74,56.11,17.79,39,6,82.21,-1.86
CSE20221763,Baljiwan Khalsa,CSE,3,C,65.69,89.1,12.04,9,5,87.96,-1.93
MECH20231764,Garima Sinha,MECH,2,A,31.75,48.29,13.71,46,5,86.29,-1.92
MECH20231765,Deepa Bhavsar,MECH,2,A,59.68,80.55,11.1,17,6,88.9,4.6
MECH20211766,Vihaan Kamdar,MECH,6,A,83.68,88.31,4.98,10,6,95.02,4.08
CSE20211767,Diya Joshi,CSE,6,B,29.23,64.51,18.75,31,6,81.25,2.78
MECH20231768,Chameli Datta,MECH,2,C,68.29,70.63,6.08,26,6,93.92,3.97
CSE20211769,Orinder Rana,CSE,6,A,77.59,84.88,23.43,13,6,76.57,2.05
ECE20231770,Arya Kala,ECE,1,B,44.03,33.93,14.88,59,6,85.12,1.99
CIVIL20231771,Divya Parsa,CIVIL,1,A,96.7,93.43,2.11,5,6,97.89,3.69
CIVIL20201772,Henry Radhakrishnan,CIVIL,8,C,64.88,78.91,14.28,18,6,85.72,0.53
IT20211773,Wakeeta Natt,IT,5,B,57.17,80.22,14.46,17,6,85.54,-1.53
MECH20221774,Banjeet Shan,MECH,3,C,42.96,36.41,9.61,57,6,90.39,4.11
IT20221775,Anya Gole,IT,4,B,51.25,85.86,8.47,12,6,91.53,2.3
CSE20211776,Robert Sabharwal,CSE,5,C,26.76,49.48,12.66,45,6,87.34,-2.4
ECE20211777,Qushi Misra,ECE,6,B,61.31,66.95,11.03,29,6,88.97,-1.25
IT20221778,Ranbir Palla,IT,3,C,88.46,85.75,5.22,12,5,94.78,3.95
ECE20201779,Timothy Gaba,ECE,7,B,65.59,82.69,9.66,15,6,90.34,-2.8
IT20231780,Gabriel Ben,IT,2,B,72.02,69.66,6.95,27,5,93.05,-0.05
IT20221781,Daksh Kumer,IT,3,C,68.15,62.81,14.87,33,6,85.13,2.93
ECE20221782,Hredhaan Malhotra,ECE,4,A,69.04,89.12,6.91,9,5,93.09,-3.96
ECE20231783,Aadhya Yohannan,ECE,2,B,60.7,88.27,7.61,10,5,92.39,0.49
IT20231784,Amrita Goel,IT,1,A,57.31,85.7,13.63,12,5,86.37,0.78
CSE20211785,Naveen Gara,CSE,5,A,52.06,81.65,18.34,16,6,81.66,0.89
CSE20221786,Samesh Garg,CSE,3,B,22.7,51.33,7.59,43,5,92.41,-0.94
CIVIL20211787,Nimrat Kunda,CIVIL,6,C,60.32,87.38,5.2,11,5,94.8,1.34
ECE20201788,Yachana Gara,ECE,8,C,78.3,95.92,7.91,3,5,92.09,-4.86
IT20221789,Ganga Jha,IT,3,C,61.56,67.71,6.31,29,5,93.69,-2.01
CIVIL20231790,Reyansh Kashyap,CIVIL,1,C,64.04,67.1,8.97,29,6,91.03,3.84
MECH20201791,Priya Dayal,MECH,8,C,35.18,49.82,16.18,45,6,83.82,-1.65
CIVIL20221792,Oscar Kunda,CIVIL,3,A,43.5,62.44,14.62,33,6,85.38,4.76
CSE20231793,Barkha Muni,CSE,2,C,84.14,89.83,7.66,9,6,92.34,-3.85
IT20231794,Gavin Bawa,IT,2,A,63.64,79.83,9.04,18,5,90.96,1.46
MECH20221795,Ekansh Bhattacharyya,MECH,4,B,83.01,99.55,3.21,0,5,96.79,0.84
IT20231796,Qarin Vyas,IT,1,B,46.19,70.69,6.92,26,6,93.08,-4.98
CIVIL20221797,Dayita Agrawal,CIVIL,4,B,31.8,33.38,14.76,59,5,85.24,-2.18
ECE20221798,Gaurang Saran,ECE,3,C,58.48,79.01,12.94,18,5,87.06,3.27
CSE20211799,Chatresh Ganesh,CSE,6,B,66.93,61.89,5.99,34,5,94.01,2.65
IT20201800,Reva Bhatia,IT,7,B,54.43,82.08,6.19,16,5,93.81,1.45
IT20201801,Bhavna Jayaraman,IT,7,C,65.06,60.93,12.78,35,6,87.22,4.01
CIVIL20211802,Niharika Oza,CIVIL,5,B,64.34,76.13,5.48,21,6,94.52,2.68
CIVIL20231803,Kavya Borah,CIVIL,2,B,58.42,68.86,13.67,28,6,86.33,2.81
MECH20201804,Dayamai Mutti,MECH,8,A,28.15,30.23,5.34,62,5,94.66,3.72
CSE20201805,Samaksh Ranganathan,CSE,8,C,78.45,92.44,2.89,6,6,97.11,-3.26
CIVIL20201806,Ojasvi Yohannan,CIVIL,7,B,52.53,97.25,21.96,2,6,78.04,1.13
ECE20231807,Aryan Radhakrishnan,ECE,1,B,71.33,69.12,10.24,27,6,89.76,3.07
ECE20221808,Yoshita Luthra,ECE,3,A,60.79,82.14,11.73,16,6,88.27,-4.73
ECE20211809,Bachittar Ganesh,ECE,5,B,23.15,55.28,17.25,40,6,82.75,1.23
MECH20231810,Warhi Chowdhury,MECH,2,B,52.72,82.14,9.78,16,6,90.22,-4.69
MECH20231811,Vasudha Tank,MECH,1,B,67.98,89.53,10.0,9,6,90.0,0.67
ECE20201812,Abhimanyu Sengupta,ECE,8,A,27.63,40.1,15.86,53,6,84.14,-4.37
IT20231813,Jack Venkataraman,IT,2,C,58.74,66.68,12.47,29,6,87.53,4.9
MECH20201814,Pallavi Srivastava,MECH,8,B,89.09,58.91,8.77,36,6,91.23,-0.31
CSE20221815,Krisha Gandhi,CSE,4,C,83.35,90.98,3.94,8,5,96.06,-4.61
ECE20201816,Lipika Sibal,ECE,8,B,61.8,78.4,7.03,19,5,92.97,-0.97
CSE20201817,Pahal Kurian,CSE,7,B,21.58,66.7,23.42,29,6,76.58,2.63
CIVIL20201818,Ati Thakur,CIVIL,8,A,81.71,92.58,4.21,6,6,95.79,-2.92
CSE20221819,Balendra Memon,CSE,4,A,46.21,35.74,5.14,57,6,94.86,1.46
IT20231820,Yashodhara Amble,IT,1,B,97.46,92.74,3.77,6,6,96.23,2.21
CIVIL20221821,Gavin Ahuja,CIVIL,3,C,64.54,87.61,14.65,11,6,85.35,-2.86
CSE20201822,Samuel Bhagat,CSE,8,B,52.34,80.15,9.05,17,5,90.95,-2.2
CSE20201823,Vidhi Apte,CSE,8,B,94.42,90.0,4.91,9,6,95.09,-3.2
IT20231824,Oliver Bail,IT,2,A,24.6,33.65,18.31,59,5,81.69,-2.98
MECH20231825,Advik Nath,MECH,2,C,42.68,35.07,13.73,58,6,86.27,-1.24
CIVIL20201826,Riya Deo,CIVIL,8,A,94.42,98.35,2.16,1,5,97.84,0.27
CIVIL20211827,Qarin Garde,CIVIL,6,C,52.87,86.7,6.63,11,6,93.37,-3.74
IT20231828,Udarsh Banerjee,IT,1,C,70.98,74.96,11.47,22,5,88.53,-0.34
ECE20221829,Jeet Rajagopal,ECE,4,C,95.94,95.78,2.28,3,6,97.72,-0.98
MECH20231830,Hardik Radhakrishnan,MECH,2,B,60.09,82.67,9.16,15,6,90.84,-2.51
IT20231831,Hredhaan Goel,IT,2,A,25.09,39.04,18.9,54,5,81.1,-2.94
CSE20211832,Udarsh Bora,CSE,6,B,55.61,87.89,8.48,10,6,91.52,4.13
ECE20211833,Krish Kale,ECE,6,A,59.12,88.38,12.61,10,6,87.39,-0.43
ECE20231834,Osha Varkey,ECE,1,B,71.84,88.27,7.01,10,6,92.99,3.92
ECE20231835,Rohan Kannan,ECE,2,B,46.93,43.63,7.12,50,6,92.88,2.28
ECE20211836,Nitesh Dhingra,ECE,6,C,79.78,91.62,3.62,7,5,96.38,3.98
MECH20221837,Rehaan Ratti,MECH,3,B,44.39,64.29,17.81,32,5,82.19,1.61
MECH20231838,Sarthak Chaudry,MECH,2,B,27.62,54.7,8.54,40,6,91.46,4.82
ECE20231839,Abdul Krish,ECE,1,A,61.9,77.31,7.41,20,5,92.59,-4.07
CIVIL20221840,Prisha Bhasin,CIVIL,3,C,73.31,86.87,8.36,11,5,91.64,3.22
MECH20221841,Ekbal Atwal,MECH,4,B,28.76,36.2,14.7,57,6,85.3,-2.89
ECE20211842,Vritti Kapur,ECE,5,B,70.03,64.5,6.92,31,6,93.08,3.87
MECH20211843,Aayush Bhalla,MECH,5,A,53.57,87.94,13.79,10,6,86.21,-0.2
MECH20201844,Laban Chaudhari,MECH,8,A,48.89,60.15,19.3,35,5,80.7,3.24
CIVIL20221845,Jalsa Bir,CIVIL,4,B,84.33,95.82,6.71,3,5,93.29,3.55
CSE20231846,Yashawini Raval,CSE,1,A,51.07,73.39,13.05,23,6,86.95,3.3
IT20201847,Guneet Ranganathan,IT,7,A,81.17,92.88,5.71,6,5,94.29,-4.45
CIVIL20231848,Sanaya Sundaram,CIVIL,2,A,59.39,80.67,13.26,17,6,86.74,-3.32
CSE20211849,Yochana Srinivasan,CSE,5,C,85.15,85.37,5.22,13,5,94.78,-0.88
IT20231850,Ansh Kamdar,IT,1,A,69.46,88.45,14.4,10,5,85.6,-3.58
IT20211851,Nidra Malhotra,IT,6,C,67.06,67.91,9.18,28,6,90.82,1.89
ECE20211852,Girish Bakshi,ECE,5,B,52.88,65.91,12.14,30,6,87.86,1.99
CSE20201853,Ekantika Rajagopalan,CSE,7,C,34.54,52.02,13.4,43,6,86.6,-3.22
ECE20231854,Forum Chanda,ECE,2,C,29.13,44.85,8.58,49,5,91.42,-2.99
CSE20211855,Pahal Goel,CSE,6,A,28.26,33.84,10.69,59,6,89.31,0.01
MECH20211856,Harshil Dash,MECH,5,B,59.88,60.78,8.56,35,5,91.44,3.6
CIVIL20221857,Vivaan Sood,CIVIL,4,B,82.59,99.95,7.71,0,6,92.29,4.96
CSE20231858,Chaitanya Bhatnagar,CSE,2,C,78.03,99.37,5.93,0,6,94.07,-0.88
MECH20211859,Rachita Rout,MECH,6,B,76.18,86.48,3.15,12,5,96.85,-3.57
CSE20231860,Gautam Sachdev,CSE,1,A,22.45,59.97,15.24,36,5,84.76,-3.94
MECH20231861,Max Mani,MECH,1,C,62.43,74.58,6.11,22,5,93.89,-0.82
CSE20201862,Darika Chada,CSE,7,B,80.22,94.52,3.8,4,6,96.2,3.45
CSE20221863,Hamsini Singhal,CSE,3,C,58.06,68.35,9.39,28,5,90.61,-3.76
CSE20211864,Jack Wason,CSE,5,A,55.2,69.95,8.1,27,5,91.9,-2.93
CIVIL20201865,Sathvik Contractor,CIVIL,7,B,96.45,96.15,3.41,3,5,96.59,1.31
MECH20221866,Krishna Dada,MECH,3,B,57.57,68.27,7.62,28,5,92.38,-4.66
CSE20231867,Neel Dutt,CSE,2,B,80.02,88.51,4.47,10,6,95.53,-3.77
ECE20231868,Raghav Chaudhari,ECE,1,C,69.91,79.68,6.23,18,5,93.77,2.64
CIVIL20221869,Advay Kumar,CIVIL,4,C,42.79,52.37,9.88,42,5,90.12,-3.34
MECH20201870,Robert Sanghvi,MECH,7,C,71.12,62.93,5.43,33,6,94.57,3.23
CSE20231871,Osha Subramanian,CSE,2,A,72.55,77.77,5.17,20,5,94.83,1.74
IT20201872,Chaitaly Sangha,IT,8,B,31.58,33.04,7.44,60,6,92.56,-0.54
CIVIL20201873,Vincent Solanki,CIVIL,7,B,81.67,92.49,4.04,6,6,95.96,-3.8
ECE20221874,Anjali Mallick,ECE,3,B,62.18,73.59,11.5,23,6,88.5,1.86
CSE20231875,Gavin Vora,CSE,2,A,68.67,63.87,11.87,32,5,88.13,0.44
CSE20201876,Quincy Parmar,CSE,8,C,93.16,96.81,5.5,2,6,94.5,1.01
CIVIL20231877,Oviya Saini,CIVIL,1,B,29.03,37.84,8.26,55,6,91.74,0.62
MECH20221878,Dalaja Natarajan,MECH,4,B,60.53,88.4,5.62,10,5,94.38,-3.92
CSE20231879,Upasna Nadig,CSE,2,A,55.32,70.8,9.81,26,6,90.19,1.37
IT20211880,Champak Wadhwa,IT,6,B,47.1,49.0,7.51,45,6,92.49,-1.75
CSE20231881,Omya Swaminathan,CSE,1,C,97.57,86.77,5.59,11,5,94.41,1.87
CSE20221882,Yuvraj Dutta,CSE,3,A,21.72,51.74,8.38,43,6,91.62,-0.04
ECE20231883,Jagvi Rana,ECE,2,C,56.35,81.04,12.94,17,6,87.06,-4.58
CIVIL20231884,Gaurav Bhandari,CIVIL,1,A,63.94,75.71,13.14,21,5,86.86,4.14
IT20211885,Niharika Sura,IT,5,A,91.65,91.43,5.85,7,5,94.15,0.22
IT20221886,Pooja Dhar,IT,3,A,69.62,85.85,9.04,12,6,90.96,3.48
ECE20221887,Devika Badal,ECE,4,C,65.17,71.52,9.19,25,6,90.81,2.03
MECH20201888,Riya Wable,MECH,8,C,69.01,63.83,14.89,32,5,85.11,3.91
IT20201889,Jason Hans,IT,7,B,79.14,85.82,3.11,12,6,96.89,1.27
CIVIL20231890,Tara Salvi,CIVIL,1,B,72.56,63.4,12.36,32,5,87.64,-4.66
IT20221891,Ganga Iyengar,IT,3,B,51.81,85.25,6.0,13,6,94.0,-2.74
MECH20211892,Samuel Gandhi,MECH,5,C,45.76,63.04,10.22,33,6,89.78,1.67
MECH20231893,Jeet Bawa,MECH,1,A,26.39,51.31,10.86,43,6,89.14,-1.57
CIVIL20221894,Tamanna Parmar,CIVIL,4,C,76.25,86.38,5.34,12,5,94.66,-0.87
IT20211895,Chaitanya Dugar,IT,5,C,53.43,71.85,6.08,25,5,93.92,-2.03
IT20201896,Chatresh Choudhry,IT,7,A,72.07,81.64,7.8,16,5,92.2,-2.24
IT20211897,Amol Chatterjee,IT,5,A,57.73,64.57,9.01,31,5,90.99,0.0
IT20231898,Triya Mahajan,IT,2,C,60.54,86.22,14.47,12,5,85.53,-0.23
MECH20221899,Kiaan Walia,MECH,4,A,73.88,68.61,12.16,28,6,87.84,2.83
IT20221900,Zarna Trivedi,IT,4,C,30.56,52.72,10.98,42,5,89.02,2.35
MECH20221901,Jagat Gulati,MECH,4,C,48.57,47.66,5.75,47,6,94.25,-0.25
CSE20211902,Urishilla Saini,CSE,6,A,30.77,34.09,15.81,59,6,84.19,0.01
CIVIL20231903,Rohan Chaudhry,CIVIL,2,A,39.44,63.93,18.82,32,6,81.18,-3.91
IT20201904,Tamanna Edwin,IT,7,B,21.51,41.78,12.67,52,6,87.33,-3.84
CIVIL20201905,Chakradev Mohanty,CIVIL,8,B,54.96,73.67,7.26,23,5,92.74,-0.03
ECE20201906,Abha Tiwari,ECE,7,B,90.79,96.07,3.43,3,6,96.57,-3.1
CIVIL20221907,Harita Swamy,CIVIL,4,A,57.79,81.41,13.98,16,6,86.02,4.1
CIVIL20211908,Jack Kulkarni,CIVIL,5,B,91.85,93.11,3.91,6,5,96.09,0.08
IT20221909,Saanvi Grewal,IT,3,A,74.91,78.85,12.63,19,5,87.37,-1.32
ECE20211910,Vivaan Jhaveri,ECE,6,B,56.2,65.79,13.2,30,6,86.8,2.66
ECE20211911,Bhavani Dalal,ECE,6,B,50.55,82.34,13.89,15,5,86.11,-4.04
CSE20231912,Karan Gera,CSE,1,B,21.92,73.42,2.44,23,5,97.56,2.98
CSE20231913,Henry Bala,CSE,2,C,35.57,65.55,5.01,31,5,94.99,1.38
CSE20231914,Libni Lal,CSE,1,A,78.13,91.43,5.56,7,6,94.44,-0.38
MECH20231915,Champak Parmar,MECH,1,A,44.43,59.42,6.76,36,6,93.24,1.54
IT20221916,Ranbir Butala,IT,4,A,60.46,86.48,12.66,12,5,87.34,1.52
IT20221917,Tarak Khatri,IT,4,C,69.8,69.48,9.57,27,5,90.43,-4.14
CIVIL20231918,Chasmum Kapur,CIVIL,1,B,69.23,73.7,12.17,23,6,87.83,2.07
CIVIL20201919,Ridhi Keer,CIVIL,7,A,77.67,93.5,2.41,5,5,97.59,-4.62
IT20221920,Gabriel Lall,IT,3,B,76.39,42.34,6.58,51,6,93.42,-1.73
IT20231921,Prisha Bhargava,IT,1,C,54.48,73.44,5.52,23,5,94.48,2.43
CSE20201922,Jeremiah Chana,CSE,8,A,42.07,53.92,17.2,41,5,82.8,0.94
MECH20221923,Ekani Patel,MECH,4,A,66.5,63.65,6.55,32,5,93.45,2.25
MECH20201924,Anika Jhaveri,MECH,8,A,31.4,37.09,18.82,56,5,81.18,2.48
MECH20211925,Yatin Basak,MECH,6,A,73.3,88.41,14.61,10,5,85.39,-1.45
ECE20201926,Nimrat Bhatnagar,ECE,7,C,68.46,85.97,8.13,12,6,91.87,3.76
MECH20231927,Dhriti Shetty,MECH,2,A,54.96,64.34,5.94,32,5,94.06,4.42
CIVIL20221928,Gayathri Bora,CIVIL,3,C,47.04,51.16,5.83,43,5,94.17,1.88
CIVIL20201929,Rachit Ravel,CIVIL,7,A,32.23,46.51,14.94,48,6,85.06,1.1
CIVIL20211930,Harini Tiwari,CIVIL,5,B,29.21,34.85,5.34,58,5,94.66,2.89
MECH20201931,Omisha Bhavsar,MECH,8,A,23.92,58.14,5.35,37,6,94.65,-3.27
CIVIL20221932,Kavya Parekh,CIVIL,3,B,81.52,93.75,4.42,5,5,95.58,4.76
IT20221933,Sneha Palla,IT,4,C,77.6,93.16,3.5,6,6,96.5,0.41
IT20231934,Tanveer Prasad,IT,2,C,44.61,35.09,15.8,58,5,84.2,2.42
CSE20231935,Simon Viswanathan,CSE,1,A,21.77,34.87,24.21,58,6,75.79,2.74
CSE20211936,Zehaan Narula,CSE,6,A,73.04,82.79,11.85,15,5,88.15,-2.49
CSE20211937,Lavanya Ahuja,CSE,5,C,54.99,60.24,9.66,35,5,90.34,1.35
MECH20231938,Ishwar Butala,MECH,1,A,49.95,51.19,19.47,43,6,80.53,2.67
ECE20231939,Owen Dugar,ECE,1,B,52.13,76.26,9.45,21,6,90.55,-1.28
CIVIL20221940,Mahika Varkey,CIVIL,4,C,59.52,79.08,7.01,18,6,92.99,-2.22
ECE20231941,Charan Randhawa,ECE,1,B,27.68,39.93,15.55,54,5,84.45,-3.64
CSE20231942,Ekansh Dass,CSE,1,C,52.33,62.69,12.47,33,5,87.53,2.77
CSE20221943,Lipika Barman,CSE,4,C,54.95,63.41,6.56,32,6,93.44,-4.18
CSE20221944,Chandani Thakur,CSE,4,C,53.54,86.91,14.8,11,5,85.2,0.96
IT20221945,Oni De,IT,3,C,37.06,38.41,12.66,55,6,87.34,-2.79
CSE20201946,Leela Tella,CSE,7,A,85.29,93.47,4.85,5,5,95.15,-3.01
ECE20201947,Aditya Kapadia,ECE,7,C,61.92,74.71,14.12,22,5,85.88,-1.88
IT20211948,Lohit Kala,IT,5,A,94.79,88.14,7.87,10,6,92.13,-1.37
CSE20201949,Anusha Kar,CSE,8,C,45.76,41.22,18.73,52,6,81.27,-1.12
MECH20211950,Radhika Shankar,MECH,5,A,92.33,99.76,4.09,0,6,95.91,-2.4
CIVIL20231951,Aishani Bajaj,CIVIL,2,C,46.38,87.05,4.03,11,6,95.97,-2.87
MECH20211952,Janya Ahluwalia,MECH,6,C,57.28,70.68,8.16,26,6,91.84,4.86
ECE20231953,Hardik Rajan,ECE,1,B,73.04,74.58,22.03,22,5,77.97,-1.52
CSE20221954,Chaaya Shenoy,CSE,3,A,63.44,61.32,6.36,34,5,93.64,4.22
CSE20201955,Hamsini Raghavan,CSE,8,A,58.43,76.7,12.09,20,6,87.91,2.33
CIVIL20211956,Isaiah Chanda,CIVIL,6,C,86.28,97.28,5.07,2,5,94.93,-3.6
CIVIL20231957,Barkha Sood,CIVIL,1,C,72.89,63.95,11.7,32,5,88.3,-0.88
ECE20231958,Chaman Bhatia,ECE,1,B,50.03,70.9,6.64,26,6,93.36,-1.76
ECE20221959,Osha Brar,ECE,4,B,70.07,79.5,11.09,18,5,88.91,-2.71
CSE20201960,Wishi Chad,CSE,8,C,68.87,79.95,9.29,18,6,90.71,-4.43
MECH20221961,Raghav Joshi,MECH,4,B,72.93,83.54,5.93,14,6,94.07,-1.87
IT20211962,Raagini Mann,IT,5,A,37.98,43.72,18.54,50,6,81.46,-0.71
MECH20201963,Nikita Pant,MECH,7,C,92.59,31.28,23.97,61,6,76.03,-4.57
ECE20221964,Bishakha Patla,ECE,4,B,51.46,66.66,13.42,30,5,86.58,1.71
CIVIL20231965,Dalbir Mody,CIVIL,2,C,68.75,84.49,12.68,13,5,87.32,4.63
CSE20231966,Dhruv Subramaniam,CSE,2,A,88.51,94.84,9.93,4,6,90.07,2.37
ECE20221967,Champak Wable,ECE,3,C,85.54,95.73,5.2,3,6,94.8,-3.28
CSE20211968,Naksh Seshadri,CSE,5,B,67.92,69.49,13.45,27,6,86.55,0.81
ECE20231969,Mason Memon,ECE,1,B,52.1,67.48,5.07,29,6,94.93,0.4
ECE20231970,Jai Suri,ECE,1,B,22.36,31.13,17.59,61,5,82.41,-1.94
MECH20201971,Tripti Krishna,MECH,8,C,73.1,78.95,6.29,18,6,93.71,0.84
MECH20201972,Henry Lal,MECH,8,B,20.44,30.19,13.24,62,6,86.76,-1.63
CSE20231973,Victor Borah,CSE,1,A,21.13,46.84,7.31,47,5,92.69,3.47
IT20201974,Neha Tata,IT,7,B,88.81,89.06,2.17,9,5,97.83,4.18
IT20201975,Chakrika Narasimhan,IT,8,A,63.68,54.86,11.48,40,5,88.52,-2.39
ECE20211976,Keya Sundaram,ECE,6,B,82.73,86.15,5.29,12,5,94.71,-2.13
MECH20201977,Nidhi Bahri,MECH,8,C,61.0,69.74,12.71,27,6,87.29,2.73
MECH20201978,Logan Chand,MECH,7,A,73.98,79.28,8.16,18,6,91.84,1.37
ECE20201979,Upma Taneja,ECE,8,A,56.04,66.34,12.92,30,5,87.08,-3.61
IT20211980,Naksh Dhar,IT,5,A,73.03,82.96,11.72,15,6,88.28,1.18
IT20201981,Anya Padmanabhan,IT,7,C,95.52,88.71,5.86,10,5,94.14,-2.43
CSE20221982,Sai Dhillon,CSE,4,A,60.39,72.26,12.44,24,6,87.56,-4.02
MECH20231983,Baghyawati Natarajan,MECH,2,C,84.3,95.68,6.64,3,6,93.36,-0.47
MECH20221984,Kashish Kala,MECH,3,C,97.22,99.91,2.96,0,6,97.04,-0.75
ECE20221985,Yashvi Kar,ECE,4,A,85.23,42.03,20.01,52,5,79.99,-2.86
MECH20221986,Praneel Verma,MECH,3,B,73.47,84.27,12.23,14,6,87.77,-0.69
MECH20221987,Eshana Bansal,MECH,3,C,71.15,72.87,11.35,24,5,88.65,2.56
ECE20231988,Hemal Ganesan,ECE,2,B,65.39,66.15,13.96,30,5,86.04,-2.16
IT20221989,Yachana Sood,IT,4,C,94.86,90.08,5.73,8,6,94.27,1.75
MECH20221990,Triveni Nagarajan,MECH,3,A,66.78,77.57,6.03,20,5,93.97,-1.2
MECH20231991,Gayathri Jaggi,MECH,2,C,76.21,47.78,3.26,46,5,96.74,-4.75
IT20231992,Advaith Parsa,IT,2,A,53.81,83.9,10.61,14,5,89.39,-0.46
CSE20211993,Ekani Biswas,CSE,5,B,57.55,64.18,14.35,32,6,85.65,0.24
IT20201994,Xiti Sarkar,IT,8,C,93.22,85.52,4.3,13,5,95.7,-0.64
CSE20231995,Bhavika Dhingra,CSE,2,B,63.12,77.4,24.3,20,5,75.7,-1.98
IT20201996,Brinda Dewan,IT,7,C,73.71,83.42,13.6,14,6,86.4,-2.98
MECH20231997,Bachittar Wali,MECH,2,B,54.37,60.6,6.16,35,5,93.84,-1.69
IT20221998,Jasmit Nadig,IT,3,C,52.49,38.64,23.61,55,6,76.39,0.2
IT20201999,Chatura Bedi,IT,7,B,61.37,78.31,9.95,19,6,90.05,-4.86
CIVIL20212000,Eiravati Loke,CIVIL,5,A,84.31,94.15,5.54,5,6,94.46,0.31
ECE20202001,Kevin Kar,ECE,8,A,81.55,86.33,5.28,12,5,94.72,1.31
ECE20232002,Anmol Sundaram,ECE,1,B,81.62,97.47,4.82,2,6,95.18,3.3
CSE20222003,William Chander,CSE,4,C,64.37,86.52,11.61,12,6,88.39,3.38
ECE20232004,Januja Sodhi,ECE,1,A,21.9,72.29,3.69,24,5,96.31,0.85
CIVIL20222005,Mugdha Gokhale,CIVIL,3,A,57.6,87.19,10.99,11,5,89.01,-4.69
CIVIL20222006,Idika Prashad,CIVIL,4,C,60.63,87.3,9.43,11,6,90.57,1.48
CSE20232007,Vansha Brar,CSE,1,C,91.16,85.45,7.72,13,5,92.28,-0.66
CSE20202008,Vivaan Sarna,CSE,8,A,60.71,86.2,12.31,12,6,87.69,0.58
MECH20212009,Kala Ghosh,MECH,5,C,43.69,33.96,12.83,59,6,87.17,1.05
CSE20202010,Neha Narula,CSE,7,B,80.55,95.05,2.52,4,5,97.48,2.49
ECE20212011,Ranbir Yadav,ECE,5,A,57.06,68.58,5.95,28,6,94.05,-1.07
ECE20222012,Leena Mukherjee,ECE,3,C,62.37,75.39,14.78,22,5,85.22,1.22
MECH20222013,Yamini Kapoor,MECH,4,C,85.91,94.87,5.49,4,6,94.51,0.56
CIVIL20202014,Manya Divan,CIVIL,8,A,60.7,70.99,7.07,26,6,92.93,4.59
IT20232015,Benjamin Datta,IT,1,C,54.73,68.7,13.43,28,6,86.57,2.56
CSE20232016,Rajata Oak,CSE,1,C,50.12,74.58,5.23,22,5,94.77,-0.91
CSE20222017,Adweta Toor,CSE,3,A,60.72,87.03,13.02,11,6,86.98,4.72
CIVIL20232018,Adweta Rajagopalan,CIVIL,2,B,32.29,62.08,10.86,34,5,89.14,-4.42
ECE20222019,Wyatt Deshmukh,ECE,3,A,65.69,66.92,6.55,29,6,93.45,0.84
CIVIL20222020,Ayaan Venkatesh,CIVIL,4,B,45.07,30.73,18.65,62,6,81.35,-3.88
CSE20222021,Baljiwan Luthra,CSE,3,C,92.11,87.72,2.32,11,6,97.68,-3.73
ECE20222022,Ekbal Kumar,ECE,3,C,94.59,79.31,14.01,18,5,85.99,-4.83
CSE20232023,Reva Seth,CSE,2,B,52.38,60.68,8.64,35,5,91.36,2.12
IT20202024,Daniel Gola,IT,7,C,95.9,95.27,7.9,4,6,92.1,-2.97
CIVIL20222025,Chameli Dhaliwal,CIVIL,4,C,62.9,84.21,9.79,14,6,90.21,-3.75
ECE20212026,Balveer Narain,ECE,6,C,50.68,72.14,13.84,25,5,86.16,1.75
MECH20212027,Harsh Nigam,MECH,5,A,55.98,77.48,5.67,20,6,94.33,0.3
MECH20232028,Ekantika Loke,MECH,2,B,61.31,83.17,13.45,15,6,86.55,0.06
MECH20212029,Kala Rajan,MECH,6,C,22.38,39.7,19.52,54,5,80.48,-4.29
MECH20212030,Bimala Rajagopalan,MECH,5,B,35.51,48.39,11.99,46,5,88.01,-3.17
CIVIL20222031,Chanchal Balan,CIVIL,3,B,41.26,39.01,15.69,54,5,84.31,4.93
MECH20202032,Mugdha Sabharwal,MECH,8,B,57.7,93.52,23.06,5,6,76.94,-0.6
MECH20232033,Liam Chaudhuri,MECH,1,B,85.15,68.67,11.86,28,6,88.14,2.43
MECH20222034,Kai Edwin,MECH,3,C,27.99,44.97,18.47,49,6,81.53,3.91
CSE20232035,Prisha Sidhu,CSE,2,B,51.08,60.42,11.23,35,5,88.77,2.35
CSE20222036,Bhavani Cheema,CSE,3,A,90.23,97.45,5.8,2,6,94.2,-0.58
CSE20232037,Kabir Natarajan,CSE,1,A,69.74,87.87,7.7,10,5,92.3,0.43
MECH20222038,Warhi Char,MECH,4,A,65.65,85.57,14.59,12,6,85.41,1.18
MECH20232039,Ayush Mandal,MECH,2,A,61.77,88.53,13.27,10,6,86.73,-0.07
ECE20202040,Nathan Bassi,ECE,8,A,32.73,45.68,13.62,48,5,86.38,-3.58
CIVIL20212041,Vivaan Joshi,CIVIL,5,A,55.54,63.74,7.85,32,5,92.15,-0.81
CIVIL20222042,Priya Ganesh,CIVIL,3,B,23.54,50.9,11.5,44,5,88.5,-1.33
IT20222043,Mitesh Behl,IT,4,C,68.52,77.61,13.33,20,6,86.67,-2.07
ECE20202044,Nihal Mandal,ECE,8,A,63.84,67.37,13.86,29,6,86.14,-3.28
ECE20232045,Ikbal Sood,ECE,1,C,21.71,53.26,11.05,42,6,88.95,1.91
MECH20212046,Tanmayi Sathe,MECH,6,B,55.2,71.11,12.49,26,6,87.51,-3.95
CSE20212047,Anamika Ganesh,CSE,6,B,73.17,84.75,14.59,13,6,85.41,3.83
IT20222048,Ijaya Contractor,IT,3,C,64.09,58.96,9.78,36,6,90.22,-4.43
ECE20222049,Pranit Biswas,ECE,3,C,69.07,88.3,14.69,10,5,85.31,3.84
CIVIL20212050,Manan Prabhakar,CIVIL,6,B,54.86,72.76,9.09,24,5,90.91,3.88
MECH20232051,Advik Bhatnagar,MECH,2,B,52.02,66.45,13.13,30,5,86.87,0.18
CSE20202052,Harinakshi Gopal,CSE,7,A,93.08,90.18,7.23,8,6,92.77,4.0
ECE20222053,Baghyawati Sant,ECE,3,A,66.39,85.46,12.36,13,5,87.64,-2.11
CIVIL20222054,Harrison Lanka,CIVIL,3,B,83.66,72.52,22.32,24,5,77.68,-4.64
CSE20202055,Omaja Deshpande,CSE,7,C,53.22,64.33,8.4,32,6,91.6,-1.55
IT20202056,Chaaya Tak,IT,8,C,72.44,63.61,8.06,32,5,91.94,-3.1
IT20232057,Parth Shankar,IT,1,C,77.47,88.0,6.22,10,5,93.78,-2.28
CSE20212058,Zaitra Varghese,CSE,5,B,41.61,40.89,8.76,53,6,91.24,-0.7
CIVIL20202059,Anmol Mammen,CIVIL,7,A,63.48,85.24,12.96,13,6,87.04,1.46
ECE20212060,Anirudh Badal,ECE,5,C,21.64,68.64,4.14,28,5,95.86,-1.73
CIVIL20232061,Daksha Wagle,CIVIL,2,A,23.28,62.84,12.7,33,5,87.3,2.78
IT20222062,Harinakshi Saraf,IT,3,A,47.09,63.74,13.41,32,5,86.59,-0.28
IT20212063,Vasatika Khalsa,IT,6,A,62.36,77.43,8.85,20,6,91.15,-3.1
ECE20232064,Varenya Gaba,ECE,1,C,80.37,91.5,6.32,7,5,93.68,4.42
CSE20212065,Arjun Chatterjee,CSE,6,C,69.46,80.47,11.74,17,5,88.26,-2.46
CIVIL20212066,Ranbir Wagle,CIVIL,5,C,54.72,68.68,14.76,28,6,85.24,2.74
ECE20222067,Priya Hora,ECE,3,B,94.36,69.74,21.59,27,5,78.41,1.04
CIVIL20232068,Gautam Rao,CIVIL,1,A,59.35,62.51,12.4,33,5,87.6,-4.92
ECE20212069,Udarsh Ram,ECE,6,C,83.47,95.5,4.54,4,6,95.46,-1.38
MECH20232070,Rachana Parikh,MECH,2,B,72.73,73.75,10.93,23,5,89.07,-1.09
IT20222071,Jhalak Gulati,IT,4,A,56.04,81.67,10.6,16,5,89.4,-2.22
MECH20202072,Dhruv Devi,MECH,8,A,60.95,77.29,9.77,20,6,90.23,1.79
MECH20202073,Gunbir Prabhu,MECH,7,C,50.32,88.4,5.5,10,5,94.5,3.3
IT20202074,Inaya Soman,IT,7,B,73.86,70.63,7.01,26,6,92.99,-4.78
MECH20212075,Rehaan Deo,MECH,6,A,63.18,85.69,5.13,12,6,94.87,1.4
IT20222076,Ucchal Munshi,IT,3,A,88.96,96.02,2.34,3,5,97.66,-4.18
MECH20212077,Gautami Kar,MECH,6,B,48.68,58.31,14.45,37,5,85.55,-0.02
ECE20232078,Harish Sheth,ECE,1,B,59.42,88.86,12.61,10,5,87.39,1.79
CIVIL20222079,Ekantika Vora,CIVIL,3,B,56.44,87.03,5.39,11,6,94.61,-4.06
ECE20232080,Owen Mane,ECE,2,B,96.9,88.44,6.91,10,5,93.09,0.32
CIVIL20202081,Hemang Viswanathan,CIVIL,7,C,25.88,48.9,14.75,45,5,85.25,3.96
CSE20232082,Daniel Morar,CSE,2,C,42.01,50.8,8.68,44,6,91.32,4.21
CSE20222083,Aryan Khosla,CSE,4,C,84.9,97.77,2.21,2,6,97.79,3.93
MECH20222084,Zaitra Gala,MECH,3,A,68.28,42.05,20.64,52,6,79.36,-1.57
MECH20212085,Keya Tiwari,MECH,5,A,50.18,61.5,5.04,34,6,94.96,-4.78
CSE20202086,Kavya Dhar,CSE,8,B,93.56,85.17,3.52,13,6,96.48,-2.06
CIVIL20222087,Anamika Agarwal,CIVIL,3,C,42.4,32.0,7.61,61,5,92.39,0.23
ECE20222088,Fiyaz Panchal,ECE,3,C,69.93,73.27,14.22,24,6,85.78,0.31
MECH20222089,Vasatika Gade,MECH,4,A,20.04,85.69,2.56,12,6,97.44,-1.49
CSE20212090,Maanav Khatri,CSE,5,B,21.46,41.19,5.05,52,6,94.95,0.47
MECH20212091,Omisha Bala,MECH,6,B,55.45,88.32,7.58,10,6,92.42,-2.0
CSE20202092,Indali Sura,CSE,7,C,94.9,93.9,5.66,5,5,94.34,1.32
MECH20212093,Aayush Wadhwa,MECH,5,A,73.32,43.1,12.61,51,6,87.39,-2.89
IT20212094,Rachana Mall,IT,5,B,43.39,39.28,11.79,54,5,88.21,4.52
ECE20232095,Aahana Swaminathan,ECE,2,B,74.44,67.32,11.02,29,6,88.98,3.16
CSE20232096,Pallavi Ravi,CSE,2,B,78.76,85.57,5.7,12,5,94.3,2.8
CIVIL20222097,Harrison Dar,CIVIL,4,B,90.19,97.94,6.87,1,5,93.13,-2.67
MECH20212098,Henry Chawla,MECH,6,C,41.55,54.61,18.41,40,5,81.59,-1.97
CIVIL20212099,Neelima Johal,CIVIL,5,C,67.38,74.21,11.91,23,6,88.09,-4.07
MECH20222100,Kalpit Rajan,MECH,4,B,66.98,80.38,9.22,17,5,90.78,-0.71
MECH20202101,Mugdha Oza,MECH,8,C,44.82,55.57,23.26,39,6,76.74,1.16
ECE20222102,Ekiya Badami,ECE,4,C,65.95,72.61,10.78,24,6,89.22,2.7
ECE20212103,Ekta Hans,ECE,6,B,58.59,64.66,6.44,31,6,93.56,-1.79
CSE20222104,Falan Deep,CSE,3,B,32.62,63.91,9.71,32,5,90.29,-4.67
ECE20222105,Kamala Vala,ECE,4,A,60.45,68.2,13.02,28,6,86.98,-4.81
IT20232106,Pahal Bhavsar,IT,2,A,60.43,80.68,10.98,17,6,89.02,2.61
CSE20202107,Chameli Pandit,CSE,8,B,59.31,61.23,23.04,34,6,76.96,2.95
MECH20232108,Diya Pall,MECH,1,C,67.56,72.17,12.9,25,6,87.1,3.81
ECE20232109,Simon Bala,ECE,1,A,76.15,88.67,5.57,10,5,94.43,-0.32
IT20222110,Radha Vohra,IT,3,B,30.59,57.74,7.49,38,6,92.51,4.68
ECE20212111,Falan Sarin,ECE,6,C,72.01,87.15,6.41,11,5,93.59,3.94
MECH20202112,Charita Chand,MECH,8,C,62.06,88.07,10.01,10,6,89.99,-0.85
IT20212113,Ekapad Bhattacharyya,IT,5,A,72.15,73.23,9.94,24,6,90.06,-4.07
CSE20212114,Jai Yogi,CSE,5,C,86.72,95.82,3.07,3,5,96.93,0.76
ECE20232115,Amruta Bhandari,ECE,1,B,32.75,53.7,8.74,41,5,91.26,-0.26
IT20222116,Anjali Kala,IT,3,C,69.29,78.73,8.68,19,5,91.32,1.83
CSE20202117,Anthony Deshmukh,CSE,8,C,60.02,63.53,10.38,32,6,89.62,-0.38
CIVIL20212118,Yatan Misra,CIVIL,5,B,57.51,76.38,9.85,21,6,90.15,-1.95
CSE20222119,Ekansh Baria,CSE,3,A,62.79,72.61,13.84,24,5,86.16,3.13
CSE20202120,Tristan Nayak,CSE,8,B,78.51,87.05,3.85,11,5,96.15,0.8
ECE20232121,Oeshi Wali,ECE,1,A,64.82,63.59,13.85,32,6,86.15,1.35
MECH20212122,Gopal Bhat,MECH,6,A,48.0,43.59,11.91,50,6,88.09,-4.86
CSE20212123,Bimala Nadkarni,CSE,6,B,73.99,89.16,6.97,9,5,93.03,2.12
IT20202124,Warhi Panchal,IT,7,C,28.77,40.89,19.52,53,6,80.48,0.46
CSE20222125,Quincy Ranganathan,CSE,4,A,50.78,68.49,6.47,28,6,93.53,-3.69
IT20202126,Zaitra Wali,IT,7,A,83.19,98.09,6.34,1,5,93.66,-4.07
CSE20222127,Atharv Loke,CSE,4,A,78.89,86.93,5.17,11,6,94.83,2.74
ECE20202128,Charvi Agarwal,ECE,7,B,84.53,93.34,3.22,5,6,96.78,-2.63
MECH20202129,Lekha Suri,MECH,8,B,24.88,58.23,12.61,37,6,87.39,3.34
IT20212130,Yasti Sachar,IT,5,A,93.71,85.58,7.23,12,5,92.77,2.09
MECH20202131,Tejas Ranganathan,MECH,7,C,91.3,99.13,4.29,0,5,95.71,-2.61
MECH20212132,Raghav Tank,MECH,6,C,55.66,66.25,10.97,30,5,89.03,0.42
ECE20232133,Gaurav Narula,ECE,2,A,42.0,38.99,12.53,54,5,87.47,-1.07
CIVIL20222134,Ryan Chaudry,CIVIL,4,C,50.19,89.91,14.84,9,5,85.16,3.1
ECE20232135,Januja Keer,ECE,2,A,57.11,79.27,10.16,18,6,89.84,3.24
CIVIL20212136,Umang Sibal,CIVIL,6,B,36.51,66.51,11.41,30,5,88.59,0.67
IT20212137,Saksham Solanki,IT,5,B,83.28,99.08,3.96,0,6,96.04,-2.26
CIVIL20232138,Ekantika Mani,CIVIL,1,A,57.38,83.88,11.99,14,5,88.01,-4.66
CSE20232139,Omisha Sarkar,CSE,2,C,51.36,79.58,6.58,18,5,93.42,1.33
MECH20202140,Nitara Sood,MECH,7,A,57.86,68.04,8.7,28,6,91.3,-4.56
CSE20232141,Chaitanya Puri,CSE,2,A,65.38,86.54,7.03,12,5,92.97,4.52
CSE20202142,Henry Kaul,CSE,8,A,66.83,84.89,13.08,13,5,86.92,4.76
CSE20212143,Zarna Zacharia,CSE,6,A,96.84,85.36,3.04,13,6,96.96,3.12
ECE20212144,Harshil Barman,ECE,6,A,24.0,33.74,9.63,59,6,90.37,-1.25
ECE20232145,Logan Jha,ECE,2,A,61.18,90.0,8.05,9,5,91.95,-4.05
MECH20232146,Lila Kata,MECH,2,C,62.92,67.44,7.55,29,5,92.45,3.78
MECH20202147,Azad Badami,MECH,8,A,67.47,68.84,5.06,28,5,94.94,4.41
IT20222148,Zaid Shah,IT,4,A,70.29,74.09,12.29,23,6,87.71,-0.99
ECE20232149,Kalpit Gala,ECE,2,B,70.73,61.56,13.54,34,5,86.46,-4.33
CIVIL20212150,Kashvi Prakash,CIVIL,6,B,37.98,34.35,18.9,59,5,81.1,3.6
IT20232151,Yashoda Roy,IT,2,A,63.79,68.27,12.11,28,5,87.89,2.61
CSE20202152,Garima Dugar,CSE,7,A,86.35,99.56,6.52,0,6,93.48,-4.26
CSE20212153,Dalaja Parmar,CSE,5,A,70.46,72.18,9.12,25,5,90.88,-0.33
IT20212154,Rudra Gala,IT,5,B,78.15,85.22,3.76,13,6,96.24,-3.15
CIVIL20202155,Harish Mohan,CIVIL,8,B,74.96,68.39,6.69,28,6,93.31,-2.46
IT20232156,Sai Vala,IT,2,A,60.09,62.48,8.46,33,6,91.54,1.86
CSE20222157,Urmi Kapur,CSE,3,A,66.18,68.2,7.74,28,5,92.26,2.1
CIVIL20202158,Deepa Borah,CIVIL,8,A,63.14,63.95,14.2,32,6,85.8,-1.7
IT20232159,Mason Soman,IT,1,A,65.27,61.61,5.88,34,6,94.12,-1.19
CIVIL20232160,Jeevika Ravel,CIVIL,2,C,80.63,93.88,4.92,5,5,95.08,-2.28
ECE20212161,Manbir Jhaveri,ECE,5,B,74.9,68.61,9.63,28,6,90.37,-3.51
ECE20212162,Ojas Manda,ECE,6,C,60.73,74.23,8.28,23,5,91.72,2.39
MECH20202163,Wazir Handa,MECH,8,A,20.09,44.03,11.43,50,5,88.57,1.54
CSE20222164,Eesha Purohit,CSE,3,B,70.93,68.0,9.75,28,6,90.25,-3.3
IT20232165,Victor Tata,IT,2,A,55.18,78.22,10.99,19,5,89.01,-4.59
ECE20202166,Qarin Chad,ECE,7,A,57.01,64.19,10.26,32,5,89.74,2.4
ECE20232167,Chaitaly Kade,ECE,2,B,51.05,75.6,8.09,21,6,91.91,-4.52
MECH20222168,Manbir Ben,MECH,4,C,90.02,89.73,3.44,9,5,96.56,-2.37
CSE20232169,Vritti Amble,CSE,2,C,68.91,85.59,14.64,12,5,85.36,-0.79
CSE20202170,Ekavir Nadig,CSE,7,A,72.81,58.56,9.98,37,6,90.02,1.71
CSE20222171,Bhavna Trivedi,CSE,4,C,71.61,81.26,13.38,16,6,86.62,-4.94
ECE20222172,Panini Mody,ECE,4,C,72.62,87.38,12.99,11,5,87.01,0.5
CIVIL20222173,Ishita Dhingra,CIVIL,4,C,55.97,70.87,6.36,26,6,93.64,-2.71
CSE20212174,Wakeeta Prakash,CSE,5,A,48.09,83.37,4.61,14,6,95.39,1.55
CIVIL20212175,Anay Toor,CIVIL,6,B,68.96,80.89,6.75,17,5,93.25,-5.0
CIVIL20212176,Samarth Wason,CIVIL,6,B,50.04,78.07,7.39,19,5,92.61,1.78
MECH20202177,Bachittar Sekhon,MECH,8,B,66.08,61.31,13.38,34,6,86.62,-0.6
ECE20212178,Patrick Sandal,ECE,5,B,73.2,85.97,12.3,12,6,87.7,-1.95
CSE20212179,Faqid Bir,CSE,6,B,85.51,91.48,2.21,7,6,97.79,-0.24
MECH20212180,Chaman Gulati,MECH,6,C,34.87,30.98,18.13,62,5,81.87,-1.52
MECH20202181,Fariq Sekhon,MECH,8,A,58.61,65.05,14.51,31,5,85.49,-3.48
ECE20222182,Amrita Suresh,ECE,4,A,51.38,81.53,6.99,16,6,93.01,3.49
MECH20232183,Yuvraj Raju,MECH,1,A,42.94,49.71,17.6,45,6,82.4,1.22
ECE20212184,Lohit Krishna,ECE,5,A,83.06,99.46,5.03,0,5,94.97,-4.94
IT20202185,Arin Chauhan,IT,8,B,63.45,78.44,6.17,19,6,93.83,3.91
MECH20222186,Kavya Mangat,MECH,3,B,61.82,72.03,6.8,25,6,93.2,-0.02
MECH20202187,Michael Tak,MECH,7,B,94.96,85.39,4.65,13,5,95.35,-3.53
MECH20222188,Lipika Nagy,MECH,4,B,59.67,86.16,5.1,12,6,94.9,-3.19
IT20222189,Gautam Dhaliwal,IT,3,A,61.25,78.33,10.37,19,6,89.63,4.9
CSE20232190,Lipika Bhasin,CSE,1,B,61.99,65.84,10.06,30,5,89.94,2.13
IT20222191,Niharika Menon,IT,3,C,51.12,82.64,15.7,15,6,84.3,-4.4
IT20202192,Hitesh Agate,IT,7,C,95.58,96.95,3.05,2,6,96.95,-0.16
CSE20212193,Ekta Ray,CSE,6,A,67.72,65.67,13.48,30,6,86.52,-4.13
IT20202194,Aarav Master,IT,7,B,57.8,68.23,8.56,28,6,91.44,-4.28
IT20212195,Pushti Sarin,IT,6,A,94.63,97.68,24.09,2,5,75.91,0.57
IT20232196,Anmol Saha,IT,1,B,31.9,44.15,5.67,50,5,94.33,2.67
ECE20202197,Rajata Gala,ECE,8,C,72.27,87.14,13.55,11,5,86.45,-0.14
IT20232198,Abha Bahl,IT,1,A,44.53,31.14,7.63,61,6,92.37,2.46
MECH20212199,Alka Pau,MECH,5,C,40.76,44.05,19.88,50,6,80.12,1.19
MECH20202200,Yuvraj Palla,MECH,7,C,58.71,79.35,5.65,18,6,94.35,-0.13
ECE20212201,Unnati Jayaraman,ECE,5,B,66.21,87.12,13.2,11,6,86.8,3.47
IT20202202,Ekani Kala,IT,7,A,51.83,75.97,10.92,21,6,89.08,1.09
CIVIL20222203,Reyansh Bhatt,CIVIL,4,B,60.36,73.35,11.81,23,5,88.19,2.26
IT20212204,Xavier Karan,IT,6,A,61.36,76.05,9.03,21,6,90.97,-5.0
CSE20212205,Yashoda Dhawan,CSE,6,C,89.22,95.15,6.8,4,5,93.2,0.17
ECE20232206,Nicholas Borah,ECE,1,A,86.39,97.48,2.53,2,5,97.47,2.79
IT20202207,Wyatt Keer,IT,8,A,51.71,66.12,12.11,30,5,87.89,3.47
CIVIL20222208,Bina Bawa,CIVIL,3,B,27.13,33.91,16.96,59,5,83.04,-2.28
IT20202209,Saksham Chawla,IT,8,C,59.21,61.13,11.43,34,6,88.57,0.77
ECE20232210,Watika Mani,ECE,2,A,39.38,60.24,16.15,35,5,83.85,-3.28
CSE20222211,Nathaniel Raj,CSE,4,C,55.21,33.71,9.72,59,6,90.28,-2.58
IT20202212,Anay Chandran,IT,8,C,60.15,64.69,6.89,31,5,93.11,-4.82
IT20232213,Chameli Rajagopalan,IT,1,C,83.37,93.51,5.86,5,5,94.14,-4.97
ECE20212214,Janaki Natt,ECE,6,C,45.84,39.6,16.87,54,5,83.13,1.0
ECE20202215,Gaurika Lalla,ECE,7,B,70.21,60.12,11.57,35,5,88.43,-0.74
IT20222216,Pushti Nayar,IT,3,A,79.95,98.35,6.43,1,6,93.57,-0.63
CIVIL20202217,Gauri Sami,CIVIL,7,A,35.4,60.42,11.83,35,6,88.17,-2.66
IT20222218,Reva Dhar,IT,3,C,67.36,48.35,17.26,46,6,82.74,2.15
IT20212219,Januja Rau,IT,6,A,26.52,76.28,20.24,21,5,79.76,1.87
IT20222220,Jeremiah Sehgal,IT,4,C,87.13,94.86,3.55,4,5,96.45,-4.95
ECE20222221,Tara Sheth,ECE,3,B,83.55,95.25,4.82,4,5,95.18,-1.75
CIVIL20222222,Zaid Raja,CIVIL,4,A,87.46,93.19,7.18,6,5,92.82,4.81
MECH20222223,Tanay Pau,MECH,3,A,32.09,50.2,19.04,44,5,80.96,4.33
CIVIL20232224,Tripti Sharma,CIVIL,2,C,89.21,86.44,5.38,12,6,94.62,1.63
CSE20212225,Aryan Kumer,CSE,6,B,46.09,39.29,6.25,54,6,93.75,4.35
CSE20212226,Dhriti Mandal,CSE,5,A,45.81,63.41,7.47,32,6,92.53,-4.77
CSE20232227,Ladli Saraf,CSE,2,A,77.95,96.47,7.79,3,6,92.21,4.71
CSE20232228,Sachi Amble,CSE,2,B,75.19,92.72,5.88,6,6,94.12,-0.63
CSE20232229,Vihaan Badal,CSE,1,A,71.85,79.12,9.95,18,6,90.05,-1.99
CIVIL20232230,Warjas Pandey,CIVIL,1,B,55.9,69.72,5.62,27,6,94.38,-1.11
IT20222231,Urvashi Dayal,IT,4,B,37.8,36.12,10.16,57,5,89.84,-0.59
CSE20232232,Kavya Bahri,CSE,2,B,88.6,81.01,16.96,17,5,83.04,4.99
CIVIL20222233,Chaitanya Buch,CIVIL,3,A,54.44,85.41,10.26,13,5,89.74,-3.39
ECE20222234,Anya Bath,ECE,4,C,64.78,67.35,14.26,29,6,85.74,-2.05
MECH20212235,Vidhi Natarajan,MECH,5,C,78.39,91.37,7.63,7,5,92.37,3.07
MECH20222236,Ayaan Dutta,MECH,3,C,43.4,59.22,20.24,36,6,79.76,1.36
IT20222237,Isha Dutt,IT,3,C,59.7,76.1,12.91,21,6,87.09,-1.07
CSE20212238,Niharika Lata,CSE,6,A,36.2,53.54,17.93,41,6,82.07,-1.91
CIVIL20222239,Zehaan Vasa,CIVIL,4,A,85.53,95.86,4.65,3,5,95.35,0.75
IT20222240,Ikshita Bassi,IT,4,C,52.13,70.89,6.15,26,5,93.85,0.95
IT20202241,Upkaar Basu,IT,8,C,84.49,94.85,4.06,4,5,95.94,-4.5
CIVIL20232242,Vedika Jain,CIVIL,2,B,66.35,76.51,14.26,21,5,85.74,2.16
IT20212243,Nakul Dada,IT,6,C,74.9,76.6,12.93,21,6,87.07,3.26
CSE20222244,Chanchal Kumer,CSE,4,C,65.92,62.58,13.27,33,6,86.73,1.08
CIVIL20232245,Kala Bansal,CIVIL,2,A,43.25,44.64,6.46,49,5,93.54,-0.45
ECE20202246,Laksh Vasa,ECE,8,C,56.72,74.39,12.84,23,6,87.16,4.56
ECE20202247,Teerth Mander,ECE,7,B,94.32,87.5,7.04,11,6,92.96,-1.32
CSE20232248,Vasana Salvi,CSE,1,C,93.27,59.18,5.5,36,5,94.5,-3.53
ECE20232249,Arjun Vaidya,ECE,2,A,24.26,81.81,6.43,16,5,93.57,-4.75
IT20202250,Amol Ratti,IT,7,B,73.13,84.1,14.88,14,6,85.12,3.62
IT20232251,Tanvi Modi,IT,2,B,88.28,33.04,17.0,60,5,83.0,-3.42
MECH20232252,Leena Taneja,MECH,2,B,68.96,72.67,7.76,24,5,92.24,-3.56
MECH20232253,Ekta Gara,MECH,1,A,65.56,64.55,11.08,31,5,88.92,-4.73
ECE20212254,Wakeeta Varma,ECE,6,B,52.8,75.81,16.25,21,6,83.75,1.44
CIVIL20232255,Geetika Chokshi,CIVIL,1,B,22.23,55.42,8.74,40,5,91.26,4.71
ECE20222256,Triveni Sathe,ECE,3,A,43.39,33.06,10.02,60,6,89.98,-0.82
MECH20232257,Avni Chacko,MECH,1,B,32.12,47.34,8.19,47,6,91.81,1.12
CIVIL20202258,Indira Majumdar,CIVIL,7,C,66.03,64.67,10.64,31,5,89.36,-1.0
CSE20232259,Madhav Choudhury,CSE,2,B,24.85,32.85,19.0,60,6,81.0,3.53
CSE20202260,Gabriel Garde,CSE,8,B,70.1,84.82,8.27,13,5,91.73,2.18
IT20202261,Charita Sawhney,IT,7,A,51.71,83.21,11.76,15,5,88.24,-2.42
ECE20202262,Unnati Chandra,ECE,8,B,79.94,45.78,17.71,48,6,82.29,4.33
MECH20212263,Chaman Bahl,MECH,5,C,31.68,32.81,19.46,60,5,80.54,-4.46
CIVIL20222264,Osha Gill,CIVIL,4,C,82.34,95.2,6.65,4,5,93.35,3.8
CSE20232265,Azaan Madan,CSE,2,A,89.97,93.78,4.99,5,5,95.01,2.59
IT20212266,Sai Merchant,IT,5,B,34.27,40.25,6.16,53,5,93.84,4.53
CIVIL20202267,Hredhaan Kumar,CIVIL,7,A,43.33,45.99,18.76,48,6,81.24,4.5
CSE20212268,Anya Panchal,CSE,5,C,24.28,63.17,10.17,33,6,89.83,-1.46
CSE20202269,Tamanna Manne,CSE,8,C,57.21,76.33,8.55,21,6,91.45,1.42
MECH20202270,Balveer Tiwari,MECH,8,A,50.15,69.18,14.37,27,6,85.63,2.58
ECE20212271,Fariq Jayaraman,ECE,6,B,69.9,74.24,12.4,23,6,87.6,-1.28
ECE20232272,Ayush Divan,ECE,2,A,46.48,59.56,6.37,36,5,93.63,-4.33
CIVIL20232273,Yagnesh Kade,CIVIL,1,B,51.65,63.5,6.52,32,5,93.48,2.01
ECE20212274,Luke Agrawal,ECE,5,A,50.53,61.88,10.47,34,5,89.53,2.73
CSE20232275,Neel Konda,CSE,1,C,81.23,92.05,7.59,7,6,92.41,1.49
CIVIL20222276,Dayita Sachdev,CIVIL,4,B,29.63,47.92,15.26,46,5,84.74,-4.31
MECH20202277,Arin Amble,MECH,7,A,74.87,67.7,7.61,29,5,92.39,-1.28
IT20212278,Anika Banerjee,IT,6,B,35.49,47.0,19.44,47,6,80.56,-3.44
CIVIL20202279,Aachal Shah,CIVIL,7,B,33.33,33.31,5.08,60,5,94.92,3.37
CIVIL20212280,Vidhi Ramaswamy,CIVIL,6,B,60.84,67.95,11.23,28,6,88.77,-2.67
ECE20212281,Manan Gala,ECE,5,B,63.06,63.22,8.23,33,6,91.77,-1.57
MECH20202282,Amol Pandya,MECH,8,C,85.14,90.29,4.3,8,5,95.7,1.72
ECE20202283,Leela Swamy,ECE,8,A,71.6,72.87,5.56,24,5,94.44,3.94
IT20222284,Hemal Batra,IT,3,B,69.16,78.8,14.08,19,5,85.92,-2.83
CIVIL20202285,Manan Chander,CIVIL,8,B,51.22,79.66,12.34,18,6,87.66,-4.57
IT20202286,Hitesh Pradhan,IT,8,C,81.4,41.69,18.26,52,6,81.74,-1.79
CSE20212287,Jagdish Mukherjee,CSE,5,A,64.15,76.97,5.63,20,5,94.37,-1.81
IT20222288,Ucchal Krish,IT,4,A,61.37,74.82,11.47,22,6,88.53,0.32
CIVIL20222289,Ayaan Thaman,CIVIL,4,C,53.08,78.11,5.68,19,6,94.32,0.98
MECH20232290,Eta Batta,MECH,2,C,70.7,89.42,9.36,9,6,90.64,-4.6
ECE20202291,Akshay Lalla,ECE,8,A,63.55,85.4,12.93,13,5,87.07,2.38
MECH20222292,Yatan Prakash,MECH,3,C,27.93,46.15,16.24,48,5,83.76,-3.6
IT20202293,Aarush Kota,IT,7,A,74.65,82.28,9.63,15,5,90.37,-2.51
MECH20232294,Jackson Amble,MECH,2,B,22.4,63.17,15.42,33,6,84.58,-2.84
CIVIL20222295,Ayush Kade,CIVIL,3,A,84.82,99.82,3.78,0,5,96.22,-4.45
MECH20202296,Elijah Lata,MECH,8,A,61.48,76.17,17.91,21,5,82.09,-2.03
CSE20232297,Caleb Sethi,CSE,1,A,56.59,67.88,7.6,28,5,92.4,1.18
MECH20212298,Sarthak Sha,MECH,5,A,82.48,85.54,4.4,13,6,95.6,-1.14
MECH20222299,Faris Brahmbhatt,MECH,4,C,26.62,57.46,16.91,38,5,83.09,2.74
MECH20232300,Chaman Vaidya,MECH,1,C,53.6,69.79,13.23,27,5,86.77,2.78
ECE20202301,Orinder Bassi,ECE,7,A,27.01,31.66,19.99,61,5,80.01,-2.61
MECH20232302,Maanas Dutt,MECH,1,B,62.82,76.76,9.06,20,6,90.94,3.17
ECE20212303,Vasatika Yogi,ECE,5,C,64.55,80.54,8.53,17,6,91.47,3.59
IT20202304,Fiyaz Devan,IT,7,B,51.08,62.37,7.51,33,6,92.49,0.86
IT20202305,Nitara Sarraf,IT,7,C,38.63,40.72,19.56,53,5,80.44,-0.69
MECH20232306,Girindra Pathak,MECH,2,C,88.57,91.22,2.4,7,5,97.6,-2.16
IT20232307,Omya Balay,IT,1,A,44.3,37.57,16.1,56,5,83.9,-0.38
MECH20232308,Imaran Sandal,MECH,2,A,36.18,39.08,8.1,54,6,91.9,1.3
ECE20212309,Nirja Uppal,ECE,5,A,53.26,80.17,12.87,17,6,87.13,-4.84
CSE20202310,Advay Pall,CSE,8,B,24.07,47.0,14.32,47,6,85.68,-5.0
IT20232311,Max Bahri,IT,2,B,47.91,41.81,12.76,52,6,87.24,-3.51
CSE20212312,Janani Sarkar,CSE,5,A,35.65,37.83,6.26,55,6,93.74,-1.07
MECH20212313,Zayyan Madan,MECH,6,B,69.64,89.09,8.31,9,6,91.69,1.09
CSE20212314,Charvi Parikh,CSE,6,B,57.75,73.95,9.2,23,5,90.8,-3.43
IT20202315,Ati Raman,IT,8,B,67.05,70.86,6.23,26,5,93.77,0.27
CSE20202316,Lucky Prabhu,CSE,8,A,56.18,76.31,9.85,21,5,90.15,-2.14
CIVIL20212317,Meghana Karpe,CIVIL,6,B,67.49,65.84,13.93,30,6,86.07,3.29
ECE20212318,Netra Muni,ECE,5,B,81.31,94.12,3.43,5,5,96.57,1.86
CIVIL20222319,Aditya Atwal,CIVIL,4,B,44.99,37.78,9.67,55,6,90.33,-1.58
ECE20202320,Baghyawati Shan,ECE,7,C,46.8,79.28,12.61,18,6,87.39,0.14
CIVIL20212321,Bakhshi More,CIVIL,5,C,81.33,98.33,4.16,1,5,95.84,1.25
CIVIL20222322,Chameli Narayan,CIVIL,3,C,69.28,61.32,8.08,34,5,91.92,-2.54
ECE20202323,Ayushman Comar,ECE,7,A,20.09,60.63,19.32,35,5,80.68,-1.65
CIVIL20202324,Charvi Dayal,CIVIL,7,A,21.02,33.77,8.15,59,5,91.85,-1.2
IT20232325,Ladli Brahmbhatt,IT,1,B,53.9,77.03,14.06,20,5,85.94,0.85
MECH20232326,Simon Khurana,MECH,2,C,58.82,74.91,13.99,22,5,86.01,4.41
IT20212327,Xiti Atwal,IT,5,B,59.24,93.41,2.77,5,6,97.23,-2.65
CIVIL20212328,Qabil Lanka,CIVIL,6,C,84.14,92.96,4.43,6,6,95.57,-2.23
CIVIL20202329,Zehaan Deep,CIVIL,7,B,65.01,89.38,13.58,9,6,86.42,3.16
CIVIL20232330,Kala Saini,CIVIL,1,B,74.89,83.01,8.48,15,5,91.52,-1.29
ECE20212331,Wriddhish Choudhury,ECE,5,B,55.1,77.86,10.5,19,6,89.5,-0.01
IT20202332,Neel Kannan,IT,7,A,61.03,80.2,8.15,17,5,91.85,0.24
ECE20232333,Sachi Viswanathan,ECE,1,A,55.76,85.07,11.44,13,5,88.56,-2.29
CSE20232334,Harinakshi Sangha,CSE,1,C,29.08,46.72,11.97,47,6,88.03,0.63
MECH20212335,Farhan Bava,MECH,5,A,81.42,98.29,7.03,1,5,92.97,0.45
IT20232336,Radha Bath,IT,2,A,60.9,61.25,13.8,34,6,86.2,3.34
CSE20232337,Mahika Parsa,CSE,2,C,89.08,94.26,6.66,5,5,93.34,2.88
MECH20202338,Nicholas Bahri,MECH,7,C,94.33,92.35,4.19,6,6,95.81,-3.42
CSE20202339,Anay Wali,CSE,7,A,84.68,91.2,3.05,7,6,96.95,3.82
ECE20222340,Ladli Balay,ECE,3,B,63.76,60.71,10.25,35,6,89.75,4.47
ECE20202341,Sudiksha Chhabra,ECE,7,B,64.93,83.66,8.0,14,5,92.0,-3.25
CIVIL20222342,Imaran Thakur,CIVIL,4,A,77.67,99.69,4.23,0,5,95.77,-3.2
MECH20232343,Ekbal Bava,MECH,2,B,58.31,87.78,5.64,10,5,94.36,-0.96
CSE20212344,Leela Manda,CSE,6,A,50.28,31.19,8.9,61,5,91.1,2.97
CSE20202345,Upma More,CSE,7,A,71.47,81.26,11.74,16,5,88.26,-3.34
MECH20202346,Samaksh Nadkarni,MECH,7,C,73.22,40.21,6.42,53,5,93.58,-4.3
ECE20232347,Anita Chauhan,ECE,2,C,29.88,58.65,10.27,37,6,89.73,4.2
MECH20212348,Alka Agate,MECH,6,B,69.05,97.74,23.03,2,6,76.97,-4.21
CIVIL20202349,Vansha Ramanathan,CIVIL,8,B,66.26,70.7,11.6,26,5,88.4,0.75
MECH20222350,Faraj Nadkarni,MECH,4,A,63.6,82.61,9.11,15,6,90.89,-2.48
MECH20222351,Nirja Sethi,MECH,4,C,33.82,61.51,9.36,34,5,90.64,-0.16
MECH20212352,Rayaan Lad,MECH,6,B,54.15,82.37,22.19,15,5,77.81,2.22
MECH20232353,Yatan Garg,MECH,1,A,37.5,62.23,18.13,33,6,81.87,1.14
CIVIL20232354,Mekhala Vora,CIVIL,1,A,72.0,82.71,14.99,15,6,85.01,-3.15
IT20232355,Lohit Sharaf,IT,2,A,23.67,59.2,10.54,36,6,89.46,3.05
MECH20232356,Mohini Chatterjee,MECH,2,A,94.5,88.43,5.99,10,5,94.01,-2.2
CIVIL20202357,Jeevika Sarkar,CIVIL,7,C,91.8,97.4,3.4,2,5,96.6,-0.26
ECE20202358,Pahal Bumb,ECE,8,A,44.7,32.56,8.68,60,5,91.32,0.98
CSE20222359,Kalpit Gandhi,CSE,3,A,54.2,70.61,14.73,26,5,85.27,1.95
CSE20202360,Nicholas Bumb,CSE,8,C,74.76,84.73,8.58,13,5,91.42,-0.87
MECH20212361,Warda Din,MECH,6,A,60.17,67.6,13.77,29,6,86.23,-1.84
CIVIL20232362,Aditya Dutt,CIVIL,2,B,67.54,64.27,8.3,32,5,91.7,-3.08
ECE20202363,Darsh Bose,ECE,8,B,73.85,66.02,3.41,30,6,96.59,-2.48
CSE20232364,Sudiksha Bhatt,CSE,2,A,45.94,50.99,14.41,44,6,85.59,3.1
IT20212365,Upasna Raja,IT,5,A,88.88,85.93,2.58,12,6,97.42,4.56
MECH20232366,Orinder Patil,MECH,2,C,66.86,63.95,2.02,32,6,97.98,4.75
CIVIL20212367,Lakshit Tank,CIVIL,5,B,91.62,85.99,2.44,12,5,97.56,3.87
MECH20212368,Falguni Bahri,MECH,6,B,83.66,88.52,7.25,10,6,92.75,-4.86
ECE20212369,Teerth Devi,ECE,6,B,97.17,88.15,7.33,10,6,92.67,3.23
ECE20222370,Pooja Sarraf,ECE,4,C,67.5,86.63,7.64,12,5,92.36,4.14
CSE20212371,Chandresh Saran,CSE,5,B,53.13,63.74,7.66,32,6,92.34,-0.55
CSE20232372,Matthew Batta,CSE,1,B,92.51,92.81,4.61,6,5,95.39,3.21
MECH20212373,Harshil Chatterjee,MECH,5,C,58.38,84.77,13.05,13,6,86.95,-1.28
CIVIL20232374,Baghyawati Baria,CIVIL,1,A,43.81,31.25,18.05,61,5,81.95,2.0
IT20222375,Zayyan Samra,IT,3,B,31.46,59.78,10.91,36,5,89.09,1.17
CIVIL20212376,Upkaar Chandran,CIVIL,6,B,29.97,34.97,12.38,58,5,87.62,-4.81
CSE20212377,Anita Mohan,CSE,5,C,54.79,81.34,10.4,16,6,89.6,-1.58
ECE20232378,Rachit Khanna,ECE,1,A,44.1,40.17,8.28,53,5,91.72,1.56
IT20222379,Sathvik Maharaj,IT,3,C,63.26,72.79,14.36,24,5,85.64,4.42
CSE20222380,Radha Khalsa,CSE,3,B,64.22,77.13,11.08,20,5,88.92,-4.17
IT20222381,Harinakshi Chaudhuri,IT,3,B,72.47,65.95,14.35,30,6,85.65,-1.46
MECH20222382,Ucchal Char,MECH,4,C,92.27,94.7,3.48,4,6,96.52,-1.23
IT20232383,Chaitaly Kar,IT,2,B,91.33,92.54,3.6,6,5,96.4,-2.42
IT20212384,Devika Bal,IT,6,A,66.45,65.56,8.26,30,5,91.74,4.14
CSE20232385,Nidhi Chander,CSE,2,A,31.94,56.53,17.57,39,5,82.43,-2.47
IT20222386,Neelima Sarin,IT,4,B,58.77,65.51,6.28,31,5,93.72,-4.37
ECE20232387,Abhimanyu Dugal,ECE,1,A,69.39,86.68,6.28,11,5,93.72,-1.56
ECE20212388,Zashil Srinivas,ECE,6,B,35.39,82.96,19.93,15,6,80.07,0.08
IT20232389,Chakradhar Sanghvi,IT,2,A,55.75,78.59,12.97,19,6,87.03,-2.12
CSE20222390,Vaishnavi Dada,CSE,3,A,45.86,37.33,11.48,56,6,88.52,1.88
MECH20202391,Wridesh Varkey,MECH,7,A,81.18,87.86,6.73,10,5,93.27,-4.9
CSE20212392,Chanakya Bhandari,CSE,6,A,51.41,66.46,12.2,30,6,87.8,-1.51
CSE20222393,Sneha Keer,CSE,3,B,29.83,47.08,14.64,47,6,85.36,-0.84
CSE20212394,Ridhi Comar,CSE,5,B,28.54,97.61,22.36,2,5,77.64,-1.12
MECH20202395,Daksh Iyer,MECH,8,C,23.6,53.25,17.56,42,5,82.44,1.83
MECH20202396,Eesha Pal,MECH,7,C,56.64,70.58,5.84,26,6,94.16,-4.65
CSE20212397,Bina Choudhary,CSE,5,A,56.01,63.18,8.61,33,6,91.39,4.96
MECH20222398,Reyansh Samra,MECH,3,C,52.78,86.8,10.24,11,5,89.76,2.73
CSE20232399,Lekha Mall,CSE,2,A,85.37,89.64,5.06,9,5,94.94,-3.89
ECE20232400,Neel Rastogi,ECE,1,C,79.23,95.38,4.22,4,6,95.78,0.41
IT20232401,Girindra Bath,IT,2,B,51.97,95.65,4.84,3,5,95.16,-3.48
MECH20212402,Anthony Khalsa,MECH,6,C,62.18,89.14,9.82,9,5,90.18,-2.42
IT20212403,Ansh Mallick,IT,5,B,72.98,68.63,13.71,28,5,86.29,1.17
CSE20212404,Eshana Yogi,CSE,5,A,54.63,64.38,9.01,32,5,90.99,-3.3
CSE20202405,Chakrika Hayer,CSE,8,C,45.36,34.86,7.29,58,6,92.71,2.35
CIVIL20232406,Utkarsh Kala,CIVIL,2,B,27.61,46.47,11.05,48,6,88.95,-1.24
CSE20222407,Chaitanya Hari,CSE,4,C,62.33,79.37,9.08,18,6,90.92,-4.02
MECH20202408,Gunbir Gola,MECH,8,C,55.65,86.15,13.1,12,5,86.9,-0.85
CSE20202409,Anusha Dugar,CSE,8,B,52.37,70.91,13.78,26,6,86.22,3.8
ECE20222410,Ubika Khurana,ECE,3,A,71.35,71.08,12.13,26,5,87.87,-0.36
IT20212411,Yuvraj Date,IT,6,A,62.73,82.92,13.28,15,5,86.72,3.7
CSE20232412,Reyansh Singhal,CSE,2,B,33.16,60.09,9.27,35,6,90.73,1.89
CIVIL20202413,Dayita Date,CIVIL,8,C,59.12,78.2,6.3,19,6,93.7,-4.83
CSE20232414,Lakshit Pillay,CSE,1,A,97.88,85.44,4.44,13,6,95.56,2.01
CSE20232415,Gagan Bir,CSE,1,B,69.51,83.12,13.64,15,6,86.36,-2.14
CIVIL20232416,Yoshita Nagi,CIVIL,2,C,70.1,83.34,8.42,14,5,91.58,-2.3
IT20202417,Dominic Sandhu,IT,7,C,79.22,97.07,4.08,2,5,95.92,0.78
ECE20212418,Lohit Agate,ECE,5,A,34.7,59.04,16.32,36,6,83.68,-0.64
ECE20232419,Isha Jain,ECE,1,C,96.63,88.45,3.98,10,6,96.02,-2.33
IT20202420,Dominic Rege,IT,8,C,54.54,82.93,9.75,15,5,90.25,0.77
MECH20222421,Chameli Biswas,MECH,3,A,54.45,74.96,12.92,22,5,87.08,-2.04
CSE20212422,Advika Ahluwalia,CSE,6,C,59.74,87.39,3.71,11,6,96.29,-1.82
IT20232423,Ekbal Lal,IT,2,C,77.48,86.14,5.45,12,6,94.55,-0.66
MECH20202424,Arjun Ramesh,MECH,7,C,53.66,76.54,6.26,21,5,93.74,-4.09
ECE20232425,Hemangini Agrawal,ECE,2,B,65.9,80.63,12.27,17,5,87.73,4.59
CSE20232426,Dayita Saran,CSE,1,A,73.3,60.35,8.25,35,6,91.75,2.46
CSE20232427,Maya Parmar,CSE,1,B,24.6,63.05,17.85,33,6,82.15,4.56
IT20202428,Advay Barad,IT,8,B,33.21,57.76,9.74,38,5,90.26,2.52
ECE20232429,Varenya Sane,ECE,2,A,50.77,88.95,11.51,9,6,88.49,-1.38
CSE20202430,Anya Sehgal,CSE,7,A,90.55,85.48,6.7,13,5,93.3,-1.59
CIVIL20232431,Forum Kale,CIVIL,2,B,63.28,75.51,7.95,22,6,92.05,4.83
IT20232432,Wridesh Wable,IT,1,B,64.12,70.22,10.43,26,5,89.57,-3.59
CSE20202433,Aarini Apte,CSE,7,C,61.85,61.32,8.25,34,5,91.75,3.55
IT20212434,Vrishti Nayar,IT,5,C,61.63,77.03,13.86,20,5,86.14,-1.21
MECH20232435,Aarnav Iyer,MECH,2,B,46.84,46.64,17.91,48,5,82.09,-4.24
MECH20222436,Unnati Narayan,MECH,4,B,54.07,70.1,12.35,26,5,87.65,-1.22
MECH20232437,Yauvani Peri,MECH,2,A,87.76,98.26,6.28,1,6,93.72,0.71
MECH20222438,Riya Chana,MECH,3,C,42.14,32.5,18.8,60,6,81.2,4.92
CIVIL20222439,Neha Menon,CIVIL,4,B,72.01,66.02,6.02,30,5,93.98,-1.46
ECE20202440,Nirja Sachdeva,ECE,7,A,76.67,95.81,3.96,3,5,96.04,-4.42
IT20222441,Yashodhara Rajagopalan,IT,3,A,78.8,96.15,2.19,3,6,97.81,-3.27
ECE20212442,Amaira Bumb,ECE,6,B,52.3,93.82,11.39,5,5,88.61,0.84
ECE20202443,Vedhika Bala,ECE,8,B,63.06,63.79,10.71,32,5,89.29,1.13
CIVIL20232444,George Mall,CIVIL,2,C,91.49,99.79,4.93,0,6,95.07,-1.04
MECH20212445,Ikbal Nair,MECH,5,C,37.26,33.04,8.92,60,5,91.08,-2.45
MECH20222446,Faraj Hegde,MECH,3,A,49.46,41.51,13.89,52,6,86.11,-4.44
IT20202447,Devika Bajaj,IT,7,C,93.36,92.91,7.47,6,5,92.53,3.46
ECE20232448,Matthew Oza,ECE,2,B,52.79,84.12,14.44,14,5,85.56,-1.1
CSE20222449,Bhavika Kapadia,CSE,4,C,88.72,97.8,4.37,1,5,95.63,-1.24
ECE20202450,Varsha Tank,ECE,7,B,31.91,38.29,16.22,55,5,83.78,-2.72
IT20202451,Bahadurjit Barman,IT,8,A,83.69,99.63,2.4,0,5,97.6,-2.44
CSE20212452,Libni Chaudhry,CSE,6,C,46.84,98.53,24.73,1,5,75.27,4.46
ECE20212453,Chandresh Bir,ECE,5,B,88.37,95.83,2.67,3,5,97.33,-1.47
MECH20202454,Gayathri Edwin,MECH,7,C,64.73,64.84,9.89,31,5,90.11,-0.42
MECH20222455,Jeremiah Lanka,MECH,3,B,58.59,77.59,10.06,20,5,89.94,0.41
ECE20232456,Yoshita Sampath,ECE,2,A,72.96,84.26,13.39,14,5,86.61,4.65
CIVIL20222457,Udant Suresh,CIVIL,4,B,62.1,86.23,6.32,12,5,93.68,-1.8
MECH20212458,Maanav Sandhu,MECH,5,B,78.21,91.02,3.58,8,6,96.42,0.5
ECE20222459,Yadavi Cherian,ECE,3,B,24.18,45.08,13.14,49,6,86.86,-2.74
CSE20232460,Qasim Manne,CSE,2,A,46.88,36.11,8.22,57,6,91.78,3.26
ECE20222461,Vaishnavi Desai,ECE,3,B,40.7,59.31,8.01,36,6,91.99,3.67
MECH20212462,Nilima Parikh,MECH,5,B,71.5,89.08,5.14,9,6,94.86,1.08
IT20202463,Udarsh Dhaliwal,IT,8,C,37.12,42.56,8.85,51,6,91.15,-4.8
MECH20232464,Megha Ramaswamy,MECH,2,A,20.16,47.66,12.53,47,6,87.47,-4.85
CSE20202465,Anthony Agarwal,CSE,7,C,73.86,72.64,7.76,24,5,92.24,-1.29
IT20222466,Qasim Gaba,IT,4,C,66.04,74.42,9.71,23,5,90.29,0.81
ECE20202467,Upasna Gara,ECE,7,A,68.04,89.9,14.88,9,6,85.12,2.54
CSE20212468,Victor Bumb,CSE,6,C,62.31,87.92,13.55,10,5,86.45,-1.09
ECE20212469,Damyanti Balakrishnan,ECE,6,B,68.39,71.27,11.36,25,5,88.64,0.32
MECH20202470,Deepa Narain,MECH,7,A,72.69,82.28,10.43,15,5,89.57,4.24
MECH20202471,Suhani Gupta,MECH,7,C,20.58,57.79,12.17,37,6,87.83,0.6
MECH20222472,Krisha Bhardwaj,MECH,4,C,35.9,48.7,8.38,46,5,91.62,-4.92
ECE20212473,Ayaan Dar,ECE,5,A,69.14,87.87,11.14,10,6,88.86,0.66
MECH20222474,Bhavika Pant,MECH,3,C,50.14,88.03,8.99,10,6,91.01,-2.87
IT20212475,Shivani Jha,IT,6,A,73.21,60.35,10.06,35,6,89.94,1.18
MECH20202476,Vedhika Bali,MECH,7,C,32.38,41.17,8.38,52,5,91.62,3.33
CSE20202477,Omisha Shah,CSE,7,B,50.86,82.1,13.87,16,6,86.13,-3.53
ECE20232478,Chasmum Sur,ECE,1,C,61.23,67.73,12.04,29,5,87.96,4.28
MECH20222479,Praneel Mohan,MECH,4,B,50.23,69.32,7.62,27,6,92.38,-2.65
CIVIL20222480,Timothy Wali,CIVIL,3,A,58.36,70.89,11.3,26,5,88.7,-4.39
ECE20202481,Frado Tata,ECE,8,B,29.34,35.82,6.66,57,5,93.34,1.8
ECE20232482,Odika Lanka,ECE,2,C,88.67,99.28,4.96,0,6,95.04,-4.85
IT20232483,Harita Vyas,IT,2,B,20.49,31.17,10.73,61,5,89.27,1.19
IT20212484,Hritik Dayal,IT,5,B,26.53,55.68,6.38,39,6,93.62,4.96
CIVIL20232485,Simon Sharaf,CIVIL,2,A,64.7,85.78,23.89,12,6,76.11,0.08
CSE20202486,Yashvi Chahal,CSE,7,C,43.37,38.15,19.21,55,5,80.79,-0.88
MECH20202487,Amaira Ramachandran,MECH,8,C,67.43,65.54,11.16,31,5,88.84,4.09
CSE20222488,Kritika Sharaf,CSE,3,B,45.93,39.47,18.32,54,6,81.68,3.84
ECE20212489,Yadavi Ravel,ECE,6,A,90.94,98.35,2.14,1,5,97.86,-3.21
MECH20212490,Jalsa Mand,MECH,6,C,72.14,87.64,9.11,11,6,90.89,-4.13
ECE20222491,Ikbal Padmanabhan,ECE,3,C,51.45,64.82,12.52,31,6,87.48,-3.71
CIVIL20202492,Omaja Buch,CIVIL,8,B,80.58,65.81,17.77,30,5,82.23,4.75
CIVIL20222493,Jhalak Apte,CIVIL,3,A,35.34,58.4,8.59,37,5,91.41,2.79
CSE20232494,Aditya Hegde,CSE,1,B,64.6,73.24,13.25,24,5,86.75,2.37
ECE20232495,Balveer Bandi,ECE,2,A,56.98,62.92,6.09,33,6,93.91,4.35
IT20202496,Lekha Mistry,IT,8,C,72.48,67.68,7.88,29,5,92.12,-1.99
CSE20212497,Bhavika Parmer,CSE,5,A,61.98,60.44,5.03,35,5,94.97,2.38
CIVIL20212498,Lakshit Basak,CIVIL,6,C,88.49,47.48,14.46,47,6,85.54,4.39
IT20232499,Ranbir Sidhu,IT,1,A,51.93,75.52,7.46,22,5,92.54,-2.19
CIVIL20232500,Zashil Johal,CIVIL,1,B,77.3,85.55,2.32,13,5,97.68,-4.23
MECH20222501,Sudiksha Raman,MECH,3,B,46.65,37.53,15.24,56,5,84.76,2.84
CIVIL20202502,Chasmum Prabhu,CIVIL,8,B,89.08,91.83,4.47,7,6,95.53,-0.5
CSE20232503,Qabil Chadha,CSE,1,C,57.72,75.74,10.78,21,6,89.22,0.18
CIVIL20232504,Ryan Virk,CIVIL,2,A,48.42,46.99,9.45,47,6,90.55,-0.41
CIVIL20232505,Xavier Zachariah,CIVIL,1,A,27.57,33.01,11.0,60,6,89.0,-4.06
IT20232506,Nitesh Dubey,IT,2,B,41.13,44.49,7.65,49,6,92.35,0.47
IT20232507,Netra Bhat,IT,2,C,54.08,68.8,13.47,28,6,86.53,3.02
CSE20212508,Pahal Bhagat,CSE,6,A,34.57,52.65,16.57,42,6,83.43,-0.02
MECH20212509,Ubika Chander,MECH,5,B,63.91,85.91,11.3,12,5,88.7,-4.91
IT20232510,Keya Mangal,IT,2,C,50.67,62.42,6.03,33,5,93.97,0.46
CIVIL20232511,Abhiram Kibe,CIVIL,1,A,54.38,87.76,6.26,11,5,93.74,-1.99
IT20202512,Jeet Tak,IT,7,C,26.44,36.87,18.51,56,5,81.49,3.88
IT20202513,Gopal Minhas,IT,7,C,24.6,53.14,14.31,42,6,85.69,-1.27
ECE20232514,Yoshita Agrawal,ECE,2,C,59.17,68.1,5.24,28,6,94.76,4.0
MECH20212515,Sachi Sandhu,MECH,6,B,22.67,64.56,15.15,31,6,84.85,-4.89
MECH20202516,Sanaya Pradhan,MECH,7,B,71.51,66.12,5.36,30,6,94.64,-3.64
CSE20212517,Lohit Gokhale,CSE,6,B,70.33,67.36,11.07,29,6,88.93,-2.34
CIVIL20202518,Tripti Sarkar,CIVIL,8,A,67.66,70.71,7.51,26,5,92.49,3.13
IT20222519,Ekbal Hans,IT,3,B,23.21,51.04,18.59,44,6,81.41,3.31
CSE20202520,Hiral Ratta,CSE,7,B,67.87,67.04,5.49,29,5,94.51,1.83
CSE20202521,Ishaan Lalla,CSE,7,A,66.76,84.94,5.75,13,6,94.25,2.56
IT20202522,Vyanjana Naidu,IT,7,A,34.78,98.19,7.85,1,6,92.15,4.02
CSE20212523,Fariq Bhat,CSE,5,A,57.89,87.46,12.5,11,6,87.5,-2.19
MECH20222524,Bachittar Palla,MECH,3,C,85.94,98.32,3.61,1,6,96.39,-0.8
ECE20212525,Eiravati Sridhar,ECE,5,A,29.2,66.61,5.04,30,5,94.96,1.81
MECH20232526,Nitara Malhotra,MECH,1,A,55.25,85.44,15.65,13,6,84.35,-2.82
CIVIL20222527,Harita Srinivas,CIVIL,4,C,63.28,70.46,10.97,26,5,89.03,0.02
IT20222528,Rachit Khatri,IT,4,C,78.92,92.15,5.75,7,5,94.25,-4.13
CSE20202529,Dalbir Bhatt,CSE,8,C,71.53,69.68,5.82,27,6,94.18,4.38
CIVIL20212530,Vansha Arora,CIVIL,5,C,57.46,80.99,9.93,17,6,90.07,0.34
MECH20202531,Indrajit Bhat,MECH,8,A,57.57,78.45,14.17,19,6,85.83,-1.03
CIVIL20232532,Chakrika Agarwal,CIVIL,1,B,87.86,71.66,10.25,25,5,89.75,1.57
CSE20202533,Charan Deo,CSE,7,C,46.88,58.49,8.69,37,6,91.31,4.62
CSE20222534,Rehaan Padmanabhan,CSE,4,B,53.33,67.37,11.16,29,6,88.84,-0.26
ECE20212535,Adweta Bali,ECE,5,A,95.65,89.02,5.37,9,6,94.63,-3.39
CSE20212536,Vanya Upadhyay,CSE,5,B,37.66,58.26,19.1,37,5,80.9,3.28
ECE20232537,Idika Ramanathan,ECE,2,C,54.89,66.08,14.89,30,6,85.11,-3.75
CSE20202538,Chandresh Nagi,CSE,7,C,38.35,64.65,16.36,31,6,83.64,-3.95
MECH20212539,Vamakshi Loyal,MECH,6,B,43.74,45.37,10.61,49,6,89.39,-2.72
ECE20212540,Turvi Choudhury,ECE,5,B,51.23,60.7,5.55,35,5,94.45,-1.37
CSE20232541,Reva Baria,CSE,2,A,58.87,66.94,6.74,29,6,93.26,3.87
CSE20202542,Yahvi Agrawal,CSE,8,A,23.96,60.24,12.69,35,6,87.31,-2.3
CIVIL20222543,Reyansh Bawa,CIVIL,4,A,52.39,82.22,11.86,16,6,88.14,1.75
CSE20202544,Kiaan Dutt,CSE,7,A,37.11,93.74,16.83,5,6,83.17,-2.34
ECE20232545,Chandresh Majumdar,ECE,1,B,92.7,91.12,7.14,7,5,92.86,-0.13
MECH20212546,Azad Gour,MECH,6,A,33.08,38.84,19.91,55,5,80.09,3.81
CSE20232547,Amara Panchal,CSE,1,A,73.79,69.68,6.61,27,6,93.39,3.88
ECE20222548,Udant Chada,ECE,3,B,73.02,74.72,13.63,22,5,86.37,4.75
IT20202549,Yutika Suresh,IT,7,C,67.49,65.82,14.37,30,6,85.63,2.56
IT20232550,Pahal Comar,IT,2,A,73.61,87.64,10.12,11,5,89.88,-0.69
IT20232551,Ethan Patla,IT,2,C,69.29,78.22,13.05,19,5,86.95,2.28
MECH20212552,Priya Sani,MECH,5,C,34.18,62.5,18.06,33,5,81.94,-0.49
CIVIL20212553,Yoshita Jha,CIVIL,5,A,70.77,72.6,8.36,24,5,91.64,-0.57
IT20202554,Oeshi Roy,IT,7,B,91.01,94.88,6.29,4,5,93.71,-1.87
IT20212555,Jyoti Rao,IT,6,C,92.86,90.13,5.52,8,6,94.48,-4.51
MECH20222556,Falak Dada,MECH,3,C,67.08,65.75,6.57,30,5,93.43,-4.27
MECH20212557,Isaiah Walia,MECH,6,A,39.1,54.73,6.88,40,6,93.12,3.2
CSE20202558,Chaaya Kara,CSE,8,C,44.7,37.04,11.74,56,5,88.26,-4.4
MECH20212559,Dalbir Bhatnagar,MECH,5,A,82.42,88.45,2.03,10,5,97.97,0.3
CIVIL20202560,Wakeeta Sahni,CIVIL,8,B,73.64,41.13,15.64,52,6,84.36,2.35
IT20222561,Vrishti Chana,IT,4,A,31.16,61.58,6.14,34,5,93.86,1.51
IT20232562,Zinal Bala,IT,2,A,47.15,76.59,24.71,21,6,75.29,4.69
MECH20232563,Arin Sehgal,MECH,1,A,20.76,57.8,7.77,37,6,92.23,2.64
IT20232564,Theodore Mann,IT,1,A,64.71,88.54,14.95,10,6,85.05,2.54
ECE20222565,Oscar Raman,ECE,4,A,66.37,62.86,12.21,33,5,87.79,0.66
CIVIL20212566,Faqid Sachar,CIVIL,6,C,65.93,86.27,10.98,12,5,89.02,-1.91
ECE20202567,Radha Shanker,ECE,8,A,63.98,80.02,11.05,17,6,88.95,-1.92
MECH20202568,Rishi Soni,MECH,7,C,57.19,75.83,10.0,21,5,90.0,-1.78
CSE20222569,Ryan Verma,CSE,4,B,80.4,89.38,3.59,9,6,96.41,0.46
MECH20222570,Noah Babu,MECH,3,A,78.27,95.28,7.79,4,5,92.21,-4.66
IT20222571,Xiti Rege,IT,4,C,84.36,97.27,5.81,2,5,94.19,-1.93
ECE20222572,Lakshmi Borah,ECE,3,A,66.66,73.46,13.44,23,5,86.56,-2.35
ECE20222573,Eiravati Talwar,ECE,4,A,66.11,67.62,7.4,29,6,92.6,4.08
CSE20222574,Michael Dasgupta,CSE,4,B,62.91,85.66,8.32,12,6,91.68,-1.13
MECH20222575,Vamakshi Chauhan,MECH,4,B,69.99,74.84,6.25,22,6,93.75,-1.11
IT20202576,Frederick Dara,IT,7,B,33.37,61.87,7.39,34,5,92.61,-1.06
CIVIL20202577,Anamika Apte,CIVIL,7,A,63.12,83.52,10.9,14,5,89.1,1.61
ECE20212578,Diya Karnik,ECE,5,B,88.55,86.61,6.89,12,6,93.11,-4.25
MECH20202579,Theodore Gaba,MECH,8,A,45.64,41.05,14.56,53,5,85.44,0.16
ECE20212580,Balvan Solanki,ECE,5,C,51.13,79.82,10.81,18,6,89.19,4.15
CSE20212581,Ekalinga Bir,CSE,6,C,40.45,31.01,20.55,62,5,79.45,-0.05
MECH20232582,Wishi Dora,MECH,1,C,57.83,65.13,10.41,31,5,89.59,-4.91
CSE20202583,Chaman Dewan,CSE,8,A,59.82,75.41,5.13,22,5,94.87,0.41
MECH20202584,Jai Pall,MECH,8,C,68.52,76.8,7.5,20,5,92.5,-1.95
CIVIL20202585,Geetika Bhalla,CIVIL,7,B,42.08,39.52,8.22,54,5,91.78,4.1
MECH20212586,Rayaan Mittal,MECH,6,A,61.02,88.16,14.75,10,5,85.25,3.85
CIVIL20232587,Shravya Khatri,CIVIL,1,C,89.77,93.66,7.32,5,5,92.68,3.43
ECE20232588,Xalak Soni,ECE,1,B,39.37,44.01,14.94,50,5,85.06,-4.96
CSE20202589,Jacob Chaudhary,CSE,7,A,60.01,79.65,13.44,18,6,86.56,0.92
ECE20202590,Vidhi Palan,ECE,7,C,62.11,69.38,7.55,27,6,92.45,-4.39
ECE20222591,Dayita Shanker,ECE,4,B,43.29,57.46,5.89,38,6,94.11,-0.22
CIVIL20212592,Isha Ravi,CIVIL,5,A,59.21,69.25,10.24,27,6,89.76,-4.74
CIVIL20212593,Forum Borde,CIVIL,5,C,75.01,94.26,4.94,5,6,95.06,-2.05
ECE20232594,Jai Chandran,ECE,2,C,67.0,85.39,5.02,13,6,94.98,-4.59
CIVIL20222595,Chakradhar Sarma,CIVIL,3,A,57.64,75.89,6.55,21,6,93.45,-0.84
MECH20232596,Michael Kohli,MECH,1,A,29.72,55.9,19.37,39,6,80.63,0.17
CIVIL20212597,Zayyan Kalla,CIVIL,5,B,64.01,83.69,6.95,14,5,93.05,2.82
CIVIL20202598,Sanya Pall,CIVIL,8,B,58.95,80.32,10.72,17,6,89.28,1.31
CIVIL20202599,Lavanya Nigam,CIVIL,7,B,37.32,69.03,24.44,27,6,75.56,1.65
ECE20232600,Viraj Chad,ECE,2,A,30.95,63.96,18.17,32,6,81.83,3.81
CSE20222601,Rishi Oommen,CSE,3,C,37.27,45.07,9.51,49,5,90.49,3.48
CSE20232602,Chandresh Roy,CSE,1,C,50.26,70.19,11.11,26,6,88.89,-4.14
MECH20232603,Naksh Rau,MECH,1,B,97.69,98.75,7.63,1,5,92.37,4.43
IT20232604,Ojasvi Wali,IT,2,B,58.56,73.69,13.33,23,6,86.67,2.44
IT20232605,Priya Handa,IT,1,B,68.63,81.66,8.52,16,5,91.48,-1.75
ECE20222606,Daksha Mody,ECE,4,C,28.32,58.55,6.01,37,5,93.99,-2.07
IT20202607,Wahab Walia,IT,7,B,96.27,96.25,5.34,3,5,94.66,1.82
IT20202608,Lakshmi Dalal,IT,8,A,35.39,60.59,9.01,35,5,90.99,3.61
IT20212609,Wridesh Bhasin,IT,6,C,57.52,81.79,13.89,16,5,86.11,1.31
CIVIL20202610,Jatin Parikh,CIVIL,8,A,59.96,66.69,9.36,29,5,90.64,2.31
IT20232611,Finn Kalita,IT,1,A,63.21,85.7,5.68,12,6,94.32,-1.33
MECH20202612,Viraj Sarkar,MECH,8,C,35.2,31.92,10.61,61,6,89.39,-1.76
CIVIL20232613,Benjamin Kata,CIVIL,1,B,95.99,98.01,5.09,1,6,94.91,-2.51
ECE20202614,Anusha Peri,ECE,8,A,49.21,54.1,8.72,41,5,91.28,-4.31
CSE20212615,Hamsini Edwin,CSE,5,A,66.44,60.94,9.48,35,5,90.52,3.37
CSE20232616,Pranav Master,CSE,2,A,58.13,63.73,5.65,32,5,94.35,-0.4
ECE20212617,Faqid Kari,ECE,5,A,33.65,58.73,15.17,37,5,84.83,4.54
ECE20212618,Omkaar Kar,ECE,6,A,61.83,73.29,11.66,24,6,88.34,-3.51
CIVIL20212619,Jagvi Dey,CIVIL,5,A,53.78,76.63,14.48,21,5,85.52,3.14
ECE20212620,Aarush Oza,ECE,6,A,68.56,84.71,9.96,13,6,90.04,-0.46
CIVIL20212621,Joshua Luthra,CIVIL,6,C,47.31,57.2,7.74,38,6,92.26,-4.99
ECE20232622,Gaurav Muni,ECE,2,B,74.17,60.83,13.13,35,6,86.87,-5.0
MECH20232623,Tara Manda,MECH,2,C,64.62,60.32,6.95,35,5,93.05,1.99
MECH20232624,Advik Tandon,MECH,2,A,22.4,38.78,9.63,55,5,90.37,-2.39
ECE20232625,Avi Jha,ECE,2,A,31.06,52.63,5.42,42,6,94.58,-2.1
IT20202626,Upadhriti Dugal,IT,7,C,37.04,94.4,7.89,5,5,92.11,4.05
CSE20202627,Inaya Sarkar,CSE,7,B,85.49,99.52,5.89,0,6,94.11,-3.0
CIVIL20222628,Yochana Konda,CIVIL,4,B,88.52,62.94,11.93,33,5,88.07,4.08
IT20202629,Naksh Sha,IT,8,C,45.43,50.11,18.04,44,5,81.96,-0.84
CIVIL20232630,Wriddhish Dey,CIVIL,1,A,45.16,46.34,13.84,48,5,86.16,-2.1
ECE20232631,Sathvik Rege,ECE,1,C,94.86,95.06,4.1,4,6,95.9,0.73
ECE20222632,Farhan Nagi,ECE,3,A,92.89,95.5,7.05,4,6,92.95,4.52
ECE20212633,Yug Boase,ECE,5,C,46.83,52.17,19.08,43,6,80.92,-2.19
CSE20212634,Faqid Aurora,CSE,5,C,28.54,50.43,11.58,44,6,88.42,-3.55
CIVIL20232635,Alka Ahluwalia,CIVIL,1,C,56.8,87.56,13.12,11,5,86.88,0.8
IT20232636,Udarsh Goel,IT,1,C,61.47,81.68,9.1,16,5,90.9,3.61
MECH20202637,Jatin Nagarajan,MECH,8,B,74.42,77.4,13.14,20,6,86.86,-0.77
CIVIL20212638,Joshua More,CIVIL,6,B,52.62,81.49,11.04,16,5,88.96,-3.71
CSE20212639,Xalak Chauhan,CSE,5,A,80.89,91.7,4.9,7,5,95.1,0.44
IT20222640,Bachittar Dada,IT,4,C,59.58,72.19,23.85,25,6,76.15,4.71
MECH20212641,Dayamai Radhakrishnan,MECH,5,A,55.91,71.1,7.27,26,5,92.73,0.63
CSE20202642,Banjeet Palla,CSE,8,A,94.57,38.82,8.31,55,5,91.69,-1.15
CSE20222643,Anya Tiwari,CSE,4,C,35.89,36.99,12.46,56,6,87.54,2.28
CSE20222644,Banjeet Babu,CSE,4,A,81.33,87.88,5.13,10,5,94.87,2.64
CIVIL20202645,Rachita Gade,CIVIL,7,C,56.68,71.09,13.66,26,6,86.34,-3.98
ECE20202646,Lajita Issac,ECE,8,C,51.18,52.7,15.52,42,6,84.48,2.63
MECH20232647,Tanay Kalla,MECH,2,C,70.81,88.04,7.89,10,6,92.11,0.43
CIVIL20232648,Warjas Venkataraman,CIVIL,2,C,71.54,64.05,12.28,32,6,87.72,0.48
MECH20202649,Sudiksha Sankar,MECH,8,A,87.7,85.76,3.21,12,5,96.79,3.06
ECE20232650,Dalbir Banerjee,ECE,2,A,65.83,72.91,11.39,24,5,88.61,-0.41
IT20232651,Mohammed Mallick,IT,2,B,60.99,74.12,12.95,23,5,87.05,1.35
IT20212652,Janani Nayar,IT,6,B,68.36,65.15,5.77,31,5,94.23,3.5
CSE20232653,Nitesh Goel,CSE,1,B,68.03,78.58,8.97,19,6,91.03,-2.41
MECH20232654,Balendra Choudhury,MECH,2,C,70.01,61.75,12.75,34,5,87.25,-3.79
MECH20232655,Laban Kurian,MECH,1,C,70.97,63.27,12.98,33,5,87.02,4.04
IT20212656,Prisha Chandra,IT,5,C,68.46,77.38,6.66,20,6,93.34,2.83
ECE20212657,Orinder Tripathi,ECE,5,A,65.79,74.4,13.4,23,5,86.6,0.09
IT20202658,Dhruv Nayar,IT,7,C,66.97,61.99,12.61,34,6,87.39,-0.42
ECE20212659,Zehaan Pall,ECE,6,A,43.27,49.07,14.93,45,5,85.07,-0.55
ECE20232660,Zashil Mall,ECE,2,C,91.96,90.16,7.58,8,6,92.42,-3.04
ECE20232661,Oeshi Mann,ECE,2,C,84.18,93.57,6.06,5,5,93.94,-0.48
MECH20212662,Yasti Anand,MECH,6,A,40.98,57.8,19.01,37,6,80.99,-3.04
MECH20202663,Zinal Munshi,MECH,8,C,23.9,39.12,16.06,54,5,83.94,-4.27
CSE20202664,Nitesh Golla,CSE,7,A,68.08,73.9,9.58,23,6,90.42,0.23
CIVIL20232665,Aishani Parmar,CIVIL,1,C,63.69,57.14,16.63,38,6,83.37,4.4
MECH20232666,Ranbir Sandal,MECH,1,B,70.13,88.85,8.27,10,5,91.73,-0.39
MECH20202667,Widisha Batra,MECH,7,C,68.48,60.87,10.69,35,6,89.31,1.92
MECH20212668,Gaurang Shankar,MECH,6,B,53.39,83.56,14.46,14,6,85.54,0.64
CIVIL20232669,Abhimanyu Dara,CIVIL,2,B,31.47,64.25,8.06,32,6,91.94,2.07
MECH20222670,Devansh Brar,MECH,4,C,60.95,78.89,6.16,19,6,93.84,0.03
IT20212671,Varsha Dubey,IT,5,C,50.41,60.58,7.15,35,5,92.85,0.32
MECH20212672,Owen Halder,MECH,5,B,73.12,85.01,12.77,13,5,87.23,-3.87
CSE20222673,Tejas Gill,CSE,3,A,87.13,87.0,4.94,11,5,95.06,1.37
MECH20232674,William Mangal,MECH,1,C,84.06,98.05,4.57,1,5,95.43,-4.16
CSE20232675,Darpan Shenoy,CSE,1,A,67.42,66.38,15.36,30,5,84.64,4.02
CSE20232676,Raghav Nayar,CSE,2,A,97.18,91.34,7.79,7,6,92.21,-0.73
ECE20202677,Arjun Suresh,ECE,8,C,24.4,37.52,19.93,56,6,80.07,-2.63
CIVIL20202678,Ikshita Kade,CIVIL,8,B,68.96,83.64,5.42,14,6,94.58,-0.75
CIVIL20212679,Tanvi Padmanabhan,CIVIL,6,A,90.82,32.13,4.21,61,6,95.79,0.09
CIVIL20202680,Yauvani Dugar,CIVIL,7,C,57.13,70.13,11.35,26,6,88.65,1.55
CIVIL20202681,Gautami Kale,CIVIL,7,C,93.55,99.47,3.18,0,5,96.82,-2.07
IT20202682,Nidra Mangat,IT,8,C,49.13,42.43,7.59,51,6,92.41,-4.89
CIVIL20232683,Panini Majumdar,CIVIL,2,C,67.56,74.6,5.55,22,6,94.45,2.65
MECH20212684,David Bal,MECH,5,A,31.71,33.71,18.7,59,6,81.3,0.11
CIVIL20232685,Harish Sundaram,CIVIL,2,A,76.49,99.65,6.41,0,6,93.59,-4.8
ECE20232686,Ayushman Loke,ECE,1,A,95.33,91.0,2.77,8,6,97.23,-4.68
CIVIL20232687,Deepa Jain,CIVIL,1,A,57.77,61.64,8.84,34,5,91.16,-2.47
MECH20212688,Janya Khalsa,MECH,5,B,85.89,89.74,3.28,9,5,96.72,-4.69
IT20222689,Ekantika Sha,IT,4,A,43.34,34.26,10.15,59,5,89.85,-3.22
CIVIL20212690,Xavier Dave,CIVIL,5,C,93.73,86.78,4.98,11,6,95.02,-0.5
CIVIL20212691,Laban Singhal,CIVIL,6,A,88.09,94.72,3.92,4,6,96.08,2.5
CSE20212692,Lavanya Vala,CSE,6,C,85.93,97.11,4.4,2,5,95.6,-2.13
CSE20222693,Ucchal Saraf,CSE,3,A,74.39,80.99,6.25,17,5,93.75,-2.73
IT20202694,Neel Bawa,IT,8,C,76.17,88.41,5.08,10,5,94.92,0.54
MECH20202695,Anusha Khatri,MECH,8,C,39.82,63.38,19.39,32,5,80.61,-0.93
CIVIL20232696,Kalpit Sheth,CIVIL,1,A,93.5,96.12,3.01,3,6,96.99,-3.74
IT20202697,Chasmum Sahni,IT,8,C,39.35,42.68,5.13,51,5,94.87,-0.89
MECH20232698,Hemani Mane,MECH,2,A,89.98,88.63,7.65,10,6,92.35,2.87
ECE20222699,Urmi Narula,ECE,4,A,76.09,85.96,6.79,12,5,93.21,-4.43
IT20222700,Benjamin Yohannan,IT,4,A,52.4,66.74,6.2,29,6,93.8,-1.77
MECH20212701,Tejas Madan,MECH,5,B,61.86,75.26,10.07,22,6,89.93,-2.48
CSE20212702,Qasim Dhar,CSE,5,C,77.52,90.49,6.67,8,5,93.33,2.0
IT20222703,Osha Seshadri,IT,3,A,69.96,65.95,5.7,30,5,94.3,1.29
ECE20232704,Gautam Swaminathan,ECE,2,B,54.12,68.82,8.2,28,6,91.8,1.83
IT20222705,Bishakha Raghavan,IT,4,A,32.48,53.57,17.31,41,6,82.69,-0.98
CIVIL20212706,Harini Mand,CIVIL,6,C,32.12,52.85,12.84,42,5,87.16,-4.21
IT20232707,Girik Pandya,IT,2,B,63.38,72.49,9.68,24,6,90.32,-3.92
MECH20232708,Neelima Sinha,MECH,2,C,54.03,71.25,11.7,25,5,88.3,-1.11
CIVIL20222709,Shivani Narayanan,CIVIL,3,C,82.74,89.44,2.41,9,6,97.59,-2.94
CIVIL20212710,Dalaja Rastogi,CIVIL,5,C,69.54,86.41,9.69,12,6,90.31,-0.58
CSE20222711,Tanish Choudhary,CSE,3,C,31.0,63.54,18.24,32,6,81.76,0.6
ECE20232712,Ira Aggarwal,ECE,1,A,48.57,46.48,7.74,48,5,92.26,4.08
IT20202713,Triya Iyer,IT,8,C,88.31,86.77,7.62,11,5,92.38,-4.9
ECE20202714,Vasatika Narang,ECE,7,A,53.8,78.75,10.94,19,5,89.06,2.06
CSE20232715,Hiral Kumar,CSE,2,C,82.02,95.19,3.79,4,5,96.21,1.77
ECE20232716,Janya Iyer,ECE,2,A,71.69,81.44,10.97,16,5,89.03,0.95
IT20232717,Advika Natarajan,IT,1,A,60.8,71.03,7.98,26,5,92.02,4.93
IT20222718,Nihal Kibe,IT,3,A,33.88,32.89,7.29,60,5,92.71,1.3
IT20212719,Warhi Kaur,IT,6,A,72.59,78.39,5.36,19,6,94.64,-2.31
ECE20232720,Pratyush Mishra,ECE,1,C,77.66,97.42,4.03,2,6,95.97,2.11
IT20202721,Robert Gaba,IT,7,A,89.45,94.61,2.83,4,6,97.17,-3.55
CSE20212722,Girish Madan,CSE,5,C,72.62,77.61,11.1,20,5,88.9,4.1
IT20212723,Simon Oak,IT,6,C,64.08,74.25,7.89,23,6,92.11,-2.37
ECE20202724,Urvashi Nagy,ECE,8,B,80.21,34.16,14.67,59,6,85.33,-0.62
MECH20222725,Joshua Patla,MECH,4,A,77.68,97.79,7.58,1,5,92.42,0.92
CSE20222726,Anay Kade,CSE,3,B,38.41,40.31,15.82,53,5,84.18,4.95
CSE20202727,Zilmil Saraf,CSE,8,C,55.47,65.5,9.23,31,6,90.77,2.35
CIVIL20202728,Falguni Bhagat,CIVIL,7,B,31.46,30.38,11.63,62,5,88.37,1.59
ECE20232729,Chanakya Wason,ECE,1,A,91.17,88.82,2.07,10,6,97.93,-3.94
ECE20232730,Gaurika Prasad,ECE,1,A,29.16,38.02,18.02,55,5,81.98,0.05
CIVIL20212731,Unnati Bawa,CIVIL,5,C,46.21,49.53,5.62,45,6,94.38,-2.89
IT20202732,Pratyush Loke,IT,7,B,85.33,87.79,3.7,10,5,96.3,-1.54
ECE20202733,Hritik Bose,ECE,7,A,69.5,85.84,11.01,12,5,88.99,0.81
MECH20212734,Nathaniel Prakash,MECH,6,C,66.71,66.56,10.73,30,6,89.27,1.65
IT20212735,Ranbir Khosla,IT,6,C,61.55,69.08,10.17,27,6,89.83,-0.39
MECH20202736,Ojas Nayar,MECH,7,A,20.67,33.63,11.65,59,5,88.35,-0.87
CIVIL20222737,Bhavini Butala,CIVIL,4,A,74.65,67.27,13.34,29,6,86.66,-2.93
IT20222738,Yashawini Subramanian,IT,3,C,76.89,91.65,6.84,7,6,93.16,3.3
CIVIL20202739,Chanchal Tara,CIVIL,7,B,59.51,81.69,6.69,16,6,93.31,-4.61
CSE20202740,Ethan Ramakrishnan,CSE,7,C,55.53,61.94,14.41,34,5,85.59,3.22
CIVIL20202741,Laban Bahl,CIVIL,7,C,66.64,83.54,14.53,14,5,85.47,-3.36
MECH20202742,Dalaja Varma,MECH,8,B,73.42,71.56,8.41,25,5,91.59,1.9
CIVIL20202743,Aditya Rao,CIVIL,7,B,97.91,88.87,7.37,10,6,92.63,-2.02
CIVIL20222744,Shivani Yogi,CIVIL,3,C,54.63,66.98,14.92,29,5,85.08,-0.93
IT20222745,Kevin Soman,IT,4,A,50.21,88.91,8.24,9,5,91.76,-0.59
MECH20232746,Manya Chand,MECH,2,A,77.45,96.52,5.97,3,5,94.03,1.31
CIVIL20222747,Gautami Memon,CIVIL,3,A,63.25,62.29,13.35,33,5,86.65,-3.5
IT20212748,Deepa Wable,IT,6,C,44.72,42.14,16.46,52,5,83.54,-3.46
MECH20232749,Hredhaan Bail,MECH,2,C,43.63,61.61,18.89,34,6,81.11,1.3
ECE20212750,Lakshmi Maharaj,ECE,5,A,76.19,93.06,2.27,6,5,97.73,-4.08
MECH20222751,Triya Issac,MECH,3,B,68.71,79.37,11.69,18,5,88.31,-4.46
CSE20222752,Mitali Mahajan,CSE,3,A,92.47,63.38,7.75,32,5,92.25,1.18
ECE20202753,William Deshpande,ECE,8,C,36.83,53.18,7.15,42,6,92.85,2.39
ECE20202754,Jasmit Soni,ECE,8,B,56.63,71.14,10.21,25,5,89.79,-0.53
CIVIL20232755,Keya Merchant,CIVIL,2,A,73.88,80.83,12.92,17,6,87.08,4.03
MECH20232756,Mitesh Menon,MECH,1,C,82.64,90.0,3.03,8,5,96.97,1.52
CSE20202757,Kavya Talwar,CSE,8,B,52.15,67.3,12.94,29,5,87.06,-0.81
ECE20222758,Aryan Rana,ECE,4,C,28.4,31.51,15.25,61,5,84.75,3.4
MECH20232759,Aachal Guha,MECH,1,A,76.9,92.72,4.23,6,5,95.77,-4.43
ECE20222760,Jackson Trivedi,ECE,4,C,24.75,57.79,14.18,37,5,85.82,2.08
IT20202761,Ekalinga Sinha,IT,8,C,57.86,73.87,12.41,23,6,87.59,4.26
CSE20202762,Shaurya Chandra,CSE,8,A,22.61,42.1,15.7,52,5,84.3,3.92
IT20222763,Jackson Chhabra,IT,4,B,74.57,82.41,7.61,15,5,92.39,3.75
CIVIL20222764,Harita Balan,CIVIL,3,A,96.48,89.91,3.66,9,6,96.34,-3.99
CSE20232765,Faras Parmer,CSE,2,A,74.69,82.6,14.75,15,6,85.25,-4.43
CIVIL20202766,Lakshmi Ramachandran,CIVIL,7,C,56.04,86.47,14.72,12,6,85.28,-4.11
IT20212767,Edhitha Sarin,IT,6,C,94.76,92.1,7.31,7,6,92.69,3.08
CSE20232768,Kabir Saraf,CSE,1,C,54.24,94.12,19.75,5,5,80.25,-2.54
ECE20202769,Chasmum Jani,ECE,8,B,97.99,93.16,4.19,6,6,95.81,-0.18
MECH20212770,Pratyush Hayer,MECH,5,B,30.94,38.03,6.37,55,6,93.63,-4.89
ECE20232771,Watika Comar,ECE,1,B,70.97,88.56,11.7,10,6,88.3,1.64
CSE20232772,Triveni Mohan,CSE,2,A,51.24,71.35,5.39,25,6,94.61,-0.38
ECE20202773,Charan Guha,ECE,7,B,62.36,80.06,5.91,17,5,94.09,1.4
ECE20212774,Pavani Randhawa,ECE,5,C,69.66,77.48,7.42,20,6,92.58,4.29
CIVIL20232775,Anmol Dyal,CIVIL,2,B,54.99,65.05,13.03,31,5,86.97,0.17
CSE20222776,Chaaya Nazareth,CSE,4,C,89.95,89.99,5.61,9,5,94.39,2.51
MECH20232777,Darsh Kulkarni,MECH,2,A,59.31,70.34,8.02,26,5,91.98,-0.28
ECE20202778,Deepa Kunda,ECE,7,C,85.54,98.72,6.76,1,5,93.24,3.63
ECE20212779,Wazir Chaudry,ECE,5,B,49.81,40.37,12.84,53,5,87.16,4.38
IT20212780,Yutika Balasubramanian,IT,5,A,72.51,63.67,10.08,32,5,89.92,4.99
CIVIL20212781,Vrishti Dada,CIVIL,5,B,84.8,90.88,2.06,8,5,97.94,2.71
MECH20212782,Vihaan Parmar,MECH,6,B,28.79,40.47,18.63,53,6,81.37,3.57
ECE20232783,Jackson Vasa,ECE,1,A,67.79,66.8,12.38,29,6,87.62,0.16
CIVIL20212784,Gayathri Ramaswamy,CIVIL,6,A,91.55,96.04,6.81,3,5,93.19,-0.73
ECE20202785,Jhalak Nagar,ECE,7,A,73.57,70.28,11.6,26,5,88.4,-3.39
CIVIL20212786,Daniel Loyal,CIVIL,5,C,55.39,61.5,14.38,34,6,85.62,3.29
CIVIL20202787,Mohammed Kala,CIVIL,8,B,82.4,99.32,7.01,0,5,92.99,-0.47
CIVIL20232788,Gayathri Ram,CIVIL,2,B,96.16,90.34,2.13,8,6,97.87,1.66
ECE20222789,Patrick Bora,ECE,3,A,52.72,65.12,11.96,31,6,88.04,-3.54
CIVIL20232790,Vasana Sathe,CIVIL,2,A,62.42,89.82,5.98,9,6,94.02,4.8
CSE20222791,Ati Raman,CSE,4,A,88.32,90.67,7.32,8,5,92.68,-4.57
CSE20202792,Nirja Rai,CSE,8,A,87.61,89.78,4.95,9,6,95.05,-2.62
MECH20232793,Jyoti Sehgal,MECH,1,A,37.31,31.61,17.2,61,5,82.8,1.85
MECH20212794,Nilima Venkatesh,MECH,5,C,56.66,86.98,9.13,11,6,90.87,-1.62
ECE20202795,Nathan Chhabra,ECE,7,C,52.55,73.22,8.13,24,5,91.87,-4.05
ECE20232796,Sai Ganesan,ECE,1,A,82.57,90.84,6.85,8,5,93.15,-0.84
IT20212797,Janaki Chawla,IT,5,B,27.89,33.5,17.24,59,6,82.76,1.96
CIVIL20212798,Nisha Rai,CIVIL,6,A,63.35,65.49,9.17,31,5,90.83,-2.41
IT20232799,Zayan Dhaliwal,IT,2,B,58.8,62.89,6.12,33,6,93.88,4.89
ECE20222800,Falguni Som,ECE,3,A,65.8,85.61,10.91,12,6,89.09,1.39
CSE20202801,Meghana Khare,CSE,8,B,71.76,75.83,6.41,21,5,93.59,-3.48
IT20202802,Sudiksha Wali,IT,7,A,71.12,73.89,10.13,23,6,89.87,4.42
MECH20202803,Saksham Jhaveri,MECH,7,C,31.18,30.54,15.34,62,5,84.66,-0.06
ECE20232804,Ridhi Joshi,ECE,2,B,91.75,87.46,3.77,11,5,96.23,4.22
MECH20222805,Gautami Sem,MECH,3,A,61.05,81.91,11.72,16,6,88.28,3.08
IT20202806,Chatura Ramanathan,IT,7,B,61.9,67.52,8.11,29,5,91.89,-4.4
CSE20222807,Matthew Solanki,CSE,4,A,73.84,61.34,9.67,34,6,90.33,3.02
CIVIL20232808,Garima Sarin,CIVIL,2,A,50.97,74.63,5.54,22,6,94.46,0.74
CIVIL20222809,Lakshmi Narayanan,CIVIL,3,A,53.25,83.45,10.3,14,5,89.7,5.0
CIVIL20222810,Viraj Pandit,CIVIL,3,B,58.15,80.97,11.47,17,5,88.53,-4.42
ECE20222811,Chameli Lad,ECE,3,A,70.7,69.57,8.0,27,6,92.0,-2.17
IT20202812,Pahal Badami,IT,8,C,59.05,73.96,11.64,23,5,88.36,-3.66
CIVIL20202813,Rachita Dutt,CIVIL,7,B,50.1,71.11,5.53,26,5,94.47,4.7
IT20212814,Advika Saraf,IT,5,B,62.04,85.75,14.71,12,5,85.29,2.09
IT20202815,Wyatt Dalal,IT,8,B,76.75,93.74,4.08,5,5,95.92,0.57
CSE20212816,Damyanti Dewan,CSE,5,A,80.91,89.09,2.0,9,5,98.0,0.49
ECE20222817,Peter Thakur,ECE,4,B,70.62,71.68,8.85,25,6,91.15,4.64
IT20212818,Frado Doctor,IT,5,B,66.7,60.62,5.57,35,6,94.43,0.18
MECH20222819,Hitesh Shankar,MECH,3,A,70.1,75.77,10.39,21,5,89.61,3.18
MECH20212820,Patrick Wason,MECH,5,A,62.89,72.4,10.66,24,6,89.34,0.08
MECH20232821,Alka Kala,MECH,1,C,71.03,89.37,14.02,9,6,85.98,-3.89
CIVIL20202822,Ekaraj Mishra,CIVIL,7,A,69.64,82.17,6.14,16,6,93.86,-2.09
CSE20222823,Aadi Varma,CSE,3,C,59.7,84.16,14.44,14,6,85.56,-2.11
CSE20232824,Samarth Balakrishnan,CSE,1,B,53.31,79.26,11.42,18,5,88.58,1.9
IT20222825,Logan Barad,IT,3,B,85.87,55.25,24.17,40,6,75.83,-4.76
CSE20202826,Rudra Shanker,CSE,8,C,45.26,59.3,8.48,36,5,91.52,0.93
CIVIL20222827,Sai Mangat,CIVIL,3,A,47.58,50.94,16.23,44,5,83.77,2.15
MECH20232828,Liam Hayre,MECH,2,B,54.23,75.97,8.3,21,5,91.7,-1.17
ECE20232829,Yug Shroff,ECE,2,A,20.54,33.8,7.1,59,6,92.9,-0.38
CSE20232830,Zaitra Ratta,CSE,2,C,72.08,71.16,9.69,25,5,90.31,-1.15
CSE20212831,Dev Gera,CSE,5,C,21.33,55.03,10.14,40,5,89.86,-4.71
MECH20222832,Bina Ghosh,MECH,4,A,74.63,72.31,13.89,24,5,86.11,-4.4
CSE20212833,Chaaya Jani,CSE,6,B,81.43,86.62,6.93,12,6,93.07,0.12
MECH20232834,Veda Chahal,MECH,1,B,31.72,48.94,6.5,45,6,93.5,3.52
MECH20202835,Manthan Kalita,MECH,8,A,53.75,87.28,9.54,11,5,90.46,1.91
MECH20222836,Baljiwan Ratti,MECH,3,B,69.07,68.37,12.33,28,6,87.67,1.15
CIVIL20232837,David Modi,CIVIL,2,C,59.49,67.77,5.51,29,5,94.49,-2.52
IT20202838,Urmi Bajaj,IT,7,C,62.5,79.2,10.4,18,5,89.6,-2.22
IT20232839,Rachita Singhal,IT,2,C,81.27,91.01,5.83,8,5,94.17,-3.3
ECE20232840,Xiti Jayaraman,ECE,2,C,25.66,72.77,12.31,24,5,87.69,4.7
ECE20222841,Lohit Mahal,ECE,4,A,56.34,69.31,8.96,27,5,91.04,1.49
CSE20212842,Varenya Naidu,CSE,6,C,44.12,37.91,18.54,55,6,81.46,4.92
CSE20222843,Wahab Rao,CSE,3,B,39.72,62.68,14.13,33,5,85.87,-0.51
CSE20202844,Yashvi Rout,CSE,8,C,60.92,76.14,14.3,21,5,85.7,-4.87
ECE20202845,Vedhika Pai,ECE,8,A,82.7,85.42,3.94,13,6,96.06,-0.32
CSE20232846,Ranveer Atwal,CSE,2,C,52.21,71.09,9.23,26,5,90.77,-2.44
MECH20232847,Turvi Suri,MECH,2,B,69.09,60.47,9.68,35,5,90.32,-1.41
CSE20222848,Viraj Venkataraman,CSE,4,A,75.31,95.41,7.56,4,6,92.44,3.09
CSE20212849,Jagrati Dhillon,CSE,5,A,84.82,86.35,6.36,12,6,93.64,3.25
ECE20232850,Chakrika Deo,ECE,2,A,89.54,86.8,7.68,11,6,92.32,-2.41
CSE20202851,Urishilla Sankaran,CSE,7,C,86.49,93.34,7.59,5,5,92.41,-3.99
IT20212852,Zayan Shan,IT,6,A,66.29,74.55,5.11,22,6,94.89,-0.28
IT20212853,Zansi Chacko,IT,6,C,54.8,73.06,5.91,24,5,94.09,-3.36
MECH20232854,Utkarsh Mitra,MECH,1,A,44.64,57.45,18.31,38,6,81.69,-0.0
CSE20232855,Falak Hora,CSE,2,B,68.19,61.75,13.28,34,5,86.72,2.47
ECE20202856,Luke Modi,ECE,8,B,73.24,73.96,12.78,23,5,87.22,-1.39
CSE20222857,Nisha Dube,CSE,4,B,86.07,93.53,5.22,5,5,94.78,2.31
IT20202858,Sarthak Dugal,IT,7,B,63.36,76.68,9.19,20,5,90.81,1.33
IT20222859,Yutika Joshi,IT,3,A,67.16,72.95,6.38,24,5,93.62,2.59
MECH20222860,Sanaya Badal,MECH,4,C,39.83,55.24,14.8,40,5,85.2,-4.01
IT20212861,Jalsa Sami,IT,5,A,87.53,74.02,2.05,23,6,97.95,2.22
MECH20222862,Akshay Upadhyay,MECH,3,A,86.36,98.25,3.38,1,5,96.62,1.49
CIVIL20232863,Gaurangi Vig,CIVIL,1,C,44.43,42.84,8.37,51,5,91.63,4.84
IT20202864,Lavanya Saha,IT,8,A,61.25,74.19,24.85,23,5,75.15,3.09
MECH20212865,Maya Konda,MECH,5,C,67.21,36.45,10.44,57,6,89.56,-0.07
IT20222866,Abdul Shetty,IT,4,C,61.99,79.67,9.13,18,5,90.87,3.24
MECH20222867,Manya Dora,MECH,4,A,64.25,79.34,7.28,18,6,92.72,1.59
IT20202868,Jagrati Prasad,IT,8,A,62.66,87.1,12.73,11,6,87.27,-4.59
CSE20232869,Sarthak Bahl,CSE,1,A,33.73,46.24,15.23,48,6,84.77,-1.01
IT20212870,Ridhi Boase,IT,6,C,62.94,72.68,13.97,24,6,86.03,-1.06
IT20232871,Janaki Rao,IT,2,B,95.33,87.61,6.31,11,6,93.69,1.92
IT20212872,Yashoda Balasubramanian,IT,5,A,71.03,72.42,9.64,24,5,90.36,1.22
MECH20202873,Oliver Sankar,MECH,7,B,74.44,63.46,9.87,32,6,90.13,1.95
ECE20212874,Kamala Dugal,ECE,6,A,28.59,46.91,15.66,47,6,84.34,-3.71
CIVIL20232875,Jairaj Mangal,CIVIL,1,B,74.74,63.51,8.45,32,5,91.55,-3.69
CSE20232876,Jyoti Krishnamurthy,CSE,1,C,85.54,96.92,3.26,2,5,96.74,-1.89
ECE20212877,Rushil Gola,ECE,6,A,60.52,77.71,5.71,20,5,94.29,1.72
MECH20222878,Amara Palan,MECH,4,C,55.7,89.25,10.61,9,5,89.39,-3.96
MECH20222879,Viraj Shroff,MECH,3,B,69.67,69.89,7.21,27,6,92.79,-2.9
MECH20232880,Charles Keer,MECH,1,A,79.28,90.92,5.71,8,5,94.29,1.36
ECE20202881,Jeremiah Kalla,ECE,7,C,41.12,58.09,13.54,37,6,86.46,-4.55
MECH20222882,Yatin Bhattacharyya,MECH,3,C,89.85,97.13,3.41,2,5,96.59,-0.38
ECE20212883,Warinder Butala,ECE,5,C,77.87,97.62,7.54,2,5,92.46,0.12
IT20212884,Shravya Dora,IT,5,C,61.46,85.08,6.24,13,6,93.76,-1.19
ECE20202885,Tanish Chand,ECE,8,B,46.47,44.75,19.82,49,6,80.18,-4.8
CSE20212886,Pranit Lala,CSE,6,B,55.52,70.51,8.3,26,5,91.7,3.63
CSE20222887,Om Halder,CSE,4,C,85.61,90.15,6.03,8,5,93.97,0.72
ECE20222888,Abdul Shenoy,ECE,4,B,53.37,78.49,13.41,19,5,86.59,-1.4
CIVIL20222889,Anjali Contractor,CIVIL,4,B,62.62,82.53,5.41,15,5,94.59,-2.78
CSE20222890,Jonathan Mannan,CSE,3,A,60.59,83.31,6.11,15,6,93.89,2.46
IT20212891,Gaurang Lalla,IT,6,B,20.48,46.25,15.36,48,5,84.64,-3.26
CSE20222892,Champak Bakshi,CSE,3,B,70.22,64.59,13.25,31,5,86.75,4.39
CSE20232893,Vritti Jhaveri,CSE,2,C,34.23,54.54,10.61,40,5,89.39,4.71
MECH20222894,Matthew Kari,MECH,3,A,29.73,62.42,8.49,33,5,91.51,-2.43
CIVIL20212895,Harsh Chada,CIVIL,5,C,78.36,85.64,4.81,12,6,95.19,1.57
CIVIL20212896,Anika Bhardwaj,CIVIL,6,A,31.63,59.2,12.0,36,6,88.0,2.81
ECE20222897,Warinder Handa,ECE,3,C,59.61,67.02,12.18,29,6,87.82,-2.08
CSE20212898,Devika Agate,CSE,6,A,81.68,90.97,4.55,8,5,95.45,-2.8
CSE20202899,Lohit Rattan,CSE,7,B,93.74,91.65,3.32,7,6,96.68,-0.24
CIVIL20212900,Tarak Saini,CIVIL,5,C,97.51,97.86,2.8,1,6,97.2,4.48
CSE20222901,Yatin Chowdhury,CSE,3,C,58.98,79.97,5.46,18,6,94.54,-1.55
MECH20222902,Faraj Upadhyay,MECH,3,A,67.47,61.35,8.04,34,5,91.96,4.39
CSE20222903,Laksh Bose,CSE,4,C,41.1,51.34,10.14,43,5,89.86,4.46
IT20232904,Triya Arora,IT,2,C,64.15,86.74,10.74,11,6,89.26,-0.22
ECE20202905,Krishna Setty,ECE,7,B,60.45,68.61,7.0,28,6,93.0,-4.46
MECH20232906,Harsh Ravi,MECH,2,C,70.63,85.95,10.17,12,5,89.83,2.79
MECH20212907,Radhika Kant,MECH,5,A,63.0,83.82,9.32,14,6,90.68,-1.92
CIVIL20222908,Karan Sidhu,CIVIL,3,C,24.31,39.51,7.08,54,6,92.92,3.43
CIVIL20232909,Inaya Balasubramanian,CIVIL,2,C,97.33,97.46,7.28,2,6,92.72,4.76
CIVIL20202910,Saksham Divan,CIVIL,8,C,89.35,87.45,6.1,11,5,93.9,1.92
IT20232911,Laksh Magar,IT,2,B,71.1,68.65,12.88,28,6,87.12,-0.33
IT20212912,Aarav Ahuja,IT,5,B,65.99,63.72,5.2,32,5,94.8,2.5
ECE20212913,Upkaar Pingle,ECE,5,A,61.72,82.63,9.74,15,6,90.26,3.46
CSE20222914,Neha Verma,CSE,3,A,47.9,37.12,9.95,56,5,90.05,1.92
ECE20212915,Timothy Jaggi,ECE,6,B,53.49,69.14,13.53,27,6,86.47,2.46
MECH20232916,Azad Sandhu,MECH,1,C,66.83,82.51,7.08,15,6,92.92,4.23
IT20232917,Triya Bala,IT,2,A,67.03,71.48,8.07,25,5,91.93,4.31
CSE20232918,Aahana Bobal,CSE,2,B,39.81,64.07,19.24,32,5,80.76,-4.36
ECE20202919,Alka Hora,ECE,8,C,63.84,76.31,6.92,21,5,93.08,1.21
CSE20222920,Nirja Uppal,CSE,4,A,71.17,81.67,14.53,16,5,85.47,-0.99
MECH20232921,Guneet Kurian,MECH,2,C,34.73,33.69,16.02,59,5,83.98,-2.43
MECH20212922,Shivansh Dhillon,MECH,6,C,53.95,89.11,13.73,9,5,86.27,-2.61
MECH20232923,Eshana Raj,MECH,2,A,85.75,97.85,5.1,1,5,94.9,4.8
ECE20212924,Idika Majumdar,ECE,5,C,97.73,89.61,3.55,9,5,96.45,4.06
IT20212925,Veer Dar,IT,6,C,91.36,87.22,7.62,11,5,92.38,-2.93
IT20202926,Ojasvi Karan,IT,7,C,74.95,88.11,12.81,10,6,87.19,4.16
IT20222927,Laban Gara,IT,4,B,49.36,74.56,21.94,22,5,78.06,-2.1
ECE20202928,Wakeeta Sawhney,ECE,7,B,62.52,86.82,9.37,11,6,90.63,3.99
IT20202929,Nathan Cherian,IT,7,B,61.56,64.96,7.49,31,6,92.51,-2.34
CIVIL20222930,Anmol Wali,CIVIL,4,B,76.02,90.64,6.12,8,5,93.88,-3.94
MECH20222931,Ryan Pandey,MECH,3,C,53.18,89.24,7.45,9,5,92.55,0.62
IT20212932,Ganga Seth,IT,6,C,97.14,85.42,7.41,13,5,92.59,4.63
CSE20212933,Yug Rai,CSE,5,A,57.62,63.82,13.16,32,6,86.84,-2.24
ECE20232934,Ucchal Narang,ECE,2,B,71.85,82.02,14.33,16,5,85.67,3.38
CIVIL20212935,Rehaan Seth,CIVIL,5,B,87.31,91.92,6.09,7,5,93.91,-3.46
ECE20212936,Dhruv Boase,ECE,6,C,52.56,73.24,8.92,24,6,91.08,2.54
IT20212937,Eshana Modi,IT,6,C,42.57,64.2,10.24,32,5,89.76,-1.12
ECE20202938,Gunbir Oak,ECE,8,A,84.92,60.76,9.94,35,6,90.06,-1.1
CIVIL20202939,Zayan Verma,CIVIL,8,A,71.72,85.42,13.59,13,6,86.41,-4.03
CIVIL20222940,Ayaan Kaur,CIVIL,3,B,78.37,86.03,5.64,12,5,94.36,-0.2
ECE20232941,Jai Shankar,ECE,1,A,61.58,64.82,12.43,31,5,87.57,4.85
CIVIL20202942,Sai Dutta,CIVIL,8,C,65.99,61.36,13.43,34,5,86.57,-1.94
CSE20212943,Kai Pant,CSE,6,B,29.18,57.57,10.44,38,6,89.56,-1.62
MECH20212944,Amara Misra,MECH,5,B,70.21,63.93,11.89,32,5,88.11,-1.0
CIVIL20232945,Triya Sura,CIVIL,2,C,86.8,99.07,7.42,0,6,92.58,4.58
CIVIL20202946,Qadim Jani,CIVIL,8,A,70.31,85.63,6.87,12,6,93.13,-2.79
CIVIL20212947,Hamsini Bandi,CIVIL,5,C,67.12,83.6,5.57,14,6,94.43,-2.7
IT20202948,Jagrati Goel,IT,8,B,51.29,67.62,12.01,29,6,87.99,-0.41
ECE20232949,Amrita Purohit,ECE,1,B,52.49,40.56,7.31,53,5,92.69,2.21
CSE20212950,Parth Lall,CSE,6,A,22.01,79.91,16.91,18,5,83.09,-1.49
MECH20202951,Dalaja Wali,MECH,8,B,69.13,87.77,13.82,11,6,86.18,-1.25
MECH20212952,Omisha Bora,MECH,6,C,70.74,80.32,15.0,17,5,85.0,2.68
MECH20212953,Chatresh Barad,MECH,5,A,71.58,80.42,5.51,17,5,94.49,-0.44
CIVIL20222954,Gayathri Karnik,CIVIL,4,C,52.93,89.7,8.77,9,6,91.23,1.92
IT20232955,Dominic Krishnamurthy,IT,2,B,61.6,77.28,11.8,20,6,88.2,3.59
IT20202956,Gopal Parmer,IT,7,A,27.93,35.04,11.45,58,5,88.55,2.41
ECE20232957,Simon Soni,ECE,1,B,30.8,55.46,12.05,40,5,87.95,-1.69
IT20222958,Gaurika Prakash,IT,4,B,83.16,99.91,6.16,0,6,93.84,-3.49
ECE20232959,Bhavani Ganesh,ECE,2,C,61.88,77.89,12.02,19,6,87.98,-0.82
IT20212960,Adya Mahajan,IT,5,B,50.7,73.55,14.38,23,6,85.62,-1.15
ECE20232961,Oni Dutt,ECE,1,C,80.34,99.51,13.64,0,5,86.36,-2.66
CSE20202962,Zehaan Gaba,CSE,7,B,50.86,88.25,5.73,10,5,94.27,2.07
CSE20232963,Manya Chander,CSE,2,B,53.41,88.56,9.22,10,6,90.78,1.03
ECE20222964,Kritika Subramanian,ECE,3,B,74.33,61.36,14.55,34,6,85.45,2.14
IT20202965,Atharv Kibe,IT,7,A,72.32,64.99,5.66,31,5,94.34,4.51
IT20222966,Wahab Dani,IT,3,C,92.89,94.67,2.64,4,5,97.36,-2.75
IT20222967,Pranit Arya,IT,4,B,55.84,80.27,8.16,17,5,91.84,0.53
MECH20202968,Bishakha Gupta,MECH,7,C,74.94,76.27,13.12,21,5,86.88,-1.36
ECE20222969,Chaaya Shukla,ECE,4,C,53.46,69.99,8.24,27,6,91.76,-3.38
IT20222970,Tara Joshi,IT,4,B,70.75,82.94,12.03,15,5,87.97,-1.16
CIVIL20202971,Hamsini Parekh,CIVIL,7,B,71.4,50.0,14.5,44,6,85.5,-2.22
CIVIL20212972,Bhavika Dayal,CIVIL,5,B,74.23,80.55,13.4,17,5,86.6,0.5
ECE20232973,Shivani Dar,ECE,1,A,74.45,86.44,13.92,12,6,86.08,4.39
CIVIL20212974,Eta Reddy,CIVIL,5,C,59.7,68.81,10.92,28,6,89.08,-3.91
ECE20212975,Baghyawati Kar,ECE,6,B,95.78,89.13,4.5,9,5,95.5,-1.04
IT20202976,Amrita Khatri,IT,8,A,68.81,91.77,22.67,7,6,77.33,1.81
CIVIL20232977,Keya Balakrishnan,CIVIL,1,C,50.4,64.15,5.23,32,5,94.77,-0.99
CIVIL20232978,Anmol Srivastava,CIVIL,2,A,74.75,77.49,5.54,20,6,94.46,-0.11
ECE20222979,Tristan Sen,ECE,3,A,39.95,62.84,17.76,33,5,82.24,-0.05
IT20222980,Samuel Ramesh,IT,4,C,70.59,76.43,5.91,21,6,94.09,-4.97
IT20202981,Kavya Batta,IT,8,A,31.92,55.51,13.46,40,5,86.54,3.98
CIVIL20232982,Michael Chaudhuri,CIVIL,1,B,70.09,58.15,15.52,37,5,84.48,4.68
CIVIL20202983,Ria Iyengar,CIVIL,7,C,29.6,52.42,8.05,42,6,91.95,-3.19
MECH20212984,Nicholas Chaudhary,MECH,6,A,56.31,85.24,7.93,13,5,92.07,2.91
IT20212985,Geetika Patla,IT,5,C,62.35,61.1,9.84,35,6,90.16,-2.45
CSE20222986,Joshua Nagy,CSE,4,C,97.97,97.86,2.23,1,5,97.77,1.53
MECH20232987,Chanchal Apte,MECH,2,C,49.99,64.76,8.84,31,6,91.16,4.45
CSE20202988,Nathan Rastogi,CSE,8,B,56.44,81.86,14.24,16,6,85.76,-4.67
MECH20222989,Joshua Banerjee,MECH,3,B,44.9,45.69,16.83,48,5,83.17,1.47
MECH20212990,Ekalinga Jain,MECH,6,C,64.05,74.73,11.55,22,5,88.45,-0.11
MECH20232991,Henry Oak,MECH,1,C,50.3,61.42,6.71,34,5,93.29,-4.13
CIVIL20232992,Michael D’Alia,CIVIL,1,B,61.67,68.77,10.57,28,5,89.43,-0.01
MECH20222993,Yasti Karan,MECH,4,C,94.04,98.79,5.58,1,5,94.42,2.02
MECH20212994,Jeet Karpe,MECH,5,B,96.04,90.64,3.09,8,6,96.91,4.91
ECE20202995,Yashasvi Atwal,ECE,8,C,38.46,52.92,7.01,42,6,92.99,-1.62
MECH20202996,Krish Sood,MECH,7,A,67.05,70.26,14.83,26,6,85.17,2.11
ECE20222997,Hardik Badal,ECE,3,C,62.55,46.19,17.52,48,6,82.48,-0.5
CSE20202998,Meera Shan,CSE,7,C,86.28,99.04,2.98,0,6,97.02,2.72
MECH20222999,Ijaya Pandit,MECH,4,A,65.57,76.61,11.26,21,5,88.74,2.4
ECE20213000,Nitesh Bhalla,ECE,5,A,52.73,69.13,7.21,27,6,92.79,4.07
IT20223001,Jason Ramanathan,IT,3,B,69.8,66.76,7.37,29,6,92.63,2.1
MECH20233002,Atharv Badal,MECH,1,C,70.64,70.41,5.9,26,6,94.1,-2.88
IT20203003,David Nagi,IT,7,B,59.43,83.35,6.02,14,6,93.98,-1.24
MECH20203004,Yashasvi Rao,MECH,7,C,64.29,74.94,6.24,22,6,93.76,-2.69
CSE20223005,Mason Bhandari,CSE,4,C,32.67,61.56,16.19,34,6,83.81,0.58
ECE20223006,Fiyaz Tella,ECE,4,B,68.97,86.36,8.19,12,5,91.81,1.97
IT20203007,Aditya Sampath,IT,7,C,66.66,83.13,19.73,15,5,80.27,1.53
CIVIL20203008,Bina Dass,CIVIL,7,A,53.31,67.42,4.77,29,6,95.23,-3.89
ECE20203009,Naksh Bedi,ECE,8,A,68.0,77.69,12.76,20,6,87.24,3.43
CSE20223010,Aarini Patil,CSE,3,B,60.51,70.28,6.75,26,6,93.25,2.58
ECE20233011,Parth Bains,ECE,1,B,90.99,94.74,4.42,4,6,95.58,4.15
ECE20203012,Harini Ganesh,ECE,8,B,67.12,82.98,9.4,15,6,90.6,-2.79
IT20213013,Henry Chaudhari,IT,6,A,66.2,80.27,7.55,17,5,92.45,2.6
CSE20223014,Neel Mistry,CSE,4,B,59.93,64.61,10.3,31,6,89.7,0.22
CIVIL20213015,Triveni Narain,CIVIL,5,C,57.33,84.29,10.22,14,6,89.78,-0.6
MECH20233016,Matthew Mukherjee,MECH,1,A,67.81,64.22,8.09,32,6,91.91,-4.98
IT20223017,Yauvani Doctor,IT,3,C,46.15,60.09,14.99,35,6,85.01,3.74
CIVIL20213018,Bimala Lall,CIVIL,6,C,53.7,87.99,14.56,10,6,85.44,-0.36
CIVIL20233019,Chakradhar Dayal,CIVIL,1,B,67.84,82.64,9.95,15,5,90.05,0.12
CIVIL20223020,Kabir Dhaliwal,CIVIL,3,A,32.25,36.44,9.4,57,5,90.6,-2.92
CSE20203021,Ojas Tripathi,CSE,7,B,24.84,34.59,9.57,58,5,90.43,4.46
IT20233022,Andrew Pathak,IT,1,B,63.58,68.54,9.07,28,6,90.93,1.58
CSE20203023,Gagan Kashyap,CSE,8,C,71.79,64.21,11.15,32,6,88.85,-0.48
MECH20213024,Aayush Dara,MECH,5,C,33.1,47.16,5.37,47,5,94.63,-2.52
CIVIL20213025,Ekta Shukla,CIVIL,6,B,57.84,71.81,11.07,25,5,88.93,4.59
MECH20223026,Madhavi Sankaran,MECH,4,C,62.15,81.49,11.26,16,5,88.74,-2.86
ECE20213027,Wakeeta Seth,ECE,6,B,47.0,59.84,8.78,36,6,91.22,-2.82
MECH20203028,Noah Vohra,MECH,8,C,51.12,82.8,14.27,15,6,85.73,-1.97
IT20233029,Hamsini Bhargava,IT,2,A,56.45,74.02,11.37,23,5,88.63,2.46
CSE20213030,Maanav Roy,CSE,5,B,62.65,62.82,12.73,33,6,87.27,-3.53
ECE20203031,Oviya Mitra,ECE,8,C,51.75,60.58,11.82,35,5,88.18,-4.41
CIVIL20233032,Kavya Batra,CIVIL,2,B,29.76,42.32,5.88,51,6,94.12,0.13
CIVIL20203033,Naveen Dara,CIVIL,8,C,30.58,56.23,19.06,39,5,80.94,0.62
CSE20213034,Triya Loke,CSE,6,A,33.98,37.96,5.8,55,6,94.2,4.71
CIVIL20223035,Gayathri Chaudhry,CIVIL,4,C,52.93,84.77,8.6,13,6,91.4,1.67
ECE20223036,Lipika Sami,ECE,4,B,55.94,87.0,9.21,11,6,90.79,1.21
MECH20223037,Triya Buch,MECH,4,A,58.24,74.67,10.69,22,6,89.31,-3.51
ECE20203038,Mugdha Kunda,ECE,7,A,71.09,37.34,4.94,56,6,95.06,1.18
ECE20203039,Kritika Dass,ECE,8,C,74.43,85.93,12.23,12,5,87.77,4.2
CIVIL20213040,Nachiket Kara,CIVIL,6,C,53.93,87.97,8.8,10,5,91.2,-1.01
CIVIL20233041,Quincy Borah,CIVIL,2,B,90.23,88.72,17.71,10,5,82.29,-2.28
MECH20213042,Eesha Wable,MECH,6,A,76.92,97.67,7.9,2,5,92.1,4.46
CSE20233043,Kabir Raj,CSE,1,C,75.47,98.3,3.93,1,5,96.07,1.6
CIVIL20233044,Kavya Jhaveri,CIVIL,1,C,50.57,75.61,11.15,21,5,88.85,2.66
MECH20203045,Raksha Som,MECH,7,B,57.47,71.15,11.96,25,5,88.04,-0.38
CIVIL20213046,Ishani Talwar,CIVIL,5,A,73.19,85.9,10.31,12,5,89.69,-1.63
CSE20223047,Jairaj Seth,CSE,3,A,89.35,92.22,3.52,6,6,96.48,3.34
CSE20203048,Nimrat Suresh,CSE,7,A,57.8,70.68,2.55,26,5,97.45,-4.59
IT20223049,Daniel Sethi,IT,3,C,59.71,88.44,9.97,10,6,90.03,2.78
ECE20233050,Chandran Gade,ECE,2,C,62.5,75.06,12.47,22,6,87.53,2.92
ECE20223051,George Rastogi,ECE,3,C,52.38,89.12,7.7,9,6,92.3,-3.06
CIVIL20233052,Waida Ratta,CIVIL,1,C,62.27,76.74,14.19,20,5,85.81,-1.65
CSE20233053,Hema Singh,CSE,1,A,59.79,73.29,6.24,24,6,93.76,1.91
IT20203054,Ryan Kant,IT,7,C,70.09,83.24,9.48,15,6,90.52,4.53
ECE20213055,Kabir Chaudhuri,ECE,5,C,56.44,71.82,6.05,25,5,93.95,-0.49
IT20223056,Darsh Samra,IT,4,A,23.5,43.87,5.62,50,5,94.38,3.85
CIVIL20213057,Tanay Varughese,CIVIL,6,C,37.05,64.36,11.22,32,6,88.78,-4.65
MECH20213058,Irya Sarma,MECH,5,A,65.26,62.52,13.9,33,5,86.1,-3.51
IT20203059,Osha Wable,IT,7,A,57.12,75.55,9.62,22,6,90.38,0.96
CSE20223060,Ekalinga Mitra,CSE,3,B,48.98,52.77,7.29,42,5,92.71,-3.66
IT20203061,Zayan Saini,IT,8,B,67.03,88.84,8.58,10,5,91.42,-2.96
MECH20233062,Harsh Mahal,MECH,2,A,54.46,60.36,14.67,35,6,85.33,-4.79
CIVIL20233063,Dalbir Dave,CIVIL,2,A,76.08,93.33,3.72,6,6,96.28,-4.05
CIVIL20203064,Patrick Ganguly,CIVIL,7,B,69.81,88.12,9.94,10,6,90.06,-4.5
ECE20213065,Kavya Chopra,ECE,6,C,62.17,88.24,9.74,10,5,90.26,1.49
CSE20233066,Osha Doctor,CSE,1,A,97.09,86.23,5.22,12,5,94.78,0.27
ECE20223067,Vanya Raju,ECE,3,A,63.37,62.47,6.97,33,6,93.03,3.76
IT20203068,Ayush Babu,IT,8,B,68.79,80.86,11.38,17,6,88.62,4.66
ECE20223069,Dakshesh Sabharwal,ECE,3,C,55.87,62.57,6.54,33,5,93.46,2.69
CIVIL20213070,Amrita Gade,CIVIL,6,A,97.19,92.18,4.39,7,5,95.61,1.42
ECE20213071,Anay Sodhi,ECE,5,A,81.43,86.54,4.03,12,6,95.97,-4.76
CIVIL20233072,Aishani Kurian,CIVIL,1,B,50.78,76.07,13.19,21,6,86.81,3.25
MECH20233073,Faraj Kibe,MECH,1,C,54.15,69.07,10.4,27,5,89.6,-2.01
CSE20223074,Andrew Srivastava,CSE,4,B,69.77,81.42,10.96,16,5,89.04,-2.04
IT20233075,Adweta Kale,IT,1,B,28.63,46.53,9.18,48,6,90.82,2.43
ECE20233076,Xavier Balasubramanian,ECE,1,C,93.78,86.59,5.53,12,5,94.47,3.51
MECH20203077,Parth Chatterjee,MECH,8,A,91.07,88.81,6.46,10,6,93.54,2.79
ECE20213078,Upkaar Hari,ECE,6,B,66.08,84.67,10.87,13,5,89.13,1.11
ECE20233079,Agastya Borde,ECE,1,B,50.71,65.14,13.08,31,6,86.92,1.55
ECE20213080,Aditya Goswami,ECE,5,A,46.07,43.44,13.25,50,5,86.75,-0.53
CSE20223081,Radha Swaminathan,CSE,4,B,87.74,97.18,2.77,2,5,97.23,-4.95
ECE20233082,Ayushman Gola,ECE,2,A,67.02,87.93,11.85,10,6,88.15,-0.54
CIVIL20203083,Chameli Sharaf,CIVIL,8,A,83.62,85.37,3.3,13,5,96.7,-0.61
MECH20203084,Andrew Karan,MECH,8,C,73.82,86.78,11.42,11,6,88.58,-3.57
CIVIL20213085,Wyatt Bedi,CIVIL,6,B,54.31,82.37,13.56,15,6,86.44,4.05
ECE20233086,Andrew Patil,ECE,1,C,38.49,47.0,13.3,47,6,86.7,0.56
ECE20213087,Idika Bhavsar,ECE,6,A,54.35,51.12,7.24,43,6,92.76,3.43
ECE20213088,Parth Mukherjee,ECE,5,C,37.42,34.33,11.09,59,6,88.91,-3.59
CIVIL20213089,Rayaan Mahajan,CIVIL,6,A,62.52,76.08,8.16,21,5,91.84,4.73
ECE20233090,Chasmum Dixit,ECE,2,A,57.28,68.46,5.13,28,6,94.87,2.49
IT20223091,Meera Mani,IT,4,C,97.33,99.43,4.07,0,6,95.93,3.08
IT20203092,Oscar Natarajan,IT,8,C,72.86,87.47,14.89,11,5,85.11,1.44
MECH20213093,Devika Swaminathan,MECH,6,A,36.33,42.12,5.95,52,5,94.05,-4.27
MECH20223094,Darika Batra,MECH,4,C,70.42,81.04,11.85,17,5,88.15,3.96
ECE20223095,William Dara,ECE,3,A,74.34,68.86,13.93,28,6,86.07,3.0
CSE20223096,Raagini Toor,CSE,3,C,58.69,76.88,9.47,20,6,90.53,-2.76
CSE20223097,Rachit Char,CSE,3,C,53.19,85.93,10.51,12,6,89.49,3.65
IT20223098,Yatan Gera,IT,3,B,74.12,63.48,13.92,32,6,86.08,2.36
CIVIL20223099,Kabir Gill,CIVIL,3,A,83.31,81.75,18.16,16,6,81.84,2.86
IT20213100,Azad Choudhry,IT,6,B,61.01,83.22,14.73,15,6,85.27,4.95
ECE20203101,Wyatt Subramaniam,ECE,7,A,84.99,96.5,6.96,3,6,93.04,0.56
CIVIL20223102,Ekavir Sane,CIVIL,4,A,89.19,89.81,4.15,9,5,95.85,4.52
MECH20213103,Zaid Walla,MECH,5,B,65.22,76.77,5.69,20,5,94.31,0.74
IT20213104,Indrajit Arya,IT,5,C,58.48,83.06,5.7,15,6,94.3,-3.22
IT20213105,Tanay Subramanian,IT,5,B,46.13,58.59,13.87,37,6,86.13,1.33
IT20213106,Gauri Gola,IT,6,A,65.81,73.69,10.25,23,5,89.75,-0.69
MECH20223107,Amara Khalsa,MECH,4,A,74.93,61.18,10.97,34,5,89.03,4.98
ECE20233108,Yachana Agate,ECE,1,C,64.6,62.87,7.45,33,6,92.55,-1.04
CSE20203109,Avni Prabhakar,CSE,7,C,60.47,64.36,7.97,32,6,92.03,-0.47
MECH20203110,Keya Muni,MECH,8,A,53.28,73.63,5.23,23,5,94.77,-3.48
CSE20203111,Nachiket Baral,CSE,7,B,76.7,96.73,4.25,2,6,95.75,4.76
CIVIL20233112,Janya Suresh,CIVIL,1,A,62.72,64.42,11.02,32,6,88.98,-1.72
ECE20223113,Amaira Brahmbhatt,ECE,4,B,20.87,43.36,5.84,50,6,94.16,-0.99
CSE20233114,Lohit Prakash,CSE,1,B,73.58,79.9,9.88,18,5,90.12,-4.63
IT20223115,Diya Peri,IT,4,A,70.89,83.96,13.07,14,6,86.93,3.38
ECE20223116,Garima Kashyap,ECE,4,C,51.9,89.67,9.23,9,6,90.77,0.29
CIVIL20223117,Faras Salvi,CIVIL,3,C,61.32,82.9,14.4,15,6,85.6,-0.25
MECH20233118,Oeshi Kar,MECH,2,A,86.84,93.92,7.74,5,5,92.26,-3.09
ECE20233119,Rachita Dani,ECE,1,B,54.75,88.55,11.34,10,6,88.66,-3.82
ECE20213120,Charles Banerjee,ECE,6,C,32.34,57.45,14.56,38,5,85.44,4.42
CSE20213121,Viraj Goyal,CSE,5,C,72.39,71.0,6.2,26,5,93.8,-4.93
MECH20223122,Yagnesh Shukla,MECH,4,C,58.15,81.95,8.5,16,5,91.5,-0.74
IT20233123,Radhika Sood,IT,1,B,65.66,89.14,14.49,9,6,85.51,-4.48
IT20223124,Bhavna Chana,IT,3,A,73.41,84.37,14.55,14,5,85.45,-3.16
IT20223125,Triveni Jayaraman,IT,3,B,58.94,71.42,12.69,25,6,87.31,-4.04
CIVIL20213126,Jagat Saran,CIVIL,6,B,55.87,68.1,14.63,28,5,85.37,4.52
MECH20233127,Viraj Roy,MECH,1,A,56.0,75.25,7.04,22,6,92.96,-3.53
CIVIL20203128,Vedhika Pandey,CIVIL,7,A,67.83,70.78,5.28,26,5,94.72,0.54
MECH20213129,Gaurika Hora,MECH,6,B,86.15,97.78,2.25,1,6,97.75,-3.91
ECE20213130,Dhriti Chaudhuri,ECE,5,C,78.83,93.23,4.63,6,5,95.37,-0.73
IT20213131,Christopher Bal,IT,6,B,62.61,82.77,14.65,15,6,85.35,0.68
CSE20213132,Yashawini Prashad,CSE,6,C,28.61,60.88,6.95,35,6,93.05,-4.4
IT20203133,Fiyaz Vala,IT,7,C,73.18,71.4,5.78,25,5,94.22,-2.73
CIVIL20233134,Balhaar Vala,CIVIL,1,A,65.84,88.91,19.94,9,5,80.06,-3.17
MECH20213135,Girish Singh,MECH,6,A,52.15,87.43,8.68,11,6,91.32,3.61
MECH20203136,Megha Savant,MECH,7,C,62.43,77.51,11.59,20,6,88.41,2.8
ECE20203137,Qadim Kurian,ECE,7,C,21.43,42.32,8.87,51,5,91.13,-1.86
MECH20203138,Vasudha Banik,MECH,7,B,96.73,97.44,3.39,2,5,96.61,3.53
IT20223139,Ishanvi Bakshi,IT,3,A,92.36,86.43,5.88,12,6,94.12,3.23
CSE20233140,Chakradev Halder,CSE,1,C,72.07,82.6,11.1,15,5,88.9,-1.16
IT20213141,Lakshmi Kanda,IT,5,A,66.83,89.83,12.53,9,5,87.47,-4.43
CSE20213142,Sudiksha Deol,CSE,6,C,91.53,87.0,3.21,11,6,96.79,0.38
MECH20223143,Tanveer Lata,MECH,4,B,64.34,66.97,6.59,29,5,93.41,3.04
MECH20213144,Luke Nagi,MECH,5,C,28.63,41.15,10.9,52,5,89.1,-1.74
ECE20203145,Bishakha Rai,ECE,7,C,27.95,58.69,15.47,37,6,84.53,-4.19
MECH20203146,Manya Ramaswamy,MECH,7,A,30.55,47.27,16.88,47,5,83.12,2.12
MECH20203147,Charvi Lala,MECH,8,B,62.97,63.47,5.84,32,5,94.16,1.22
CSE20203148,Keya Mittal,CSE,7,B,70.01,80.3,5.82,17,5,94.18,2.16
CSE20223149,Wriddhish Chandran,CSE,4,A,54.05,88.39,12.16,10,5,87.84,3.72
MECH20223150,Omisha Dugar,MECH,3,A,24.85,45.55,7.99,49,6,92.01,-4.67
MECH20233151,Ekapad Gola,MECH,1,B,74.38,72.48,11.21,24,6,88.79,3.32
CSE20203152,Dakshesh Dugal,CSE,8,B,56.35,78.78,13.76,19,5,86.24,-1.46
IT20203153,Krishna Prabhu,IT,7,B,51.66,62.46,10.73,33,6,89.27,0.4
CIVIL20213154,Vedant Sant,CIVIL,6,B,49.51,45.7,6.43,48,5,93.57,1.65
IT20203155,William Gokhale,IT,8,C,71.95,79.58,11.76,18,5,88.24,-3.72
CSE20223156,Shaurya Ahuja,CSE,4,B,68.33,70.75,9.04,26,5,90.96,3.27
IT20233157,Nirja Chopra,IT,1,B,56.36,61.48,12.89,34,5,87.11,3.74
IT20213158,Daksha Rattan,IT,6,B,53.04,77.74,8.11,20,5,91.89,-3.3
CIVIL20213159,Jai Puri,CIVIL,5,A,58.06,77.27,6.54,20,6,93.46,4.7
ECE20213160,Kritika Atwal,ECE,6,A,26.2,53.93,6.82,41,6,93.18,-3.89
MECH20213161,Yauvani Chaudhry,MECH,5,A,60.77,89.21,13.29,9,6,86.71,-1.99
MECH20203162,Raagini Ranganathan,MECH,7,B,38.22,40.3,5.36,53,6,94.64,-2.91
IT20203163,Kamala Patla,IT,7,B,42.77,40.78,11.5,53,6,88.5,-0.64
MECH20213164,Ekantika Sant,MECH,6,B,56.58,84.26,6.69,14,6,93.31,1.36
ECE20203165,Agastya Karpe,ECE,8,B,76.66,96.66,5.16,3,6,94.84,-1.91
CIVIL20233166,Nisha Badal,CIVIL,2,B,56.07,80.68,11.39,17,5,88.61,-4.44
ECE20233167,Harini Pai,ECE,1,A,56.77,84.42,6.94,14,6,93.06,-2.31
CSE20233168,Jeremiah Kar,CSE,1,B,68.88,86.3,11.45,12,5,88.55,4.42
CSE20233169,Devika Koshy,CSE,2,B,20.18,45.23,7.65,49,5,92.35,-3.66
ECE20223170,Hritik Saxena,ECE,3,A,66.77,74.03,6.16,23,5,93.84,0.77
IT20213171,Hamsini Puri,IT,5,A,70.86,86.13,12.43,12,6,87.57,4.4
IT20203172,Wridesh Ganesh,IT,7,B,61.73,72.31,14.79,24,5,85.21,3.92
IT20223173,Girik Kapur,IT,3,A,27.99,31.0,12.18,62,5,87.82,-4.17
ECE20233174,Amrita Kade,ECE,2,A,78.21,90.33,5.61,8,6,94.39,-3.52
IT20203175,Michael Srinivas,IT,8,C,26.02,40.89,16.75,53,6,83.25,-1.02
MECH20203176,Tanmayi Balasubramanian,MECH,8,B,65.0,62.09,14.34,34,5,85.66,0.48
CSE20203177,Ranbir Mangat,CSE,7,A,93.84,87.93,7.81,10,6,92.19,3.29
CIVIL20203178,Tanay Bath,CIVIL,7,C,86.65,98.78,3.69,1,6,96.31,-4.05
ECE20233179,Viraj Sampath,ECE,1,C,60.11,85.3,6.34,13,5,93.66,-0.73
IT20213180,Joshua Balan,IT,6,C,73.69,65.11,12.76,31,5,87.24,2.21
CIVIL20203181,Bimala Raju,CIVIL,7,B,60.01,63.15,14.52,33,5,85.48,1.64
CIVIL20203182,Aarna Dutt,CIVIL,8,C,87.51,81.42,12.9,16,5,87.1,1.28
ECE20233183,Nitara Pradhan,ECE,2,C,72.43,65.39,14.81,31,5,85.19,-2.84
MECH20233184,Jason Mandal,MECH,1,B,85.46,91.41,6.31,7,5,93.69,-0.52
CSE20203185,Aarnav Tripathi,CSE,7,C,74.17,61.92,6.84,34,6,93.16,-3.79
IT20223186,Yashoda Choudhary,IT,3,A,67.9,67.44,14.2,29,5,85.8,-1.72
IT20203187,Om Chhabra,IT,7,A,57.47,88.22,16.98,10,5,83.02,-4.21
CSE20233188,Qabil Mandal,CSE,1,C,74.61,68.98,9.13,27,5,90.87,-0.66
MECH20203189,Ansh Hans,MECH,8,C,54.43,69.37,6.35,27,6,93.65,-0.09
MECH20213190,Victor Modi,MECH,6,B,93.42,95.85,7.85,3,6,92.15,4.28
IT20223191,Qadim Bhatnagar,IT,4,B,63.35,87.7,12.78,11,6,87.22,1.09
MECH20223192,Gaurang Manne,MECH,3,A,48.94,72.08,13.89,25,5,86.11,0.67
ECE20233193,Vrinda Gandhi,ECE,1,B,83.65,91.87,7.06,7,5,92.94,4.04
ECE20233194,Chandani Balay,ECE,2,B,61.89,84.75,14.29,13,5,85.71,0.62
ECE20213195,Upkaar Sahota,ECE,6,B,66.59,86.08,7.41,12,5,92.59,-4.98
CIVIL20213196,Chatura Oommen,CIVIL,6,C,47.01,34.53,7.09,58,5,92.91,-4.48
MECH20203197,Udyati Patil,MECH,8,B,61.76,75.34,9.06,22,6,90.94,0.56
CSE20223198,Abdul Savant,CSE,3,A,70.88,65.91,13.01,30,6,86.99,4.96
CIVIL20203199,Ranbir Nori,CIVIL,7,C,58.15,80.78,13.28,17,5,86.72,-2.33
MECH20223200,Watika Bahl,MECH,3,C,95.09,94.7,5.3,4,6,94.7,4.74
CIVIL20213201,Ishani Sama,CIVIL,6,C,58.38,74.41,13.19,23,5,86.81,1.04
IT20223202,Tanish Mangat,IT,4,A,54.75,79.31,6.26,18,5,93.74,-2.4
ECE20233203,Chakrika Ghose,ECE,2,B,73.51,64.36,10.59,32,6,89.41,0.11
CSE20213204,Siya Mishra,CSE,6,C,40.55,61.78,6.38,34,5,93.62,-0.59
CIVIL20233205,Idika Sachdeva,CIVIL,2,A,55.05,73.87,13.36,23,6,86.64,-2.72
CIVIL20223206,Keya Balakrishnan,CIVIL,4,C,90.34,94.26,6.52,5,6,93.48,2.92
ECE20203207,Upkaar Chand,ECE,7,B,26.62,38.42,8.66,55,5,91.34,-1.37
CSE20213208,Hemang Agarwal,CSE,5,B,51.84,70.38,6.34,26,5,93.66,3.74
CIVIL20203209,Harsh Bedi,CIVIL,8,B,20.42,34.66,12.16,58,6,87.84,1.03
ECE20203210,Warjas Guha,ECE,7,C,86.84,93.05,3.03,6,6,96.97,4.2
ECE20203211,Varenya Hayre,ECE,7,A,55.47,77.33,9.22,20,6,90.78,1.31
ECE20203212,Frederick Rau,ECE,7,A,30.82,32.81,6.97,60,6,93.03,1.44
ECE20203213,Manbir Bala,ECE,8,B,38.66,64.25,17.75,32,6,82.25,2.59
CIVIL20203214,Abhimanyu Palla,CIVIL,7,A,30.25,60.46,12.98,35,6,87.02,-0.2
IT20213215,Nachiket Saini,IT,5,C,86.47,99.4,5.77,0,5,94.23,-1.55
MECH20203216,Faris Brahmbhatt,MECH,8,B,91.65,86.82,3.37,11,5,96.63,-4.14
IT20203217,Oni Brahmbhatt,IT,8,B,55.06,70.7,9.52,26,5,90.48,0.93
MECH20213218,Vrishti Balay,MECH,5,C,27.08,61.29,5.6,34,5,94.4,2.29
MECH20233219,Chaitaly Luthra,MECH,1,B,51.36,69.76,9.23,27,5,90.77,-4.66
MECH20233220,Wakeeta Karpe,MECH,2,A,78.8,94.87,4.92,4,5,95.08,-0.33
IT20213221,Sachi Vasa,IT,5,C,39.35,59.12,16.16,36,6,83.84,-0.11
CSE20213222,Eiravati Gola,CSE,6,A,69.38,69.82,12.56,27,5,87.44,2.96
IT20223223,Rajata Oak,IT,3,A,63.85,87.17,14.68,11,6,85.32,0.93
CIVIL20223224,Yashasvi Tripathi,CIVIL,3,A,54.88,85.27,9.73,13,5,90.27,4.04
MECH20213225,Warhi Rai,MECH,6,A,31.34,50.19,7.98,44,6,92.02,3.34
ECE20233226,Wazir Dixit,ECE,2,B,71.99,60.1,5.26,35,5,94.74,-3.29
CSE20203227,Idika Sharaf,CSE,8,C,23.24,97.99,15.34,1,6,84.66,0.11
MECH20213228,Vedant D’Alia,MECH,5,B,30.31,31.29,6.03,61,6,93.97,1.38
MECH20233229,Yug Gara,MECH,1,C,60.72,77.96,14.12,19,5,85.88,-0.85
IT20223230,Vrinda Tripathi,IT,3,C,64.33,71.17,7.82,25,5,92.18,-3.01
MECH20223231,Anita Varughese,MECH,4,B,54.84,88.62,12.8,10,6,87.2,1.17
CSE20203232,Lajita Shan,CSE,8,C,63.33,79.67,6.55,18,5,93.45,-1.35
MECH20233233,Falguni Dave,MECH,1,C,21.25,31.95,7.97,61,5,92.03,4.45
ECE20213234,Saanvi Soni,ECE,6,A,34.3,51.14,8.52,43,5,91.48,0.06
MECH20203235,Qushi Nazareth,MECH,7,B,51.71,66.96,12.25,29,5,87.75,-4.1
ECE20233236,Gaurang Bhalla,ECE,2,A,53.89,89.7,6.69,9,5,93.31,4.89
MECH20233237,Vivaan Pall,MECH,1,B,55.19,77.29,13.41,20,6,86.59,-3.44
MECH20223238,Charles Kibe,MECH,4,B,35.86,34.43,9.34,59,5,90.66,-0.98
CSE20233239,Joshua Nath,CSE,1,A,52.57,86.06,5.51,12,6,94.49,2.52
IT20213240,Balveer Srinivas,IT,5,C,28.29,46.14,8.63,48,6,91.37,1.7
CSE20213241,Chandran Suri,CSE,5,B,67.69,82.98,9.76,15,6,90.24,-0.62
ECE20213242,Jagdish Bhandari,ECE,6,B,63.05,61.5,6.42,34,6,93.58,-4.34
CSE20203243,Madhav Sundaram,CSE,7,B,91.85,96.12,4.84,3,6,95.16,3.63
ECE20233244,Jagat Shanker,ECE,1,A,21.51,37.48,11.06,56,5,88.94,-3.39
ECE20233245,Bimala Sidhu,ECE,2,C,38.97,51.88,13.21,43,5,86.79,-0.52
CSE20223246,Aarnav Mutti,CSE,4,C,52.04,85.37,7.83,13,6,92.17,4.08
ECE20233247,Ria Virk,ECE,1,C,71.17,88.1,10.44,10,6,89.56,2.48
ECE20233248,Udarsh Wali,ECE,2,C,68.97,65.3,8.56,31,5,91.44,-0.63
CIVIL20233249,Dalbir Sem,CIVIL,1,C,32.66,33.84,13.52,59,6,86.48,1.78
IT20223250,Aarav Sarna,IT,3,A,67.57,63.83,9.95,32,5,90.05,0.23
CIVIL20223251,Siddharth Rau,CIVIL,4,B,87.36,93.13,7.82,6,5,92.18,2.84
MECH20213252,Patrick Walla,MECH,6,B,62.32,64.97,9.18,31,5,90.82,-0.8
ECE20223253,Meghana Mannan,ECE,4,A,50.89,76.52,14.9,21,5,85.1,1.53
ECE20223254,Nicholas Ram,ECE,3,A,40.14,53.92,10.3,41,5,89.7,3.86
MECH20233255,Daniel Pai,MECH,2,C,68.32,86.17,5.76,12,6,94.24,3.6
ECE20223256,Vansha Chakrabarti,ECE,3,A,35.2,44.42,18.24,50,6,81.76,-2.05
CIVIL20203257,Lajita Gara,CIVIL,8,C,63.46,68.79,11.6,28,6,88.4,1.97
CSE20223258,Onkar Vasa,CSE,4,C,51.34,82.53,14.72,15,6,85.28,2.4
MECH20233259,Advaith Patla,MECH,1,B,28.55,58.98,17.71,36,5,82.29,-1.9
CIVIL20233260,Vihaan Amble,CIVIL,2,A,22.26,51.47,8.57,43,6,91.43,-3.16
CIVIL20213261,Gautami Vora,CIVIL,6,B,36.99,52.74,6.81,42,6,93.19,-0.73
MECH20203262,Gayathri Mand,MECH,8,C,55.14,66.17,11.1,30,5,88.9,-3.55
CIVIL20233263,Darika Doctor,CIVIL,1,B,60.08,67.04,14.77,29,5,85.23,-4.58
CIVIL20233264,Yashasvi Devan,CIVIL,2,B,87.3,95.08,13.13,4,6,86.87,-3.02
IT20223265,Rachana Puri,IT,3,A,61.01,89.42,5.47,9,5,94.53,-3.38
MECH20203266,Sai Pathak,MECH,7,A,61.71,80.31,11.79,17,6,88.21,0.87
IT20223267,Ikshita Raju,IT,3,B,75.08,87.27,6.79,11,6,93.21,1.16
IT20233268,Chanakya Bhatt,IT,1,B,96.21,89.35,7.96,9,5,92.04,1.22
CIVIL20233269,Vivaan Pillay,CIVIL,2,A,70.55,88.33,10.67,10,5,89.33,2.93
IT20213270,Rajata Bhatti,IT,6,C,91.5,86.09,4.78,12,5,95.22,-4.89
CSE20203271,Rajeshri Narang,CSE,7,C,58.74,88.15,12.49,10,6,87.51,0.66
CIVIL20223272,Jackson Sankar,CIVIL,3,B,63.09,65.25,6.26,31,5,93.74,-0.83
CIVIL20223273,Prisha Desai,CIVIL,4,B,74.46,79.24,14.86,18,5,85.14,3.72
CSE20213274,Falak Bail,CSE,5,B,50.76,81.26,6.98,16,5,93.02,-1.22
ECE20223275,Mitali Biswas,ECE,4,B,66.97,86.43,8.14,12,5,91.86,0.93
CSE20233276,Chakradhar Om,CSE,1,A,51.26,80.65,11.37,17,6,88.63,0.1
MECH20203277,Jagdish Chaudhry,MECH,7,A,90.24,98.87,2.77,1,5,97.23,-4.05
ECE20223278,Yashica Shan,ECE,4,A,84.59,94.32,7.52,5,5,92.48,-4.15
IT20223279,Irya Rana,IT,3,B,60.07,65.07,5.72,31,5,94.28,-3.79
MECH20223280,Xavier Barad,MECH,3,B,68.39,70.26,9.75,26,6,90.25,3.43
ECE20233281,Yashoda Saxena,ECE,2,C,74.6,80.84,7.61,17,5,92.39,-1.41
CSE20223282,Frado Prasad,CSE,3,C,68.01,51.01,11.66,44,5,88.34,-0.72
ECE20233283,Nakul Solanki,ECE,1,C,68.44,60.41,14.22,35,5,85.78,-2.78
CIVIL20203284,Nilima Narasimhan,CIVIL,7,C,36.88,37.42,21.64,56,6,78.36,3.66
MECH20223285,Charan Bakshi,MECH,3,A,74.02,79.51,7.93,18,5,92.07,-3.32
CIVIL20233286,Divya Zachariah,CIVIL,2,B,72.02,73.57,10.73,23,5,89.27,-1.16
IT20213287,Aachal Kurian,IT,6,C,79.03,96.81,5.0,2,5,95.0,-1.6
MECH20223288,Xiti Borde,MECH,3,A,65.61,78.77,13.37,19,6,86.63,2.61
IT20203289,Damyanti Om,IT,8,A,66.55,73.38,9.61,23,6,90.39,-2.52
ECE20233290,Vyanjana Chawla,ECE,2,C,31.23,63.46,16.93,32,6,83.07,-4.48
MECH20203291,Zansi Dubey,MECH,7,B,72.02,73.45,5.77,23,5,94.23,4.57
CIVIL20213292,Janaki Ramachandran,CIVIL,5,C,32.67,39.26,13.25,54,6,86.75,-3.36
CIVIL20213293,Anthony Jain,CIVIL,5,A,65.26,74.47,9.73,22,6,90.27,-0.68
IT20233294,Aradhana Dugal,IT,1,B,75.02,93.34,5.47,5,5,94.53,1.52
ECE20233295,Jeremiah Morar,ECE,1,A,89.52,91.71,5.35,7,6,94.65,4.34
IT20233296,Devika Sankaran,IT,2,C,92.65,96.79,3.94,2,5,96.06,3.45
ECE20223297,Fiyaz Baria,ECE,4,B,52.04,46.61,15.91,48,6,84.09,4.71
MECH20233298,Jeet Mander,MECH,1,A,96.75,90.02,7.59,8,6,92.41,-0.29
IT20223299,Libni Hari,IT,4,C,40.35,60.89,7.25,35,6,92.75,3.84
MECH20223300,Udyati Subramanian,MECH,4,C,78.45,88.47,6.03,10,6,93.97,3.96
IT20203301,Ati Patla,IT,7,B,74.19,63.69,14.68,32,6,85.32,3.22
ECE20223302,Kamala Sahota,ECE,4,C,68.03,86.86,9.85,11,6,90.15,4.88
ECE20213303,Champak Nazareth,ECE,5,B,73.25,65.66,14.35,30,6,85.65,1.35
CIVIL20233304,Ojasvi Sahni,CIVIL,1,B,38.55,63.33,12.46,33,6,87.54,4.66
CSE20213305,Abdul Sundaram,CSE,6,C,49.4,53.16,19.1,42,5,80.9,3.41
IT20213306,Chaman Narasimhan,IT,5,A,76.77,92.58,6.53,6,5,93.47,-0.68
IT20223307,Nicholas Shetty,IT,3,A,67.2,82.96,12.72,15,6,87.28,3.44
CIVIL20233308,Eiravati Mital,CIVIL,2,C,34.16,37.71,18.91,56,6,81.09,-1.38
IT20203309,Advaith Keer,IT,7,B,63.61,64.4,8.61,32,5,91.39,-1.37
CSE20223310,Bachittar Bhat,CSE,3,B,80.6,90.1,7.14,8,5,92.86,-3.04
CIVIL20233311,Thomas Dube,CIVIL,2,C,88.83,86.52,2.39,12,6,97.61,-2.11
IT20233312,Qushi Dhillon,IT,1,B,68.1,66.44,7.23,30,6,92.77,2.44
CIVIL20203313,Ganga Chander,CIVIL,7,A,74.58,88.0,9.45,10,5,90.55,-3.54
CSE20213314,Vinaya Behl,CSE,6,B,58.96,76.08,8.47,21,6,91.53,2.75
ECE20223315,Charvi Kota,ECE,3,B,23.93,41.47,16.03,52,6,83.97,-4.24
ECE20233316,Banjeet Sahota,ECE,2,A,82.5,88.57,23.75,10,5,76.25,-4.83
CIVIL20213317,Netra Majumdar,CIVIL,5,C,83.93,89.34,5.82,9,5,94.18,-4.43
CIVIL20203318,Daniel Sampath,CIVIL,7,A,64.95,74.12,13.65,23,5,86.35,-3.5
CIVIL20213319,Aditya Menon,CIVIL,5,B,41.0,40.15,16.44,53,6,83.56,-0.38
ECE20213320,Hardik Kar,ECE,5,C,52.16,60.39,6.89,35,5,93.11,-3.68
MECH20233321,Isaac Aggarwal,MECH,2,B,53.74,65.6,7.32,30,5,92.68,0.83
CSE20213322,Warhi Vohra,CSE,5,C,51.8,60.33,13.35,35,5,86.65,4.39
CSE20223323,Sudiksha Suresh,CSE,3,B,27.23,59.93,19.13,36,6,80.87,-0.15
CIVIL20223324,Gagan Salvi,CIVIL,3,C,60.22,74.4,14.64,23,5,85.36,-1.48
CIVIL20223325,Reyansh Pall,CIVIL,4,C,97.77,86.52,4.02,12,6,95.98,2.53
MECH20233326,Yatin Som,MECH,1,A,73.88,85.72,9.95,12,5,90.05,-2.38
IT20223327,Sanaya Tailor,IT,3,C,76.93,92.32,2.7,6,5,97.3,0.79
MECH20233328,Waida Kar,MECH,1,B,33.02,43.81,19.92,50,5,80.08,0.94
CSE20233329,Yatin Agrawal,CSE,2,C,71.39,79.64,8.78,18,5,91.22,3.14
MECH20203330,Yashawini Butala,MECH,8,A,30.84,55.48,3.03,40,6,96.97,3.57
CSE20233331,Krishna Chakraborty,CSE,1,C,27.48,31.72,15.23,61,5,84.77,1.26
CIVIL20233332,Dhruv Narayan,CIVIL,2,A,69.54,85.37,10.5,13,5,89.5,3.05
ECE20223333,Arjun Bhakta,ECE,3,A,67.73,69.82,14.55,27,5,85.45,-0.3
ECE20223334,Ekiya Tak,ECE,3,B,57.67,61.68,8.52,34,6,91.48,-2.47
ECE20223335,Devika Boase,ECE,3,B,79.93,88.83,7.0,10,6,93.0,3.63
IT20223336,Charvi Karnik,IT,3,A,29.93,79.63,17.24,18,6,82.76,1.74
ECE20223337,Chakradhar Mani,ECE,4,B,28.75,33.17,19.35,60,6,80.65,-0.33
CSE20223338,Forum Sawhney,CSE,3,B,22.64,46.39,6.68,48,5,93.32,-0.54
MECH20233339,Ayaan Nagar,MECH,2,A,60.48,67.3,7.95,29,5,92.05,2.24
CSE20223340,Leena Narang,CSE,4,B,57.59,67.94,13.29,28,5,86.71,1.28
IT20213341,Raghav Nath,IT,5,C,30.45,30.5,6.61,62,6,93.39,-4.97
IT20223342,Yashasvi Ramakrishnan,IT,3,C,76.21,88.81,3.2,10,5,96.8,0.76
ECE20213343,Quincy Gara,ECE,5,A,62.53,86.37,12.44,12,5,87.56,3.22
IT20233344,Dalbir Tak,IT,2,C,52.14,64.0,5.03,32,5,94.97,-0.43
ECE20223345,Vihaan Rai,ECE,3,B,49.96,32.59,17.35,60,5,82.65,-0.29
IT20223346,Harinakshi Subramaniam,IT,3,C,22.85,61.56,5.57,34,6,94.43,-0.47
CIVIL20223347,Veer Bhalla,CIVIL,3,C,52.54,78.94,11.17,18,5,88.83,-0.01
CSE20223348,Umang Nanda,CSE,4,A,64.06,68.33,10.66,28,5,89.34,-3.78
CIVIL20213349,Leena Sankaran,CIVIL,5,B,55.48,76.42,10.08,21,6,89.92,4.66
CIVIL20213350,Hemangini Chacko,CIVIL,6,B,72.8,82.29,11.99,15,5,88.01,-1.22
MECH20223351,Anusha Pillai,MECH,4,A,56.72,75.53,11.73,22,6,88.27,4.4
IT20233352,Naksh Chhabra,IT,1,C,66.57,77.62,10.52,20,5,89.48,1.07
IT20223353,Advika Bava,IT,4,A,39.86,45.44,12.97,49,6,87.03,1.11
ECE20203354,Thomas Thakkar,ECE,8,C,81.28,94.82,2.7,4,5,97.3,-3.71
CIVIL20203355,Nathan Narasimhan,CIVIL,8,A,67.7,60.08,11.29,35,5,88.71,0.73
IT20203356,Gaurangi Suri,IT,8,A,66.06,75.04,14.19,22,5,85.81,-3.81
MECH20213357,Omkaar Nayak,MECH,5,C,59.41,71.67,9.19,25,6,90.81,-0.04
MECH20213358,Chaitanya Master,MECH,6,B,59.49,67.14,14.24,29,5,85.76,2.08
ECE20233359,Chanakya Srinivasan,ECE,2,A,55.53,71.34,7.27,25,6,92.73,1.25
IT20233360,Warhi Karnik,IT,1,B,63.24,61.15,8.98,34,5,91.02,0.81
MECH20203361,Dayita Issac,MECH,7,C,69.71,68.21,7.12,28,6,92.88,4.13
CSE20223362,Indali Varghese,CSE,3,A,77.46,92.52,4.5,6,5,95.5,4.63
MECH20233363,Eesha Dhingra,MECH,1,C,37.86,35.0,7.15,58,6,92.85,0.1
IT20213364,Bakhshi Soni,IT,6,A,93.06,99.91,5.91,0,6,94.09,-1.36
MECH20223365,Daksh Chaudhry,MECH,3,A,69.52,84.19,11.32,14,6,88.68,-1.44
ECE20223366,Raagini Andra,ECE,4,C,48.0,31.25,16.2,61,6,83.8,1.44
CIVIL20223367,Yadavi Chhabra,CIVIL,4,B,49.61,38.36,8.51,55,6,91.49,2.96
CSE20223368,Krisha Bala,CSE,3,C,54.75,85.73,7.06,12,6,92.94,-2.37
MECH20203369,Ekaja Chhabra,MECH,7,C,79.25,80.91,21.44,17,6,78.56,2.89
CIVIL20233370,Advika Sachar,CIVIL,1,A,93.86,86.61,5.45,12,6,94.55,-4.84
ECE20233371,Indali Mangat,ECE,2,B,60.73,77.12,11.33,20,6,88.67,-4.52
IT20233372,Jairaj Halder,IT,1,A,68.74,77.64,9.4,20,5,90.6,-1.58
ECE20223373,Balvan Bhakta,ECE,3,C,53.27,83.08,13.25,15,6,86.75,4.25
IT20233374,Jeet Kalla,IT,1,C,52.64,70.69,13.76,26,6,86.24,-1.44
IT20213375,Farhan Sharaf,IT,5,B,86.05,87.88,3.14,10,6,96.86,-2.07
CSE20233376,Anusha Ray,CSE,2,A,73.68,81.34,14.21,16,5,85.79,2.14
IT20223377,Arunima Baral,IT,3,A,70.31,80.94,13.98,17,5,86.02,-3.83
ECE20223378,Qadim Rout,ECE,3,B,66.83,62.85,6.35,33,5,93.65,4.9
ECE20203379,Kalpit Prabhu,ECE,7,B,84.48,95.91,3.18,3,6,96.82,3.35
IT20233380,Gaurika Kibe,IT,2,A,72.19,72.57,14.41,24,6,85.59,3.26
IT20233381,Luke Bhandari,IT,1,A,34.49,39.27,3.34,54,5,96.66,-3.09
IT20203382,Panini Kulkarni,IT,8,C,94.08,88.45,3.24,10,6,96.76,4.69
IT20213383,Nidhi Minhas,IT,5,A,80.15,87.17,3.89,11,5,96.11,-1.02
MECH20203384,Balveer Sachar,MECH,7,C,91.52,93.72,8.46,5,5,91.54,-4.05
CIVIL20223385,Hitesh Oommen,CIVIL,3,C,92.83,90.53,3.2,8,6,96.8,-4.95
MECH20223386,Michael Bhavsar,MECH,4,B,68.08,81.0,9.48,17,5,90.52,2.21
IT20233387,Adweta Anne,IT,2,A,34.49,92.8,7.49,6,6,92.51,-1.57
CIVIL20233388,Upasna Raju,CIVIL,1,B,88.18,98.98,6.57,0,5,93.43,-2.83
MECH20233389,Pranav Bajaj,MECH,1,C,27.33,37.7,13.92,56,5,86.08,-4.55
ECE20213390,Brijesh Bhatt,ECE,5,B,32.21,71.04,21.04,26,6,78.96,2.41
ECE20223391,Pranit Bose,ECE,3,A,67.62,84.01,5.81,14,5,94.19,1.84
CIVIL20223392,Ayaan Nazareth,CIVIL,4,B,32.46,30.14,11.71,62,5,88.29,-3.04
CSE20233393,Upkaar Divan,CSE,2,B,86.78,91.97,7.96,7,6,92.04,3.56
IT20223394,Januja Sani,IT,3,C,37.86,33.79,12.82,59,6,87.18,-0.76
IT20213395,Sai Grover,IT,6,C,72.51,84.09,13.43,14,5,86.57,2.88
CSE20233396,Chavvi Om,CSE,2,B,87.41,91.64,6.57,7,5,93.43,-1.15
CIVIL20223397,Vaishnavi Bala,CIVIL,3,A,69.14,72.84,14.45,24,6,85.55,1.78
CSE20213398,Abeer Shukla,CSE,5,A,29.96,41.97,7.59,52,5,92.41,1.29
IT20223399,Caleb Sachdev,IT,4,C,75.6,91.29,2.01,7,6,97.99,3.58
ECE20203400,Reyansh Ganesan,ECE,8,A,58.97,89.22,6.11,9,6,93.89,4.68
CSE20203401,Nitara Joshi,CSE,7,C,91.79,97.72,5.27,2,5,94.73,3.18
CSE20223402,Upadhriti Koshy,CSE,4,A,64.39,67.72,14.07,29,6,85.93,-0.12
ECE20213403,Hardik Butala,ECE,5,C,72.74,76.91,8.97,20,6,91.03,0.22
MECH20203404,Agastya Bajaj,MECH,7,B,95.4,89.87,4.29,9,6,95.71,-0.78
MECH20213405,Lakshmi Bhatt,MECH,6,B,20.11,39.76,10.59,54,6,89.41,0.97
CSE20233406,Rishi Malhotra,CSE,2,B,91.67,86.95,3.33,11,6,96.67,0.95
MECH20223407,Nirja Bhardwaj,MECH,4,A,51.86,67.91,7.0,28,6,93.0,1.84
IT20213408,Imaran Dube,IT,6,B,53.37,60.13,13.85,35,6,86.15,-2.35
IT20233409,Dayamai Soman,IT,1,C,44.7,53.01,3.25,42,5,96.75,-4.16
ECE20203410,Alexander Kulkarni,ECE,7,C,53.81,68.34,8.49,28,5,91.51,4.98
ECE20233411,Keya Swaminathan,ECE,1,A,62.29,87.13,13.73,11,5,86.27,3.35
IT20223412,Geetika Rana,IT,4,A,23.19,63.04,14.57,33,6,85.43,-1.89
CSE20213413,Rajeshri Sharaf,CSE,5,A,55.87,74.13,14.4,23,6,85.6,2.91
MECH20213414,Mugdha Deo,MECH,5,C,68.6,87.6,8.78,11,5,91.22,-0.3
IT20203415,Jeremiah Bakshi,IT,8,C,56.78,62.32,10.01,33,5,89.99,-3.7
CSE20213416,Reyansh Mallick,CSE,6,A,24.84,44.13,16.84,50,6,83.16,0.72
IT20213417,Chakradhar Bedi,IT,5,A,63.73,86.04,8.8,12,5,91.2,0.92
IT20223418,Madhav Malhotra,IT,3,A,21.15,39.1,18.14,54,6,81.86,-1.49
MECH20233419,Joshua Mohan,MECH,2,B,76.42,85.72,4.93,12,6,95.07,-1.43
CIVIL20233420,Advika Devan,CIVIL,2,C,57.85,78.74,5.84,19,5,94.16,0.54
CIVIL20203421,Aishani Bir,CIVIL,8,B,39.14,37.07,6.43,56,6,93.57,4.8
ECE20233422,Tanish Oommen,ECE,2,B,50.89,78.56,11.57,19,6,88.43,-0.88
CSE20223423,Benjamin Gola,CSE,4,C,71.6,64.34,10.81,32,5,89.19,-0.83
IT20213424,Arjun Rajagopalan,IT,6,B,84.64,97.6,4.48,2,5,95.52,-1.68
MECH20233425,Advik Lanka,MECH,2,B,53.26,72.87,14.51,24,6,85.49,-2.48
CIVIL20223426,Harish Chatterjee,CIVIL,4,A,56.12,80.3,12.02,17,6,87.98,-1.58
MECH20213427,Wishi Andra,MECH,5,C,52.04,72.96,6.09,24,5,93.91,-4.81
CIVIL20203428,Zarna Goyal,CIVIL,8,A,88.28,85.03,6.67,13,6,93.33,-3.56
CSE20203429,Jacob Banerjee,CSE,8,B,67.34,67.57,5.33,29,5,94.67,3.4
CSE20233430,Ronith Bassi,CSE,1,A,73.21,60.61,14.25,35,6,85.75,-1.97
MECH20213431,Charles Dhillon,MECH,6,C,97.06,98.57,7.99,1,6,92.01,-0.55
CIVIL20203432,Nirja Arora,CIVIL,8,A,71.33,83.67,8.67,14,6,91.33,-4.42
CIVIL20203433,Caleb Arora,CIVIL,7,A,23.35,34.24,17.22,59,5,82.78,2.44
MECH20223434,Falguni Gala,MECH,4,A,62.5,77.54,14.87,20,5,85.13,-2.68
IT20203435,Ekaraj Ghose,IT,7,A,70.32,40.41,7.87,53,6,92.13,-0.42
CIVIL20223436,Dalaja Kaul,CIVIL,4,B,96.0,85.9,2.19,12,6,97.81,2.66
IT20213437,Faraj Bhakta,IT,6,C,56.49,60.04,11.23,35,5,88.77,0.94
ECE20213438,Nimrat Agrawal,ECE,5,A,20.95,33.61,17.15,59,5,82.85,0.58
CIVIL20223439,Nitara Kari,CIVIL,3,B,52.4,86.11,14.96,12,5,85.04,-4.98
CSE20223440,Laksh Shetty,CSE,3,A,63.62,71.97,6.12,25,5,93.88,-3.74
ECE20233441,Jagat Soni,ECE,2,B,52.05,66.62,5.09,30,5,94.91,1.2
CIVIL20223442,Udant Chaudhuri,CIVIL,4,C,81.77,93.13,7.68,6,5,92.32,0.04
CIVIL20203443,Eshana Natt,CIVIL,7,A,59.69,87.81,7.32,10,6,92.68,-4.78
MECH20233444,Nihal Rattan,MECH,2,B,63.47,67.1,5.72,29,5,94.28,2.57
CSE20213445,Rachita Oak,CSE,6,A,54.99,62.16,10.24,34,5,89.76,2.17
MECH20203446,Chameli Nair,MECH,7,A,59.18,71.25,7.85,25,5,92.15,0.68
CIVIL20223447,Zaid Balay,CIVIL,4,B,53.25,86.52,12.91,12,6,87.09,-2.64
ECE20213448,Ikshita Sami,ECE,6,A,58.25,89.14,14.49,9,5,85.51,4.78
CSE20203449,Ekanta Verma,CSE,7,C,52.94,78.25,13.18,19,6,86.82,-3.28
CSE20203450,Adweta Savant,CSE,7,B,21.9,58.78,17.15,37,5,82.85,-4.52
IT20213451,Bhanumati Sarin,IT,5,B,36.16,58.02,10.63,37,6,89.37,-3.3
ECE20223452,Dhriti Kannan,ECE,4,C,67.19,69.36,12.88,27,5,87.12,2.26
ECE20203453,Krishna Ganesan,ECE,7,C,58.13,66.14,5.33,30,5,94.67,-4.4
CIVIL20233454,Kabir Saha,CIVIL,1,A,73.69,79.83,13.73,18,6,86.27,0.59
CIVIL20213455,Inaya Vasa,CIVIL,5,C,85.08,92.99,3.08,6,5,96.92,-4.26
CIVIL20233456,Wridesh Kibe,CIVIL,1,B,55.27,31.16,14.23,61,5,85.77,0.53
ECE20233457,Baljiwan Kata,ECE,2,A,88.79,40.86,15.93,53,6,84.07,4.82
CSE20223458,Wishi Aurora,CSE,3,C,57.83,65.78,6.22,30,6,93.78,-2.02
CSE20223459,Luke Barad,CSE,3,B,53.25,66.11,10.83,30,5,89.17,1.36
CIVIL20213460,Frado Guha,CIVIL,6,B,72.8,73.85,9.71,23,6,90.29,2.19
ECE20213461,Sai Cheema,ECE,5,B,73.78,35.99,7.83,57,5,92.17,4.62
ECE20213462,Harsh Seshadri,ECE,5,A,76.32,93.1,6.53,6,6,93.47,-2.5
IT20213463,Lipika Batra,IT,6,B,50.43,82.25,13.8,15,5,86.2,-2.03
ECE20213464,Ijaya Hora,ECE,6,C,20.43,45.6,10.98,48,6,89.02,-1.28
ECE20213465,Sanya Sahota,ECE,5,B,37.05,48.25,19.64,46,5,80.36,-1.76
IT20213466,Megha Shukla,IT,6,C,50.73,67.37,8.3,29,6,91.7,0.68
IT20233467,Ekani Pau,IT,2,B,71.69,69.94,6.82,27,6,93.18,0.24
MECH20213468,Chatura Raman,MECH,6,B,67.25,62.31,12.23,33,6,87.77,-4.8
IT20223469,Chakrika Dara,IT,4,A,83.4,50.54,4.24,44,6,95.76,-3.99
CSE20223470,Damini Narang,CSE,4,A,68.41,70.08,12.17,26,5,87.83,0.7
CIVIL20213471,Advik Kumar,CIVIL,5,A,90.07,94.67,3.73,4,6,96.27,4.62
ECE20203472,Nidra Bhatti,ECE,8,B,58.52,65.78,14.77,30,6,85.23,-3.12
IT20233473,Yoshita Oak,IT,1,C,77.53,97.3,7.55,2,5,92.45,2.34
CSE20203474,Mitesh Warrior,CSE,7,C,61.66,63.44,8.33,32,5,91.67,-2.41
MECH20233475,Turvi Sarin,MECH,2,C,91.92,90.68,3.42,8,5,96.58,0.35
CSE20213476,Anamika Puri,CSE,5,A,57.88,67.65,7.09,29,6,92.91,-1.17
IT20203477,Bishakha Deshpande,IT,8,C,57.88,82.15,9.19,16,6,90.81,-0.18
IT20233478,Nihal Borde,IT,1,A,35.58,42.34,5.91,51,5,94.09,1.55
IT20213479,Aarna Mandal,IT,6,A,87.22,97.49,3.82,2,5,96.18,4.2
IT20203480,Victor Palla,IT,8,C,53.31,46.64,9.97,48,5,90.03,-4.4
CSE20203481,Barkha Yogi,CSE,8,B,73.13,62.11,8.84,34,5,91.16,-3.73
IT20203482,Zinal Kade,IT,7,C,50.49,68.17,14.0,28,6,86.0,-0.43
CIVIL20203483,Neelima Kala,CIVIL,8,A,55.24,69.77,7.9,27,6,92.1,2.32
CIVIL20203484,Nihal Balay,CIVIL,7,B,93.85,85.18,7.06,13,6,92.94,0.17
IT20233485,Dominic Dass,IT,2,B,58.6,81.88,14.34,16,6,85.66,2.08
CIVIL20213486,Udant Sen,CIVIL,5,B,72.24,77.71,9.02,20,5,90.98,0.51
CIVIL20213487,Ganga Purohit,CIVIL,5,B,97.75,89.05,7.06,9,6,92.94,-3.35
ECE20203488,Onveer Suresh,ECE,7,B,63.06,68.21,13.87,28,5,86.13,4.38
CIVIL20203489,Advika Sood,CIVIL,7,B,53.77,64.5,8.91,31,5,91.09,-1.95
MECH20223490,Abha Karan,MECH,4,B,93.39,94.79,4.45,4,6,95.55,-0.91
CIVIL20233491,Jhalak Munshi,CIVIL,2,B,37.08,36.78,18.43,56,6,81.57,-3.65
CSE20213492,Aayush Pau,CSE,6,C,73.32,63.37,14.87,32,5,85.13,2.62
ECE20213493,Frado Rajagopalan,ECE,6,B,62.72,60.24,11.22,35,6,88.78,-0.55
ECE20233494,Yashodhara Sha,ECE,1,A,63.47,89.99,10.31,9,6,89.69,2.2
CSE20203495,Radha Parmer,CSE,7,B,55.93,35.31,20.43,58,5,79.57,-4.4
ECE20213496,Alexander Trivedi,ECE,6,A,64.34,63.18,7.03,33,5,92.97,-3.34
CIVIL20203497,Aadi Kanda,CIVIL,7,C,42.42,77.42,5.4,20,6,94.6,1.55
IT20223498,Mohini Sachdev,IT,4,B,72.61,79.04,10.87,18,6,89.13,0.49
ECE20233499,Chandani Pingle,ECE,1,C,95.26,96.18,2.6,3,5,97.4,2.38
ECE20233500,Indrajit Sampath,ECE,2,B,70.45,64.76,9.03,31,5,90.97,-3.38
MECH20233501,Warinder Baria,MECH,2,C,20.05,31.92,8.02,61,5,91.98,3.69
IT20213502,Rudra Prasad,IT,5,A,63.69,75.66,12.87,21,6,87.13,-3.31
ECE20213503,Madhav Gupta,ECE,6,C,28.4,42.88,16.73,51,5,83.27,1.3
IT20203504,Vritti Bora,IT,7,B,34.29,93.5,5.08,5,5,94.92,-4.23
CIVIL20213505,David Sunder,CIVIL,5,A,51.03,50.27,9.84,44,6,90.16,2.17
MECH20213506,Urishilla Bajaj,MECH,5,A,74.23,83.38,12.93,14,6,87.07,2.95
CSE20203507,Udant Chokshi,CSE,8,C,84.28,93.64,3.78,5,5,96.22,2.47
CSE20213508,Laban Bumb,CSE,5,C,66.06,86.18,10.06,12,5,89.94,-4.93
ECE20213509,Indrajit Divan,ECE,5,A,27.24,42.61,7.05,51,5,92.95,4.0
IT20233510,Jacob Hora,IT,1,C,90.29,99.34,6.92,0,5,93.08,2.02
IT20213511,Indali Palla,IT,6,B,42.14,92.85,13.58,6,6,86.42,2.36
MECH20223512,Tara Thakkar,MECH,3,C,32.98,57.58,11.82,38,6,88.18,0.7
ECE20213513,Yashvi Rastogi,ECE,6,A,72.29,74.33,11.43,23,5,88.57,-2.35
CSE20223514,Damini Dada,CSE,4,A,52.4,78.09,5.83,19,5,94.17,1.56
IT20213515,Vansha Sankar,IT,5,A,62.71,78.57,13.83,19,6,86.17,2.43
CSE20213516,Wahab Virk,CSE,5,C,94.38,87.78,4.13,11,5,95.87,-0.08
ECE20203517,Chaitanya Sane,ECE,7,B,64.83,72.33,11.48,24,5,88.52,-4.25
IT20213518,Wriddhish Sahota,IT,6,B,66.63,81.9,12.02,16,6,87.98,-4.31
IT20223519,Vivaan Deshpande,IT,3,C,61.48,62.28,9.93,33,5,90.07,1.0
CIVIL20203520,Wyatt Munshi,CIVIL,8,A,95.31,95.43,7.36,4,6,92.64,2.96
ECE20223521,Hemang Mitter,ECE,4,A,73.51,71.51,14.31,25,5,85.69,-2.82
CSE20233522,Hemal Lata,CSE,1,A,69.04,60.95,8.92,35,5,91.08,-4.08
CSE20223523,Chameli Kapoor,CSE,4,C,88.57,98.04,19.42,1,5,80.58,-3.19
ECE20233524,Champak Bail,ECE,1,B,20.25,42.23,10.59,51,6,89.41,-4.0
ECE20203525,Nathaniel Chandran,ECE,8,C,83.72,92.55,3.11,6,6,96.89,3.37
MECH20213526,Warda Keer,MECH,6,B,59.79,64.37,9.43,32,5,90.57,-1.28
IT20203527,Harish Palan,IT,8,C,65.82,66.48,13.76,30,6,86.24,-0.74
IT20213528,Unni Patel,IT,5,B,78.04,87.01,7.29,11,5,92.71,-4.82
ECE20233529,Vedhika Pillai,ECE,2,A,74.67,63.36,8.36,32,5,91.64,-3.8
MECH20233530,Falak Chaudhari,MECH,2,B,61.06,68.98,5.58,27,5,94.42,-3.02
MECH20203531,Dominic Sawhney,MECH,8,C,25.55,60.1,11.72,35,5,88.28,1.41
MECH20203532,Gopal Prashad,MECH,8,A,55.03,67.63,14.28,29,6,85.72,0.93
ECE20213533,Priya Atwal,ECE,5,B,89.24,97.89,5.68,1,6,94.32,-3.29
CIVIL20233534,Chandani Pillai,CIVIL,2,B,32.89,40.77,8.0,53,6,92.0,3.46
ECE20233535,Chaitanya Subramaniam,ECE,2,A,62.78,80.89,11.15,17,6,88.85,-4.05
CSE20203536,Jhalak Basak,CSE,7,C,63.25,71.76,9.7,25,6,90.3,-0.17
MECH20213537,Chasmum Chaudhari,MECH,5,C,31.9,58.66,7.0,37,5,93.0,4.73
IT20213538,Atharv Chand,IT,6,B,51.6,82.41,13.22,15,5,86.78,0.94
CIVIL20203539,Bhavna Buch,CIVIL,7,A,57.59,66.39,12.54,30,6,87.46,4.88
CSE20213540,Tara Yogi,CSE,6,A,35.43,37.01,6.41,56,6,93.59,-3.15
IT20233541,Nikita Peri,IT,1,C,62.84,77.3,9.1,20,5,90.9,-1.5
MECH20203542,Bhavna Verma,MECH,7,B,88.38,60.69,23.32,35,6,76.68,1.59
MECH20213543,Anthony Rege,MECH,6,B,64.66,84.54,6.13,13,6,93.87,4.61
IT20203544,Sanaya Kuruvilla,IT,7,C,69.45,66.64,12.89,30,6,87.11,1.62
MECH20203545,Meghana Reddy,MECH,7,B,55.2,78.04,10.3,19,6,89.7,0.44
MECH20213546,Girish Deo,MECH,6,C,44.27,55.5,7.51,40,5,92.49,-2.45
IT20203547,Jasmit Sen,IT,7,B,66.97,79.61,14.09,18,6,85.91,1.27
ECE20233548,Veer Sankar,ECE,1,C,63.15,85.53,12.71,13,6,87.29,-1.78
CSE20213549,Wakeeta Narang,CSE,6,C,24.68,54.59,7.63,40,6,92.37,-0.45
IT20203550,Amruta Kunda,IT,7,C,91.81,89.91,5.61,9,5,94.39,2.07
MECH20223551,Ira Choudhry,MECH,4,C,60.89,88.49,12.33,10,6,87.67,4.48
MECH20213552,Ria Bhat,MECH,6,A,71.47,75.75,9.47,21,6,90.53,-3.4
CSE20233553,Ekalinga Iyengar,CSE,1,C,87.8,97.95,7.58,1,5,92.42,4.32
MECH20223554,Chanakya Murthy,MECH,4,B,92.06,99.68,5.15,0,5,94.85,3.99
MECH20233555,Dakshesh Gopal,MECH,1,A,29.84,63.77,11.72,32,5,88.28,-1.29
IT20213556,Peter Patil,IT,6,C,41.54,59.07,7.61,36,5,92.39,-1.12
ECE20223557,Watika Bava,ECE,3,C,42.62,38.6,6.93,55,6,93.07,4.91
MECH20213558,Bhavini Rajagopalan,MECH,5,A,66.71,69.14,14.64,27,6,85.36,-0.71
IT20223559,Hritik Kant,IT,3,B,86.87,59.69,23.26,36,6,76.74,4.23
CSE20233560,Luke Shenoy,CSE,2,C,58.25,60.52,12.17,35,6,87.83,0.91
IT20213561,Chameli Vala,IT,6,C,83.87,79.83,2.9,18,6,97.1,1.77
CIVIL20213562,Sarthak Srinivas,CIVIL,6,C,79.32,90.52,7.75,8,5,92.25,-1.64
MECH20233563,Jalsa Bahl,MECH,1,A,26.55,36.34,8.12,57,5,91.88,-3.52
MECH20203564,Karan Dasgupta,MECH,7,B,57.74,57.59,12.74,38,5,87.26,-0.88
MECH20223565,Balveer Bajwa,MECH,4,C,82.85,98.24,7.85,1,6,92.15,-0.86
ECE20213566,Matthew Bal,ECE,6,C,50.86,71.74,7.74,25,5,92.26,-0.19
CSE20223567,Aashi Chokshi,CSE,4,A,32.96,64.57,17.16,31,6,82.84,0.12
MECH20203568,Jai Thaman,MECH,7,A,78.2,86.05,6.77,12,5,93.23,-2.38
CIVIL20203569,Dominic Raju,CIVIL,7,C,43.3,48.69,9.52,46,5,90.48,-3.67
MECH20233570,Ansh Chaudry,MECH,1,C,77.0,92.45,5.92,6,6,94.08,1.58
ECE20233571,Vedant Ahluwalia,ECE,2,B,58.09,36.39,10.7,57,6,89.3,-0.8
IT20233572,Vidhi Grewal,IT,2,B,82.53,85.18,5.23,13,5,94.77,-0.37
ECE20203573,Liam Vohra,ECE,7,A,88.81,90.68,7.44,8,6,92.56,2.23
MECH20223574,Vyanjana Vohra,MECH,4,B,55.99,80.57,7.97,17,6,92.03,-1.99
CSE20223575,Gautami Vaidya,CSE,4,C,65.39,76.88,8.16,20,6,91.84,3.14
CIVIL20213576,Hardik Sarna,CIVIL,5,C,69.2,85.28,7.59,13,5,92.41,-4.91
IT20233577,Jackson Sarin,IT,1,B,94.98,96.11,3.18,3,5,96.82,3.26
CSE20223578,Sarthak Zachariah,CSE,3,C,68.84,84.45,7.17,13,6,92.83,0.82
ECE20213579,Nathan Sahota,ECE,5,C,60.09,61.13,12.56,34,5,87.44,2.67
CIVIL20223580,Jason Kulkarni,CIVIL,3,A,74.42,77.31,11.35,20,6,88.65,0.61
ECE20223581,Chandani Bhasin,ECE,4,C,72.7,82.1,14.39,16,5,85.61,-4.13
MECH20213582,Viraj Sandal,MECH,5,C,21.85,50.35,15.97,44,5,84.03,-2.17
CSE20213583,Raagini Grover,CSE,5,C,72.66,86.47,8.79,12,6,91.21,-2.56
MECH20223584,Ekta Pall,MECH,4,B,35.39,35.12,19.45,58,5,80.55,1.11
ECE20213585,Anthony Raju,ECE,6,B,46.42,43.9,5.69,50,5,94.31,-0.15
IT20213586,Pooja Gupta,IT,5,A,93.89,94.18,7.52,5,5,92.48,3.28
IT20203587,Shaurya Uppal,IT,8,B,40.78,54.0,14.75,41,6,85.25,-2.98
CIVIL20203588,Andrew Bhandari,CIVIL,8,A,57.12,70.31,14.85,26,6,85.15,-3.57
CSE20203589,Hiral Krishnamurthy,CSE,8,B,91.83,93.34,2.18,5,5,97.82,-3.35
ECE20223590,Amara Patil,ECE,4,C,47.9,31.2,11.13,61,5,88.87,4.99
MECH20223591,Dhriti Guha,MECH,3,B,42.44,61.09,7.56,35,5,92.44,0.44
MECH20203592,Upma Bhavsar,MECH,8,B,96.81,91.86,5.33,7,6,94.67,-4.19
CIVIL20223593,Sai Krishnan,CIVIL,4,B,51.42,69.6,11.03,27,6,88.97,-1.31
IT20203594,Triya Soni,IT,7,B,68.81,74.93,13.21,22,6,86.79,-0.4
IT20233595,Rajata Sethi,IT,2,B,71.09,72.68,12.12,24,6,87.88,0.57
ECE20223596,Tanmayi Bandi,ECE,4,B,51.91,68.18,6.53,28,6,93.47,-0.4
IT20233597,Veda Batra,IT,2,B,61.89,89.43,7.76,9,5,92.24,4.47
CIVIL20203598,Gaurang Bera,CIVIL,8,C,56.05,89.28,13.71,9,5,86.29,-0.18
CIVIL20233599,Shaurya Bahl,CIVIL,1,B,62.23,60.74,6.23,35,6,93.77,-1.04
MECH20213600,Raghav Setty,MECH,5,A,95.58,89.11,4.19,9,6,95.81,-0.94
ECE20223601,Hemani Kumar,ECE,3,C,63.7,65.84,12.95,30,6,87.05,-4.87
ECE20203602,Anya Chandra,ECE,7,B,42.6,34.2,6.64,59,6,93.36,3.74
IT20223603,Parth Mani,IT,3,A,70.03,64.76,7.97,31,6,92.03,0.02
IT20223604,Varsha Kade,IT,4,C,70.6,84.1,17.76,14,6,82.24,1.02
IT20223605,George Sangha,IT,4,A,50.22,76.75,6.61,20,5,93.39,-2.83
MECH20223606,Ayush Raju,MECH,4,C,63.0,63.18,14.36,33,5,85.64,-2.18
ECE20203607,Vasatika Kurian,ECE,7,A,76.28,97.39,5.37,2,6,94.63,-0.94
CSE20213608,Aarna Rout,CSE,6,A,53.3,81.14,11.53,16,6,88.47,-2.15
MECH20233609,Bhanumati Krishnan,MECH,2,A,26.81,50.99,14.88,44,5,85.12,0.14
MECH20223610,Jyoti Divan,MECH,4,A,53.74,70.66,8.09,26,6,91.91,-0.19
ECE20213611,Anjali Gopal,ECE,5,C,35.99,40.65,16.51,53,6,83.49,-0.48
IT20203612,Unnati Maharaj,IT,7,C,52.45,74.51,9.76,22,6,90.24,1.54
ECE20223613,Mohammed Kadakia,ECE,4,C,58.63,61.92,6.95,34,6,93.05,-4.96
ECE20213614,Matthew Mani,ECE,6,C,42.44,47.57,13.86,47,5,86.14,-1.47
CIVIL20223615,Simon Sodhi,CIVIL,4,B,90.32,91.11,6.73,7,6,93.27,-2.63
ECE20233616,Zaid Sachdev,ECE,2,A,61.67,85.98,7.15,12,5,92.85,2.35
MECH20213617,Vivaan Lad,MECH,6,C,53.87,77.06,14.73,20,5,85.27,-4.31
CSE20223618,Kamya Grover,CSE,3,C,59.55,82.38,12.0,15,5,88.0,-3.76
MECH20223619,Tanmayi Tandon,MECH,3,A,35.69,47.06,22.26,47,5,77.74,3.32
ECE20223620,Geetika Morar,ECE,4,B,68.63,79.39,8.75,18,5,91.25,-0.46
CIVIL20203621,Mugdha Batra,CIVIL,8,B,81.16,94.2,3.51,5,6,96.49,1.31
IT20233622,Caleb Karnik,IT,2,C,28.16,40.34,8.23,53,6,91.77,-0.02
MECH20213623,Aradhana Prakash,MECH,5,C,54.97,66.44,7.19,30,5,92.81,-3.31
MECH20233624,Saumya Butala,MECH,2,B,66.15,69.47,10.41,27,6,89.59,1.6
CIVIL20233625,Atharv Nadig,CIVIL,2,B,71.48,64.07,6.52,32,5,93.48,-0.72
IT20213626,Manya Shenoy,IT,5,B,64.94,87.88,7.69,10,5,92.31,3.42
MECH20203627,Faraj Luthra,MECH,8,B,87.5,93.7,2.15,5,6,97.85,3.18
IT20233628,Gopal Bir,IT,1,B,29.67,32.45,18.49,60,6,81.51,4.77
CSE20233629,Fiyaz Mangal,CSE,2,C,91.01,87.07,3.44,11,5,96.56,-4.86
IT20203630,Lucky Gandhi,IT,7,B,74.81,69.56,10.56,27,6,89.44,-4.91
ECE20223631,Kabir Sura,ECE,3,A,95.53,94.45,7.55,4,6,92.45,2.93
IT20233632,Qushi Johal,IT,1,A,27.93,45.2,10.78,49,5,89.22,-4.08
ECE20223633,Warjas Soni,ECE,4,C,94.53,85.64,4.6,12,5,95.4,-0.64
IT20223634,Zaid Mohanty,IT,4,C,52.35,66.09,10.63,30,5,89.37,3.49
ECE20223635,Vansha Buch,ECE,4,B,24.15,47.97,13.71,46,5,86.29,3.61
IT20223636,Inaya Mittal,IT,3,A,22.23,33.52,17.0,59,5,83.0,3.76
ECE20223637,Azaan Nayak,ECE,3,B,76.81,93.94,2.27,5,6,97.73,-3.76
CSE20213638,Praneel Gulati,CSE,5,A,36.48,62.11,6.62,34,5,93.38,1.0
IT20203639,Nihal Bhagat,IT,7,A,92.12,85.24,7.53,13,5,92.47,-3.65
CIVIL20223640,Hritik Vaidya,CIVIL,3,A,75.42,58.32,16.1,37,6,83.9,-3.72
ECE20223641,Yug Kapadia,ECE,3,B,86.53,98.98,5.67,0,5,94.33,3.73
CIVIL20223642,Om Iyer,CIVIL,3,B,86.86,68.64,23.8,28,5,76.2,-3.25
CIVIL20203643,Joshua Dani,CIVIL,8,C,56.12,74.78,12.44,22,6,87.56,-4.65
CSE20213644,Chandani Sachar,CSE,6,B,55.36,88.6,14.09,10,5,85.91,1.24
CIVIL20223645,Isaiah Gaba,CIVIL,3,A,77.08,97.67,4.98,2,6,95.02,-1.96
IT20203646,Lohit Kapoor,IT,7,A,61.67,86.74,10.15,11,6,89.85,-0.4
MECH20213647,Quincy Parekh,MECH,6,B,57.56,81.66,11.56,16,5,88.44,-2.52
CSE20203648,Abhimanyu Koshy,CSE,8,A,54.32,70.09,9.6,26,6,90.4,4.07
IT20213649,Wyatt More,IT,5,A,77.96,90.2,4.98,8,5,95.02,-1.04
MECH20213650,Ati Mahajan,MECH,5,B,68.71,70.25,14.39,26,6,85.61,4.32
CSE20223651,Qadim Palla,CSE,4,A,60.01,87.18,14.24,11,5,85.76,3.02
IT20223652,Gopal Choudhary,IT,3,C,65.0,85.22,15.01,13,6,84.99,-1.83
CIVIL20213653,Yochana Nori,CIVIL,6,A,63.83,67.22,14.92,29,6,85.08,4.78
ECE20203654,Theodore Palla,ECE,7,C,65.42,67.42,8.19,29,6,91.81,-3.03
CIVIL20203655,Damini Mammen,CIVIL,8,C,45.8,44.45,7.17,49,6,92.83,0.83
ECE20213656,Benjamin Sami,ECE,6,B,49.38,44.87,6.86,49,6,93.14,0.95
IT20223657,Atharv Iyer,IT,3,C,82.91,96.51,3.86,3,5,96.14,-0.74
MECH20203658,Falguni Borra,MECH,7,A,60.45,62.95,11.99,33,5,88.01,-4.27
IT20223659,Onveer Dutt,IT,3,C,65.38,80.64,5.84,17,5,94.16,-4.98
ECE20233660,Mahika Parmer,ECE,2,C,92.0,96.17,2.35,3,6,97.65,4.12
MECH20213661,Chasmum Ahluwalia,MECH,5,A,48.75,77.14,23.47,20,6,76.53,1.15
MECH20203662,Anmol Bajaj,MECH,8,C,45.93,40.8,14.45,53,6,85.55,-3.99
MECH20223663,Kashvi Maharaj,MECH,3,C,55.31,87.41,13.62,11,6,86.38,-1.91
CSE20233664,Januja Dugar,CSE,1,A,58.04,86.69,8.52,11,5,91.48,0.29
CIVIL20233665,Dhruv Ramachandran,CIVIL,1,A,43.97,38.19,18.69,55,6,81.31,-4.33
MECH20203666,Charvi Sunder,MECH,8,A,50.65,77.59,13.29,20,6,86.71,-0.63
ECE20203667,Janaki Sastry,ECE,7,C,44.39,44.83,12.36,49,5,87.64,-1.7
ECE20233668,Avni Sangha,ECE,1,C,75.33,88.79,7.82,10,6,92.18,3.21
CSE20233669,Yashvi Kapoor,CSE,1,C,73.08,60.48,10.43,35,6,89.57,1.92
MECH20223670,Sathvik Kaul,MECH,4,A,73.04,75.74,5.93,21,5,94.07,-2.54
CIVIL20223671,Vihaan Lata,CIVIL,4,B,66.27,75.15,11.15,22,6,88.85,-2.07
MECH20203672,Tristan Borra,MECH,8,C,25.88,73.25,18.61,24,6,81.39,-4.44
ECE20223673,Dakshesh Kashyap,ECE,4,C,80.5,86.08,3.25,12,5,96.75,-3.12
IT20213674,Neel Barad,IT,5,A,60.84,63.88,7.15,32,5,92.85,4.97
MECH20223675,Adweta Parmer,MECH,3,B,83.52,94.17,5.69,5,6,94.31,2.95
IT20203676,Wazir Behl,IT,8,B,22.07,61.67,10.21,34,6,89.79,-4.78
ECE20233677,Nicholas Chaudhuri,ECE,1,B,54.47,88.75,12.72,10,5,87.28,-2.31
IT20203678,Baghyawati Rai,IT,8,C,60.4,77.25,9.28,20,5,90.72,-0.47
IT20203679,Siya Nigam,IT,7,A,88.76,99.31,6.83,0,6,93.17,2.97
MECH20233680,Nihal Kala,MECH,2,A,80.73,95.94,4.05,3,6,95.95,2.9
MECH20223681,Indali Sahota,MECH,3,A,34.26,32.72,17.11,60,6,82.89,-4.14
ECE20233682,Kevin Morar,ECE,1,B,72.69,88.17,14.67,10,5,85.33,-0.0
ECE20213683,Sudiksha Chakrabarti,ECE,6,A,88.76,95.24,7.28,4,6,92.72,1.24
CSE20223684,Vrinda Dada,CSE,3,B,60.81,85.35,5.27,13,5,94.73,1.7
ECE20233685,Niharika Sinha,ECE,1,A,52.23,62.83,9.37,33,6,90.63,-0.83
IT20203686,Bhavini Toor,IT,7,C,28.72,41.9,10.24,52,6,89.76,3.7
ECE20213687,Michael Cheema,ECE,6,B,72.75,74.24,6.32,23,5,93.68,3.89
MECH20233688,Ojas Radhakrishnan,MECH,1,A,52.44,60.68,7.02,35,6,92.98,-0.74
MECH20223689,Rayaan Dhawan,MECH,3,B,31.31,43.05,16.77,51,6,83.23,-0.18
IT20213690,Manbir Krishna,IT,6,A,24.36,32.54,6.95,60,5,93.05,4.89
CSE20213691,Anusha Bassi,CSE,6,A,85.32,97.06,3.38,2,6,96.62,-1.24
IT20223692,Lohit Salvi,IT,3,B,44.31,51.03,12.49,44,6,87.51,0.32
IT20203693,Riya Wali,IT,8,A,86.87,98.38,5.3,1,6,94.7,-3.44
MECH20203694,Anita Wadhwa,MECH,8,A,56.96,69.83,11.14,27,6,88.86,0.53
ECE20213695,Kavya Dhaliwal,ECE,5,A,55.25,68.65,10.64,28,5,89.36,-3.27
ECE20223696,Vrishti Narula,ECE,4,C,63.5,79.35,10.65,18,6,89.35,2.55
CIVIL20213697,Ati Parsa,CIVIL,6,C,59.7,62.05,9.73,34,6,90.27,-3.06
IT20203698,Vrishti Lata,IT,7,A,20.43,59.6,8.44,36,6,91.56,-4.54
ECE20223699,Onveer Sura,ECE,4,A,39.75,63.07,16.1,33,5,83.9,-4.55
ECE20203700,Oeshi Kuruvilla,ECE,7,A,83.18,98.78,2.76,1,5,97.24,2.7
CSE20223701,Sathvik Garde,CSE,3,C,71.85,71.41,13.44,25,5,86.56,3.38
CIVIL20233702,Balveer Pant,CIVIL,1,A,48.15,62.84,15.67,33,5,84.33,4.1
MECH20213703,Indali Virk,MECH,6,C,60.2,80.04,8.99,17,6,91.01,-0.98
MECH20233704,Krisha Vala,MECH,2,A,54.26,91.64,13.09,7,6,86.91,-0.79
CSE20203705,Samar Saha,CSE,8,B,24.82,40.65,17.13,53,6,82.87,-1.56
CIVIL20213706,Sai Choudhry,CIVIL,6,C,76.26,86.81,2.57,11,5,97.43,-2.55
CSE20233707,Vansha Devan,CSE,2,C,52.97,87.87,12.88,10,6,87.12,-1.37
IT20213708,Sathvik Dalal,IT,6,C,54.35,81.62,9.79,16,5,90.21,2.22
IT20203709,Ekantika Dhar,IT,7,A,52.09,64.03,12.16,32,6,87.84,-0.34
MECH20223710,Lakshmi Narayanan,MECH,3,B,64.98,78.39,12.93,19,5,87.07,0.69
ECE20233711,Siya Raj,ECE,1,A,38.49,61.62,14.89,34,6,85.11,0.88
CIVIL20223712,Inaya Walla,CIVIL,3,A,74.96,79.26,10.82,18,6,89.18,-0.85
MECH20203713,Vrinda Baria,MECH,8,B,50.94,72.47,7.14,24,5,92.86,-3.23
CSE20223714,Jagdish Saxena,CSE,3,B,62.6,69.65,11.81,27,6,88.19,-2.63
MECH20203715,Krishna Prakash,MECH,8,C,60.56,77.68,6.79,20,5,93.21,-0.55
CSE20213716,Darpan Banik,CSE,5,C,66.74,78.31,13.24,19,6,86.76,4.83
ECE20203717,Bhavna Varughese,ECE,8,B,54.38,65.69,10.98,30,6,89.02,0.55
CIVIL20213718,Advik Chauhan,CIVIL,5,B,67.52,69.06,7.1,27,5,92.9,4.96
MECH20233719,Ayaan Om,MECH,1,B,50.06,76.98,9.55,20,5,90.45,-1.03
CIVIL20233720,Gautami Sathe,CIVIL,1,A,79.99,93.16,6.98,6,6,93.02,3.98
IT20203721,Pushti Dora,IT,7,C,22.24,38.67,11.43,55,6,88.57,3.11
CSE20203722,Janaki Ramaswamy,CSE,8,C,73.78,58.7,19.74,37,5,80.26,3.74
IT20203723,Finn Kamdar,IT,7,C,64.6,74.58,9.71,22,5,90.29,-4.28
ECE20223724,Shravya Chakrabarti,ECE,3,C,52.35,31.86,2.77,61,6,97.23,-2.39
MECH20203725,Nidra Dhillon,MECH,8,C,63.29,88.47,13.64,10,5,86.36,3.6
MECH20213726,Azaan Gaba,MECH,5,B,60.43,79.05,9.88,18,6,90.12,1.67
CIVIL20223727,Dhriti Parmer,CIVIL,4,A,27.08,69.87,5.78,27,5,94.22,-1.15
CSE20203728,Thomas Kannan,CSE,8,A,70.88,85.67,8.65,12,6,91.35,-2.81
ECE20233729,Warhi Nayak,ECE,1,B,69.66,86.74,13.95,11,5,86.05,2.01
CSE20223730,Ekaraj Barad,CSE,3,A,58.68,62.93,5.84,33,5,94.16,-3.97
MECH20233731,Charles Manda,MECH,1,A,63.93,79.48,8.75,18,5,91.25,-4.18
MECH20203732,Unni Madan,MECH,8,B,66.84,72.63,8.4,24,5,91.6,-1.73
CIVIL20233733,Isha Sundaram,CIVIL,1,A,57.38,76.8,6.31,20,5,93.69,2.31
IT20233734,Varenya Mannan,IT,1,B,35.64,57.84,9.36,37,6,90.64,-1.86
IT20213735,Gautam Johal,IT,6,C,22.49,45.03,15.9,49,6,84.1,1.0
CSE20223736,Manan Golla,CSE,4,C,64.27,30.76,10.91,62,5,89.09,-4.13
CIVIL20223737,Widisha Gade,CIVIL,3,C,25.94,44.03,8.61,50,5,91.39,2.76
CSE20203738,Abeer Nayak,CSE,7,C,62.62,81.9,13.86,16,6,86.14,-4.27
CSE20203739,Dipta Singh,CSE,7,A,51.66,73.23,5.49,24,6,94.51,-2.9
MECH20233740,Anya Ghose,MECH,1,A,62.15,67.44,9.63,29,5,90.37,-0.36
ECE20223741,Baljiwan Rao,ECE,3,B,94.39,86.95,3.55,11,5,96.45,1.36
CSE20223742,Forum Butala,CSE,4,A,49.99,61.74,14.51,34,6,85.49,2.16
ECE20223743,Naksh Chander,ECE,3,A,56.42,73.68,8.59,23,5,91.41,0.28
IT20223744,Lekha D’Alia,IT,3,C,41.64,49.17,9.94,45,6,90.06,-4.45
ECE20223745,Anmol Sastry,ECE,3,B,61.61,84.41,10.89,14,6,89.11,-0.44
ECE20233746,Tripti Dey,ECE,1,B,42.46,64.84,7.21,31,5,92.79,1.08
IT20233747,Bhanumati Thakkar,IT,2,A,51.39,83.0,5.34,15,5,94.66,2.12
CIVIL20213748,Sai Bhalla,CIVIL,5,B,49.81,62.78,15.42,33,5,84.58,-0.34
CSE20233749,Kevin Chada,CSE,2,B,89.84,85.43,6.35,13,5,93.65,1.85
MECH20233750,Daksh Lata,MECH,2,A,69.73,77.4,7.39,20,5,92.61,-4.39
MECH20203751,Jagdish Vyas,MECH,8,B,59.9,60.94,14.45,35,5,85.55,2.64
MECH20223752,Nitara Purohit,MECH,4,C,46.7,33.82,19.29,59,6,80.71,-0.51
MECH20223753,Harish Mohanty,MECH,4,C,63.91,74.49,13.87,22,6,86.13,-1.81
CIVIL20213754,Bina Edwin,CIVIL,5,B,59.36,54.19,19.26,41,6,80.74,-2.11
CIVIL20223755,Falan Raj,CIVIL,4,A,50.68,76.86,10.14,20,5,89.86,3.54
MECH20213756,Finn Tata,MECH,5,A,70.4,63.0,5.48,33,6,94.52,-2.22
CSE20223757,Warda Krishna,CSE,3,A,76.92,86.17,4.52,12,6,95.48,1.89
MECH20203758,Falguni Sethi,MECH,8,C,33.26,57.01,15.45,38,5,84.55,1.73
MECH20223759,Peter Pillai,MECH,3,B,53.65,67.76,5.96,29,6,94.04,-2.19
ECE20233760,Atharv Char,ECE,2,C,39.54,33.9,17.11,59,5,82.89,-1.83
CIVIL20213761,Veer Nair,CIVIL,5,C,41.51,44.02,9.01,50,5,90.99,-2.01
ECE20203762,Hema Vyas,ECE,8,B,71.76,69.1,12.23,27,5,87.77,3.4
ECE20203763,Bahadurjit Bhat,ECE,7,B,81.84,91.73,7.5,7,5,92.5,4.22
CSE20203764,Bachittar Kumer,CSE,7,C,62.33,79.67,6.86,18,5,93.14,-4.84
ECE20213765,Rishi Choudhary,ECE,6,C,54.67,79.71,8.25,18,5,91.75,-4.53
ECE20213766,Ekantika Kota,ECE,6,C,82.85,94.46,4.3,4,5,95.7,0.15
IT20223767,Henry Sibal,IT,3,C,72.8,62.5,14.79,33,6,85.21,1.07
MECH20233768,Xavier Ravel,MECH,1,A,51.68,80.18,5.04,17,6,94.96,3.12
ECE20233769,Jacob Pau,ECE,1,C,49.67,45.55,8.92,49,6,91.08,-0.4
CSE20223770,Januja Sheth,CSE,4,A,89.79,95.47,7.29,4,6,92.71,4.43
CSE20223771,Matthew Hegde,CSE,4,A,73.83,87.36,7.76,11,5,92.24,4.44
CIVIL20213772,Yashasvi Bhattacharyya,CIVIL,6,B,70.24,81.42,6.33,16,5,93.67,-0.59
ECE20223773,Om Gola,ECE,3,B,61.91,63.16,12.93,33,6,87.07,-2.03
MECH20233774,Chanchal Ravel,MECH,2,A,44.43,53.05,16.33,42,5,83.67,4.61
CIVIL20213775,Atharv Bansal,CIVIL,6,C,29.0,47.76,17.72,47,5,82.28,-1.65
MECH20213776,Adya Arya,MECH,6,A,56.34,84.66,8.22,13,6,91.78,0.97
CIVIL20233777,Yashasvi Manda,CIVIL,1,C,85.4,90.16,3.95,8,5,96.05,-0.74
CIVIL20223778,Tanvi Narula,CIVIL,4,B,85.42,92.53,7.44,6,6,92.56,-4.41
MECH20233779,Jagrati Sangha,MECH,1,A,60.33,87.76,7.72,11,6,92.28,3.32
MECH20233780,Harshil Tripathi,MECH,1,B,23.11,33.04,9.86,60,5,90.14,2.65
CIVIL20233781,Rachita Vig,CIVIL,1,B,57.86,65.99,12.66,30,5,87.34,-4.92
MECH20213782,Aarav Sidhu,MECH,5,A,56.97,88.2,12.63,10,6,87.37,3.8
CIVIL20233783,Azaan Sheth,CIVIL,1,C,56.07,67.44,11.62,29,5,88.38,1.43
CSE20233784,Darpan Rajagopalan,CSE,2,B,52.19,81.07,5.21,17,5,94.79,-0.1
CSE20223785,Widisha Parekh,CSE,4,C,35.4,42.4,19.88,51,6,80.12,-0.99
CIVIL20233786,Samuel Ghosh,CIVIL,1,A,59.06,87.61,14.47,11,6,85.53,-2.15
MECH20203787,Ridhi Sabharwal,MECH,8,C,57.98,84.7,9.99,13,5,90.01,-4.45
CSE20213788,Amara Arya,CSE,5,C,68.1,67.97,8.3,28,5,91.7,4.7
MECH20213789,Ridhi Mannan,MECH,5,C,59.31,62.37,12.77,33,6,87.23,2.73
IT20203790,Barkha Joshi,IT,8,A,27.92,64.77,12.56,31,5,87.44,-0.02
ECE20213791,Ryan Bava,ECE,6,B,65.95,76.17,13.94,21,5,86.06,3.04
MECH20203792,Aditya Narain,MECH,7,B,88.27,88.1,7.86,10,5,92.14,2.65
MECH20203793,Vihaan Dixit,MECH,7,A,66.68,66.78,12.08,29,5,87.92,-1.33
CSE20213794,Kevin Chaudhry,CSE,6,A,90.11,96.85,4.97,2,6,95.03,4.4
IT20213795,Harita Raghavan,IT,6,B,26.78,56.69,8.77,38,5,91.23,2.32
MECH20213796,Daksha Jayaraman,MECH,6,A,57.54,83.45,14.76,14,5,85.24,-4.72
ECE20223797,Rajeshri Sarma,ECE,3,B,64.56,62.76,10.92,33,5,89.08,-4.18
ECE20223798,Hredhaan Sarna,ECE,3,A,91.33,87.72,4.11,11,5,95.89,2.12
CSE20223799,Praneel Kata,CSE,3,A,55.07,81.05,5.02,17,6,94.98,-2.71
IT20223800,Girindra Basu,IT,3,C,93.26,95.75,4.99,3,5,95.01,4.78
IT20233801,Harini Kapoor,IT,2,C,64.96,76.77,14.34,20,6,85.66,3.79
IT20203802,Divya Wadhwa,IT,7,C,73.52,89.64,12.24,9,6,87.76,-0.83
IT20213803,Kai Agarwal,IT,5,C,63.11,88.26,11.07,10,6,88.93,3.9
CIVIL20213804,Ria Misra,CIVIL,6,C,70.26,88.12,11.82,10,6,88.18,0.24
IT20213805,Ekaraj Kalita,IT,5,C,59.28,86.92,6.74,11,5,93.26,1.67
ECE20233806,Xiti Rastogi,ECE,1,B,60.0,78.94,10.44,18,6,89.56,2.22
MECH20203807,Yuvraj Mand,MECH,8,B,54.19,76.3,6.51,21,6,93.49,-1.31
IT20213808,Pranit Tella,IT,6,C,53.28,72.84,7.87,24,5,92.13,3.18
ECE20223809,Unni Dora,ECE,3,A,58.93,85.34,12.18,13,5,87.82,3.01
IT20203810,Aryan Sidhu,IT,7,A,69.47,74.56,14.49,22,5,85.51,-0.54
ECE20223811,Widisha Panchal,ECE,3,B,54.82,74.55,11.85,22,5,88.15,-0.28
IT20203812,Ijaya Dhawan,IT,7,B,81.46,92.83,2.85,6,6,97.15,1.9
ECE20223813,Naksh Bhatt,ECE,4,C,83.19,90.8,6.92,8,6,93.08,4.89
MECH20203814,Divya Bora,MECH,8,A,74.44,53.58,21.95,41,5,78.05,2.81
ECE20233815,Vamakshi Sami,ECE,2,C,52.5,88.7,13.93,10,5,86.07,3.96
CSE20233816,Damini Dua,CSE,2,B,78.72,95.66,3.9,3,6,96.1,0.32
CIVIL20213817,Bahadurjit Kaur,CIVIL,6,C,56.28,88.41,10.42,10,5,89.58,2.38
ECE20203818,Hitesh Aurora,ECE,7,C,61.92,77.5,8.51,20,5,91.49,-3.77
IT20203819,Rehaan Kade,IT,7,B,70.81,38.63,8.0,55,5,92.0,0.27
CIVIL20213820,Finn Brar,CIVIL,6,A,56.75,84.12,6.48,14,6,93.52,-2.67
IT20213821,Mason Banik,IT,5,C,71.74,70.01,7.27,26,5,92.73,-0.98
CIVIL20203822,Pavani Subramaniam,CIVIL,7,B,67.86,79.01,14.18,18,5,85.82,-2.74
IT20233823,Pratyush Chowdhury,IT,2,C,43.1,53.44,6.11,41,6,93.89,2.74
CIVIL20213824,Vedant Vig,CIVIL,5,C,68.53,63.77,14.58,32,5,85.42,0.24
ECE20223825,Nathan Pal,ECE,3,B,78.61,89.07,2.73,9,5,97.27,4.66
MECH20203826,Omya Saraf,MECH,7,C,66.0,88.25,12.38,10,5,87.62,-4.47
CIVIL20223827,Oeshi Lala,CIVIL,4,C,34.82,52.0,5.19,43,6,94.81,4.05
ECE20233828,Yadavi Butala,ECE,2,A,93.98,92.36,6.38,6,5,93.62,-0.42
CIVIL20213829,Sara Gokhale,CIVIL,6,A,62.65,89.57,11.61,9,5,88.39,3.29
IT20213830,Xavier Nair,IT,6,A,66.59,64.15,9.01,32,6,90.99,0.66
CIVIL20223831,Sudiksha Kothari,CIVIL,3,C,64.92,89.71,7.8,9,5,92.2,-1.2
CIVIL20233832,Amrita Kala,CIVIL,1,B,74.72,66.88,9.81,29,6,90.19,1.93
CSE20233833,Aayush Garde,CSE,1,A,34.27,59.73,6.81,36,5,93.19,0.76
MECH20233834,Wazir Mangat,MECH,1,B,40.89,55.53,11.02,40,6,88.98,-2.06
ECE20203835,Chanakya Doctor,ECE,7,C,90.18,90.08,4.03,8,6,95.97,-1.65
ECE20223836,Yashica Anand,ECE,3,A,35.09,42.71,13.72,51,6,86.28,-4.39
CSE20223837,Jatin Raval,CSE,3,A,71.5,63.76,8.12,32,6,91.88,-1.48
IT20223838,Anirudh Acharya,IT,3,C,72.84,84.28,6.82,14,5,93.18,-3.29
ECE20223839,Madhavi Ahluwalia,ECE,3,A,33.91,58.94,14.48,36,5,85.52,-2.67
CSE20233840,Bhanumati Khosla,CSE,2,B,85.51,87.33,7.3,11,5,92.7,2.59
CSE20223841,Chakradhar Krishna,CSE,3,A,54.49,61.47,12.97,34,5,87.03,-0.32
ECE20223842,Abhimanyu Ben,ECE,4,B,57.46,74.21,12.53,23,6,87.47,-2.05
ECE20213843,Gaurika Joshi,ECE,6,B,67.57,83.27,7.67,15,6,92.33,0.79
CIVIL20233844,Chatura Kapadia,CIVIL,2,C,73.25,72.07,8.12,25,6,91.88,-3.29
IT20213845,Samaksh Mody,IT,5,B,86.82,86.26,6.77,12,5,93.23,-2.85
MECH20203846,Dhriti Bali,MECH,7,B,27.83,44.71,23.17,49,6,76.83,3.37
ECE20233847,Nilima Yogi,ECE,1,A,68.94,86.99,6.13,11,5,93.87,-4.83
MECH20233848,Yadavi Palla,MECH,2,A,50.76,74.74,8.59,22,5,91.41,4.66
ECE20223849,Kritika Sarkar,ECE,4,A,58.81,87.35,9.34,11,6,90.66,3.29
IT20223850,Mohini Kala,IT,3,C,64.5,62.01,14.19,34,5,85.81,1.01
CSE20233851,Mekhala Narasimhan,CSE,2,C,68.87,79.16,13.05,18,6,86.95,3.7
CSE20223852,Neha Batra,CSE,4,A,67.75,75.82,11.98,21,6,88.02,0.75
CIVIL20213853,Hemal Savant,CIVIL,5,A,76.01,89.57,3.54,9,6,96.46,0.79
CIVIL20223854,Rajata Dhar,CIVIL,4,B,63.18,82.3,14.57,15,6,85.43,-4.63
CIVIL20233855,Rehaan Narula,CIVIL,1,C,22.15,39.42,10.89,54,5,89.11,-3.72
CSE20213856,Mohammed Tripathi,CSE,6,B,22.99,32.65,9.5,60,5,90.5,-4.55
MECH20233857,Zinal Goyal,MECH,2,A,52.33,61.74,10.34,34,6,89.66,-0.12
IT20233858,Harinakshi Toor,IT,1,A,82.7,95.26,3.67,4,6,96.33,-3.57
IT20223859,Kashvi Bhattacharyya,IT,4,B,50.91,64.6,5.27,31,5,94.73,-3.62
CSE20203860,Yasti Puri,CSE,7,C,62.16,73.62,11.44,23,5,88.56,0.84
ECE20203861,Widisha Pandit,ECE,8,B,70.6,73.43,14.62,23,5,85.38,-1.89
MECH20213862,Kala Gour,MECH,5,B,22.42,64.11,13.69,32,5,86.31,-4.41
IT20213863,Onkar Som,IT,6,B,58.66,70.75,12.64,26,5,87.36,-0.75
CSE20233864,Adweta Chanda,CSE,2,A,74.59,48.58,8.97,46,5,91.03,1.96
IT20223865,Fariq Kamdar,IT,3,C,72.96,81.07,14.95,17,6,85.05,-0.21
MECH20233866,Yashawini Suresh,MECH,1,C,79.67,59.65,20.37,36,5,79.63,-1.76
MECH20213867,Leela Pai,MECH,5,A,71.69,75.83,12.79,21,5,87.21,-1.71
IT20213868,Logan Mistry,IT,6,C,51.87,61.73,7.65,34,5,92.35,-2.03
MECH20223869,Ishanvi Dayal,MECH,3,C,83.31,93.52,4.45,5,6,95.55,0.35
MECH20203870,Sathvik Ahluwalia,MECH,8,A,22.92,30.9,16.05,62,6,83.95,1.74
CIVIL20203871,Vinaya Hans,CIVIL,8,C,25.22,38.35,8.59,55,6,91.41,4.99
CIVIL20223872,Zilmil Mukherjee,CIVIL,4,C,35.27,83.87,21.13,14,6,78.87,0.31
CSE20233873,Hemang Bhakta,CSE,2,A,44.97,37.35,19.91,56,6,80.09,4.28
CIVIL20223874,Mekhala Khare,CIVIL,4,B,95.56,89.67,3.22,9,6,96.78,0.62
CIVIL20233875,Deepa Shukla,CIVIL,2,A,50.39,76.81,5.54,20,5,94.46,1.13
ECE20223876,Dhruv Oommen,ECE,3,C,65.3,96.23,10.94,3,6,89.06,-1.18
MECH20223877,Ikbal Prabhu,MECH,4,A,62.42,72.77,9.5,24,6,90.5,-2.81
ECE20213878,Samar Anand,ECE,5,B,37.19,31.11,16.72,62,5,83.28,3.46
CSE20233879,Ikbal Patel,CSE,1,C,68.32,72.07,19.1,25,5,80.9,-4.75
CSE20213880,Bakhshi Sibal,CSE,6,B,58.6,64.83,14.27,31,5,85.73,-1.19
IT20233881,Indali Kara,IT,2,C,66.45,85.8,8.11,12,5,91.89,4.4
ECE20223882,Tanish Peri,ECE,3,A,68.89,86.8,5.88,11,6,94.12,-0.71
IT20223883,Ishani Bir,IT,4,A,65.79,80.43,5.14,17,5,94.86,1.74
MECH20203884,Chatura Guha,MECH,7,B,50.63,63.27,8.18,33,5,91.82,-1.7
IT20223885,Kai Atwal,IT,4,A,50.68,85.78,7.79,12,6,92.21,-1.14
ECE20203886,Yahvi Bhat,ECE,7,B,55.52,68.43,14.25,28,5,85.75,4.04
MECH20213887,Urishilla Roy,MECH,5,B,57.7,66.25,11.09,30,6,88.91,-1.92
MECH20233888,Rehaan Dayal,MECH,2,C,67.09,81.87,14.52,16,6,85.48,-1.19
ECE20233889,Chaman Ghosh,ECE,1,A,72.22,81.34,11.25,16,5,88.75,0.1
IT20223890,Girindra Uppal,IT,3,C,47.61,84.45,4.36,13,5,95.64,4.01
CSE20203891,Harshil Kothari,CSE,7,B,86.79,91.57,2.03,7,5,97.97,-3.86
MECH20223892,Girik Seth,MECH,4,B,81.87,83.71,3.46,14,5,96.54,2.78
ECE20203893,Zayan Saha,ECE,7,A,67.21,63.42,12.59,32,6,87.41,-3.7
MECH20233894,Joshua Pai,MECH,2,B,34.45,58.23,10.81,37,6,89.19,-1.09
CIVIL20233895,Sara Sahni,CIVIL,2,C,35.94,49.7,10.77,45,5,89.23,0.12
CSE20213896,Chandani Kaul,CSE,6,A,37.72,63.02,6.35,33,5,93.65,0.97
CSE20233897,Harita Dubey,CSE,1,B,62.74,60.58,11.8,35,6,88.2,4.42
CSE20203898,Amruta Nayar,CSE,8,A,41.14,39.04,18.59,54,5,81.41,4.55
MECH20213899,Rachita Mistry,MECH,6,B,87.64,96.02,7.27,3,5,92.73,-2.79
ECE20223900,Bahadurjit Raj,ECE,3,A,25.31,45.17,14.99,49,5,85.01,-2.62
IT20203901,Jack Bedi,IT,8,A,82.56,87.39,3.27,11,5,96.73,4.07
CIVIL20223902,Aryan Sha,CIVIL,3,B,46.26,50.43,10.89,44,5,89.11,2.47
IT20203903,Lekha Sangha,IT,8,A,97.19,88.03,5.27,10,6,94.73,-4.64
IT20233904,Victor Bajaj,IT,2,A,86.31,38.4,6.67,55,5,93.33,2.14
IT20233905,Panini Ramachandran,IT,2,C,26.59,33.79,6.89,59,6,93.11,3.33
CIVIL20213906,Joshua Merchant,CIVIL,6,B,75.23,85.46,6.34,13,5,93.66,-0.41
IT20223907,Aarna Hayre,IT,3,B,51.29,79.31,5.16,18,6,94.84,3.03
IT20203908,Girish Joshi,IT,7,C,51.28,60.09,6.17,35,5,93.83,-3.65
ECE20213909,Jeremiah Modi,ECE,5,C,41.98,69.75,22.93,27,6,77.07,1.29
CSE20223910,Qadim Wali,CSE,4,A,63.91,70.54,14.94,26,5,85.06,-0.67
IT20233911,Veda Nazareth,IT,2,C,68.55,80.68,6.12,17,6,93.88,-4.21
IT20233912,Eshana Seshadri,IT,2,B,87.3,93.17,19.1,6,5,80.9,1.54
IT20213913,Faqid Bhatt,IT,6,B,53.3,78.79,11.68,19,6,88.32,-0.02
IT20213914,Anjali Ghose,IT,6,C,76.5,92.33,4.18,6,6,95.82,5.0
CIVIL20203915,Siddharth Hari,CIVIL,8,C,80.23,99.61,7.35,0,6,92.65,-0.83
MECH20223916,Manbir Mammen,MECH,3,A,62.14,60.14,9.87,35,5,90.13,1.27
ECE20223917,Suhani Kala,ECE,4,A,51.63,83.09,7.94,15,6,92.06,4.48
MECH20203918,Kamala Wali,MECH,7,A,56.76,77.62,9.45,20,6,90.55,-3.69
CIVIL20233919,Panini Kannan,CIVIL,2,A,85.79,98.77,4.22,1,6,95.78,-1.88
ECE20223920,Yuvraj Dugal,ECE,4,B,64.22,77.92,14.75,19,6,85.25,3.5
IT20203921,Ikshita Dhawan,IT,8,A,76.3,43.96,6.37,50,5,93.63,-2.74
IT20233922,Peter Ranganathan,IT,1,C,72.67,78.8,13.44,19,6,86.56,-1.62
CIVIL20233923,Gaurangi Barman,CIVIL,1,B,57.53,61.5,11.33,34,6,88.67,0.09
CSE20203924,Bhavani Srinivas,CSE,7,A,30.34,42.8,3.69,51,5,96.31,-0.59
IT20233925,Wyatt Tata,IT,2,C,81.5,89.85,4.78,9,5,95.22,1.98
IT20213926,Urmi Badami,IT,5,A,44.89,51.43,14.68,43,5,85.32,-1.25
CIVIL20233927,Bakhshi Parsa,CIVIL,1,A,93.61,91.74,2.42,7,5,97.58,0.48
CIVIL20203928,Michael Anand,CIVIL,7,A,71.65,69.03,8.17,27,5,91.83,2.39
IT20223929,Ekbal Ghose,IT,4,A,50.09,61.52,11.46,34,6,88.54,4.96
MECH20233930,Bhavika Chowdhury,MECH,1,B,51.61,76.49,5.39,21,5,94.61,4.89
CIVIL20203931,Arin Saxena,CIVIL,7,A,49.15,44.99,10.64,49,6,89.36,3.92
IT20213932,Arunima Bassi,IT,5,A,49.85,44.65,13.09,49,6,86.91,3.59
CIVIL20233933,Manya Krish,CIVIL,1,C,97.43,99.32,7.14,0,5,92.86,-3.04
MECH20213934,Jacob Shan,MECH,6,A,71.58,82.85,9.08,15,6,90.92,-4.04
CSE20233935,Hiral Krishnamurthy,CSE,2,C,52.88,83.51,5.21,14,6,94.79,-4.18
MECH20203936,Tejas Bhattacharyya,MECH,7,C,68.45,65.5,12.7,31,5,87.3,-2.64
CIVIL20223937,Yashodhara Ganesan,CIVIL,3,C,54.99,88.96,6.38,9,6,93.62,4.41
CSE20213938,Tanmayi Dave,CSE,6,C,40.18,35.7,19.4,57,5,80.6,0.32
ECE20223939,Falguni Narayan,ECE,4,C,66.41,85.4,10.28,13,6,89.72,-3.29
ECE20213940,Sathvik Ram,ECE,5,B,62.87,85.35,5.63,13,6,94.37,-4.01
MECH20223941,Pahal Patla,MECH,3,A,74.62,87.73,13.22,11,5,86.78,3.93
ECE20223942,Bhavna Randhawa,ECE,3,A,30.04,61.17,19.29,34,6,80.71,-2.46
CIVIL20213943,Zayan Prakash,CIVIL,5,A,59.96,62.48,10.72,33,5,89.28,-2.74
IT20203944,Hemal Iyer,IT,8,A,96.43,85.97,3.17,12,5,96.83,2.9
CIVIL20223945,Vrishti Walla,CIVIL,3,B,70.71,72.03,8.74,25,6,91.26,4.28
CIVIL20203946,Krishna Devi,CIVIL,7,A,36.96,53.63,6.43,41,6,93.57,2.75
MECH20213947,Raksha Raval,MECH,5,A,67.52,81.89,14.03,16,5,85.97,-4.39
MECH20203948,Zinal Patla,MECH,8,A,68.31,81.06,13.52,17,6,86.48,2.21
IT20233949,Bhanumati Mangal,IT,2,A,86.13,93.79,4.24,5,5,95.76,3.63
ECE20233950,Anirudh Upadhyay,ECE,1,A,52.66,60.9,11.47,35,6,88.53,-1.7
IT20203951,Chaitanya Raval,IT,7,A,50.48,72.11,10.7,25,5,89.3,1.87
MECH20223952,Vedika Mander,MECH,4,B,54.47,78.57,14.3,19,6,85.7,4.0
MECH20203953,Yutika Amble,MECH,8,A,55.16,86.84,6.2,11,6,93.8,1.57
MECH20213954,Chaitaly Lata,MECH,6,A,58.67,76.96,9.32,20,5,90.68,-4.39
ECE20203955,Aarnav Raja,ECE,8,C,69.58,69.13,11.19,27,5,88.81,2.51
CSE20233956,Kavya Thakkar,CSE,2,A,66.84,71.44,11.65,25,6,88.35,-0.31
MECH20213957,Aadhya Zachariah,MECH,6,B,87.15,89.59,4.92,9,6,95.08,-3.33
MECH20223958,Rishi Soman,MECH,4,C,61.52,40.54,19.82,53,6,80.18,-4.45
CSE20233959,Ranveer Hegde,CSE,1,B,68.57,87.18,12.8,11,5,87.2,0.29
MECH20223960,Lopa Shan,MECH,3,C,52.39,82.27,5.81,15,6,94.19,-3.4
CSE20233961,Ayaan Samra,CSE,1,B,52.91,85.79,12.17,12,6,87.83,-2.65
CSE20223962,Ishita Nagy,CSE,3,C,48.0,45.86,16.5,48,5,83.5,-0.96
IT20213963,Tristan Munshi,IT,6,B,62.91,67.43,9.23,29,6,90.77,-4.59
CIVIL20223964,Gaurangi Mammen,CIVIL,3,C,25.01,99.16,2.75,0,5,97.25,5.0
ECE20223965,Tamanna Iyer,ECE,3,A,85.32,96.52,4.71,3,5,95.29,-3.34
CIVIL20203966,Wakeeta Choudhary,CIVIL,8,B,73.39,85.8,11.39,12,6,88.61,-2.47
CIVIL20203967,Sai Wagle,CIVIL,8,C,81.24,91.8,3.23,7,6,96.77,-0.79
CSE20203968,Janaki Hari,CSE,8,A,23.64,31.07,5.8,62,6,94.2,2.85
IT20203969,Samaksh Bal,IT,8,A,38.74,60.38,6.41,35,5,93.59,1.43
CIVIL20213970,Yatin Khatri,CIVIL,6,B,54.7,68.57,7.8,28,5,92.2,1.29
CSE20223971,Manbir Tiwari,CSE,4,B,45.74,47.5,6.59,47,6,93.41,1.07
MECH20233972,Yashoda Kari,MECH,2,C,69.13,72.91,13.47,24,6,86.53,-1.87
MECH20203973,Ekbal Chana,MECH,7,B,55.44,89.31,14.11,9,5,85.89,-2.42
CIVIL20203974,Tripti Varty,CIVIL,8,A,66.95,48.37,13.05,46,6,86.95,-2.62
MECH20233975,Victor Atwal,MECH,1,C,94.66,97.34,6.85,2,5,93.15,2.14
IT20233976,Patrick Hans,IT,1,B,72.91,96.5,16.78,3,5,83.22,2.53
IT20223977,Anusha Dara,IT,4,B,75.0,75.59,9.82,21,6,90.18,0.87
CSE20223978,Xavier Raju,CSE,3,B,38.1,40.16,15.68,53,6,84.32,4.95
MECH20203979,Andrew Bhargava,MECH,7,C,85.51,89.43,4.43,9,5,95.57,3.46
CSE20213980,Lucky Rajagopalan,CSE,6,C,23.42,44.72,6.6,49,6,93.4,4.29
CIVIL20233981,Anika Lal,CIVIL,2,C,24.18,64.08,15.04,32,6,84.96,-0.8
MECH20233982,Lakshit Nagarajan,MECH,1,C,69.09,80.46,5.92,17,6,94.08,0.59
MECH20203983,Oliver Parikh,MECH,8,C,58.08,44.16,17.04,50,6,82.96,-1.57
CIVIL20223984,Sneha Mody,CIVIL,4,B,74.01,75.28,12.07,22,5,87.93,-4.93
ECE20213985,Manan Shankar,ECE,6,C,36.95,37.34,15.21,56,6,84.79,3.12
ECE20203986,Vihaan Randhawa,ECE,8,A,25.49,49.36,19.25,45,5,80.75,0.41
CSE20213987,Manan Banik,CSE,6,B,59.48,89.21,9.95,9,6,90.05,-3.73
CIVIL20223988,Zaitra Kapadia,CIVIL,4,B,63.53,86.97,12.48,11,6,87.52,-0.05
ECE20233989,Ekavir Bakshi,ECE,1,C,59.38,86.04,10.16,12,5,89.84,-4.99
CIVIL20213990,Pushti Venkatesh,CIVIL,6,C,30.51,32.68,8.15,60,6,91.85,-3.86
IT20213991,Manya Solanki,IT,6,A,73.82,62.04,8.07,34,6,91.93,4.35
MECH20213992,Caleb Shukla,MECH,6,C,70.46,79.92,7.94,18,5,92.06,-3.04
CSE20203993,Gaurika Balay,CSE,7,A,60.37,70.08,9.97,26,5,90.03,-2.61
MECH20203994,Zansi Bajaj,MECH,8,B,33.76,32.38,17.63,60,5,82.37,1.47
CSE20223995,Ladli Babu,CSE,3,C,42.05,42.8,5.37,51,6,94.63,1.0
ECE20213996,Balendra Shenoy,ECE,6,C,47.34,73.4,14.31,23,5,85.69,0.27
ECE20233997,Prisha Rana,ECE,2,B,58.26,85.82,10.45,12,6,89.55,-4.83
CIVIL20233998,Dalbir Mannan,CIVIL,2,B,86.93,91.07,5.77,8,6,94.23,1.91
CIVIL20223999,Chavvi Rajagopal,CIVIL,4,C,82.56,96.67,2.37,3,5,97.63,-2.38
MECH20204000,Vincent Chhabra,MECH,7,B,22.31,58.4,7.03,37,5,92.97,-3.28
