student_id,age,gender,study_hours_per_week,attendance_percentage,internet_access,parental_education_level,family_income_level,extra_classes,sleep_hours_per_day,previous_exam_score,final_exam_score,result
1,17,Female,13,100,1,Secondary,Low,0,7.1,40.0,23.1,Fail
2,18,Male,9,76,1,No Schooling,Medium,1,4.6,45.5,31.5,Fail
3,16,Male,21,86,0,Graduate,Low,1,6.6,43.1,60.3,Pass
4,18,Female,14,95,0,Primary,Low,1,6.5,39.7,38.0,Fail
5,18,Male,18,98,1,Higher Secondary,Medium,0,4.3,50.8,53.2,Pass
6,15,Female,15,84,1,No Schooling,Medium,1,7.0,61.8,59.4,Pass
7,16,Male,10,53,1,Higher Secondary,High,0,8.0,28.6,44.7,Pass
8,16,Male,24,65,1,Secondary,Medium,1,7.7,73.3,56.3,Pass
9,16,Female,7,65,1,No Schooling,Medium,1,5.0,53.0,46.2,Pass
10,18,Female,8,70,0,No Schooling,Medium,1,8.3,34.9,40.0,Pass
11,17,Female,28,75,0,No Schooling,High,1,5.7,54.7,55.2,Pass
12,16,Female,3,85,0,Primary,Low,0,8.7,39.7,44.3,Pass
13,18,Female,15,68,1,No Schooling,Medium,0,4.4,30.5,24.4,Fail
14,15,Female,16,66,1,Higher Secondary,Medium,0,6.4,37.8,51.7,Pass
15,17,Female,4,94,0,Primary,High,1,7.0,22.2,7.7,Fail
16,15,Male,21,75,0,No Schooling,High,0,5.2,63.6,54.0,Pass
17,17,Male,6,71,1,Higher Secondary,High,0,7.9,39.0,36.6,Fail
18,18,Male,1,77,1,Higher Secondary,Low,0,7.1,43.8,37.3,Fail
19,14,Female,4,50,1,Graduate,High,1,4.1,24.6,7.9,Fail
20,17,Female,11,93,0,Higher Secondary,Low,0,7.0,36.2,47.3,Pass
21,15,Female,12,85,1,Secondary,Medium,1,6.5,46.3,51.2,Pass
22,18,Male,26,92,1,No Schooling,Medium,1,5.0,61.3,78.8,Pass
23,17,Female,29,86,1,No Schooling,Medium,0,9.0,86.6,91.6,Pass
24,14,Female,5,51,0,No Schooling,High,0,8.5,56.6,42.3,Pass
25,14,Male,23,66,1,Higher Secondary,Medium,1,5.5,55.1,49.5,Pass
26,16,Female,29,89,0,Higher Secondary,High,1,6.7,81.1,76.5,Pass
27,16,Male,21,87,1,No Schooling,Low,1,5.6,64.0,79.4,Pass
28,15,Male,16,70,1,Primary,Medium,0,7.9,52.4,54.1,Pass
29,17,Female,13,58,0,Primary,Low,1,8.7,52.5,53.1,Pass
30,17,Female,13,62,1,Secondary,High,1,5.8,34.7,49.2,Pass
31,16,Female,17,60,0,Graduate,High,1,8.0,43.7,40.1,Pass
32,17,Male,27,65,1,Secondary,Medium,0,6.5,75.0,78.7,Pass
33,17,Male,7,65,0,No Schooling,Medium,1,6.0,40.1,41.0,Pass
34,14,Male,8,51,1,No Schooling,High,1,8.7,38.6,47.7,Pass
35,16,Female,13,91,0,No Schooling,Medium,1,6.6,56.9,59.3,Pass
36,18,Female,23,93,0,Graduate,Medium,1,6.3,73.5,69.6,Pass
37,16,Female,27,57,1,Higher Secondary,Low,1,7.4,77.2,65.7,Pass
38,18,Female,16,92,0,Graduate,High,0,5.3,59.1,50.1,Pass
39,14,Male,29,91,1,Secondary,Low,0,5.6,73.3,80.6,Pass
40,15,Male,4,62,0,Higher Secondary,Medium,1,8.7,33.1,48.3,Pass
41,17,Male,8,66,1,Higher Secondary,Low,1,7.4,39.1,29.0,Fail
42,14,Male,16,88,1,Secondary,High,1,8.1,50.9,42.7,Pass
43,17,Female,21,73,1,Higher Secondary,Low,1,5.4,60.9,47.2,Pass
44,15,Female,10,52,1,Primary,Low,1,6.7,37.5,32.4,Fail
45,15,Female,25,79,0,Secondary,Medium,1,8.9,49.2,67.8,Pass
46,14,Male,12,62,1,Secondary,High,0,5.6,47.3,55.2,Pass
47,15,Male,12,68,1,Primary,Medium,1,4.8,55.8,32.2,Fail
48,18,Female,26,56,1,Graduate,Medium,1,6.6,69.2,60.6,Pass
49,15,Female,5,58,1,Graduate,High,0,5.9,36.7,22.0,Fail
50,17,Male,16,68,1,Graduate,Low,0,4.8,45.6,39.0,Fail
51,17,Female,1,94,0,Higher Secondary,Medium,0,8.4,24.6,23.9,Fail
52,17,Male,28,89,1,Primary,Low,0,9.0,81.2,78.7,Pass
53,17,Male,9,71,0,Secondary,High,1,6.8,29.2,37.0,Fail
54,18,Male,12,67,0,Secondary,Medium,0,7.9,27.2,20.0,Fail
55,16,Female,5,72,1,Secondary,Low,0,8.3,36.6,31.8,Fail
56,14,Female,22,51,1,Higher Secondary,Low,0,7.5,55.5,70.8,Pass
57,17,Male,20,99,0,Higher Secondary,Medium,1,4.2,74.0,76.7,Pass
58,15,Female,22,99,0,Graduate,High,1,4.8,50.6,67.0,Pass
59,17,Male,28,60,0,Higher Secondary,Low,1,4.4,64.0,69.2,Pass
60,15,Male,24,80,1,Graduate,High,0,4.0,51.7,49.8,Pass
61,15,Male,3,82,0,Graduate,Medium,1,5.5,42.7,36.0,Fail
62,17,Male,5,63,0,Secondary,Low,0,6.0,39.7,55.2,Pass
63,18,Female,2,65,1,Higher Secondary,Low,0,5.2,30.5,21.9,Fail
64,15,Male,14,60,0,Graduate,Low,0,4.3,33.4,51.1,Pass
65,15,Male,2,82,1,Primary,High,0,6.6,23.1,3.9,Fail
66,17,Female,13,56,0,Primary,Low,1,5.4,37.2,43.8,Pass
67,15,Male,7,80,1,Higher Secondary,Low,1,8.0,34.1,40.8,Pass
68,15,Male,10,97,0,Secondary,Medium,1,4.0,47.5,44.3,Pass
69,17,Female,13,95,1,Secondary,Low,1,8.2,48.5,52.9,Pass
70,17,Female,16,96,1,Graduate,High,0,8.8,42.0,52.7,Pass
71,14,Female,26,63,0,Higher Secondary,Medium,0,7.6,61.7,71.5,Pass
72,18,Male,14,77,1,Primary,Medium,0,7.7,51.7,48.8,Pass
73,18,Female,11,92,0,Graduate,Low,0,8.7,61.1,53.7,Pass
74,15,Female,10,65,1,Graduate,Medium,0,5.0,33.2,23.0,Fail
75,18,Male,6,68,1,No Schooling,Low,1,9.0,18.5,32.6,Fail
76,15,Male,4,66,1,Higher Secondary,Medium,1,7.9,42.0,48.3,Pass
77,14,Male,21,75,1,Graduate,High,0,7.6,66.3,79.7,Pass
78,17,Male,1,55,1,Primary,Low,0,5.8,32.4,20.6,Fail
79,17,Male,7,92,1,No Schooling,High,1,6.7,60.8,36.3,Fail
80,17,Female,24,98,1,Primary,Low,1,7.3,88.3,84.0,Pass
81,18,Female,9,58,0,Secondary,High,0,7.1,21.1,19.1,Fail
82,14,Female,8,99,0,No Schooling,High,1,7.5,62.2,57.3,Pass
83,18,Male,5,66,1,No Schooling,Medium,1,4.4,32.0,10.8,Fail
84,18,Male,19,80,1,Graduate,Low,0,5.8,63.5,69.0,Pass
85,14,Male,10,61,1,Secondary,Medium,0,6.2,38.9,40.0,Pass
86,14,Female,11,72,0,Graduate,High,1,5.3,33.4,19.8,Fail
87,14,Female,25,54,1,Higher Secondary,Low,1,4.9,73.3,72.3,Pass
88,14,Male,15,92,0,Primary,High,0,4.7,45.5,45.7,Pass
89,17,Female,6,85,1,Primary,High,1,5.8,61.1,52.6,Pass
90,16,Male,15,85,1,Graduate,High,1,6.5,48.4,55.3,Pass
91,16,Female,5,52,1,Primary,High,1,4.3,21.1,2.5,Fail
92,14,Female,29,73,1,Primary,Medium,0,8.7,61.8,67.0,Pass
93,16,Female,19,66,1,Higher Secondary,High,1,7.8,71.3,66.6,Pass
94,16,Male,22,88,0,Secondary,Medium,1,7.7,48.7,53.7,Pass
95,14,Female,19,75,1,No Schooling,High,0,4.9,63.1,56.1,Pass
96,16,Female,10,53,0,Graduate,Low,0,7.0,49.2,54.4,Pass
97,18,Male,12,94,0,Graduate,High,1,6.6,49.5,33.4,Fail
98,15,Female,22,61,1,Higher Secondary,High,0,8.9,50.4,56.2,Pass
99,15,Male,4,50,1,Higher Secondary,Low,0,7.7,24.8,25.6,Fail
100,14,Male,18,70,1,No Schooling,Low,1,6.9,44.8,48.7,Pass
101,17,Male,16,68,0,Secondary,High,0,8.3,70.9,57.5,Pass
102,14,Male,8,70,0,Graduate,High,1,4.8,44.7,56.1,Pass
103,17,Male,4,67,0,Higher Secondary,Medium,1,4.1,18.9,27.3,Fail
104,15,Female,25,92,1,Graduate,Low,0,7.5,60.0,82.7,Pass
105,14,Male,23,52,0,Primary,Low,1,4.5,56.9,63.1,Pass
106,18,Male,12,98,0,Graduate,Medium,1,4.6,39.5,44.9,Pass
107,16,Male,2,93,0,Secondary,High,1,7.7,20.9,23.3,Fail
108,17,Male,4,81,1,Secondary,High,1,5.4,41.2,46.9,Pass
109,16,Female,5,59,0,Graduate,Low,1,7.1,40.3,41.2,Pass
110,16,Male,3,89,0,Primary,Medium,0,8.6,40.4,35.4,Fail
111,14,Female,9,64,1,Secondary,High,0,5.6,35.1,49.8,Pass
112,16,Male,29,54,1,Higher Secondary,Low,1,5.1,65.0,57.9,Pass
113,18,Female,21,53,1,Graduate,High,1,4.5,55.9,49.9,Pass
114,16,Male,18,77,0,Primary,High,0,4.7,60.0,78.5,Pass
115,14,Male,11,100,0,Higher Secondary,High,1,4.3,38.9,42.7,Pass
116,18,Female,3,53,0,Graduate,Low,1,4.4,17.6,0.0,Fail
117,15,Male,25,64,1,Primary,Medium,1,6.2,60.9,72.1,Pass
118,16,Female,23,66,0,Higher Secondary,Medium,0,5.6,51.9,48.1,Pass
119,14,Male,2,93,1,Secondary,High,1,7.5,38.4,29.0,Fail
120,15,Female,9,52,1,Graduate,Medium,0,8.4,31.9,56.8,Pass
121,15,Male,14,59,0,Graduate,High,1,7.9,50.4,64.2,Pass
122,17,Male,4,96,0,Secondary,Low,1,6.7,22.2,40.5,Pass
123,18,Female,29,91,0,No Schooling,Low,0,4.5,54.8,56.6,Pass
124,16,Male,9,72,1,Higher Secondary,Low,0,7.5,31.4,32.7,Fail
125,14,Male,13,67,1,Secondary,High,1,5.8,56.2,52.8,Pass
126,17,Male,18,50,0,Graduate,Medium,1,4.4,40.5,50.9,Pass
127,18,Male,15,84,1,Higher Secondary,Low,1,8.2,55.3,52.3,Pass
128,17,Male,28,80,0,Higher Secondary,High,0,5.7,67.3,84.6,Pass
129,18,Male,10,93,0,No Schooling,Medium,1,5.1,51.1,48.7,Pass
130,18,Female,16,50,0,Graduate,Medium,0,8.4,54.6,67.6,Pass
131,16,Female,12,52,1,Primary,Medium,1,8.5,48.5,42.7,Pass
132,18,Female,20,52,1,No Schooling,High,1,5.7,63.6,57.6,Pass
133,17,Male,5,86,0,No Schooling,High,1,5.8,37.0,35.1,Fail
134,18,Female,2,68,0,Primary,High,1,6.9,43.1,32.1,Fail
135,16,Male,10,78,1,Primary,Low,1,7.7,47.1,53.9,Pass
136,16,Male,1,74,0,No Schooling,High,1,4.3,9.1,20.0,Fail
137,17,Male,7,82,1,Higher Secondary,Low,1,7.0,67.7,52.7,Pass
138,15,Male,26,85,0,Secondary,Low,0,8.8,65.0,75.6,Pass
139,15,Female,17,78,1,Secondary,Low,1,5.3,62.2,73.6,Pass
140,18,Male,16,75,0,No Schooling,High,1,8.5,40.8,55.8,Pass
141,14,Female,27,53,1,Higher Secondary,Low,1,8.8,86.4,89.2,Pass
142,18,Male,27,98,0,Primary,High,1,5.3,67.0,78.5,Pass
143,17,Female,24,63,1,No Schooling,High,0,7.8,54.0,74.4,Pass
144,17,Female,3,99,1,Graduate,Low,0,5.2,21.9,33.9,Fail
145,17,Female,14,76,1,Higher Secondary,Low,1,7.7,55.4,53.1,Pass
146,17,Female,10,82,1,Graduate,Low,1,8.0,44.8,51.7,Pass
147,17,Female,22,71,0,Graduate,High,0,5.2,38.9,44.8,Pass
148,16,Female,7,97,1,No Schooling,High,0,7.6,41.9,39.4,Fail
149,15,Male,26,52,1,Higher Secondary,Low,0,8.1,58.5,69.5,Pass
150,17,Female,17,72,0,Graduate,Low,1,5.8,49.6,38.7,Fail
151,14,Male,6,70,1,Higher Secondary,Medium,0,4.8,14.8,22.4,Fail
152,14,Female,23,90,0,Secondary,Low,0,4.5,64.4,56.9,Pass
153,14,Male,22,72,1,Graduate,Medium,1,6.9,49.9,46.3,Pass
154,14,Female,4,53,1,Graduate,Medium,1,8.9,38.8,43.5,Pass
155,16,Female,17,70,1,Higher Secondary,High,1,8.1,48.9,50.6,Pass
156,14,Male,27,86,1,Secondary,High,0,6.2,78.6,78.0,Pass
157,17,Female,9,92,1,Graduate,Medium,0,6.7,44.2,39.9,Fail
158,18,Female,4,80,1,No Schooling,Medium,0,5.4,33.7,25.0,Fail
159,14,Female,7,70,0,Higher Secondary,Low,0,4.8,44.3,38.9,Fail
160,16,Male,23,75,0,Higher Secondary,Medium,1,6.4,53.8,47.5,Pass
161,16,Female,2,90,1,Graduate,Low,0,6.3,22.0,21.6,Fail
162,14,Male,17,84,1,Secondary,High,1,6.6,64.3,75.9,Pass
163,18,Female,24,87,0,Graduate,Low,0,8.8,49.0,49.6,Pass
164,14,Female,8,73,0,Primary,High,0,7.0,25.9,41.7,Pass
165,16,Male,23,60,1,Graduate,Medium,0,7.0,39.7,67.3,Pass
166,15,Female,15,90,1,Primary,Medium,1,4.6,69.0,52.6,Pass
167,17,Female,15,78,1,No Schooling,Medium,0,9.0,38.9,48.8,Pass
168,16,Male,8,96,1,Higher Secondary,Low,1,7.9,42.3,30.9,Fail
169,14,Female,16,52,1,Higher Secondary,High,1,8.4,34.7,32.1,Fail
170,17,Male,19,50,1,Secondary,High,1,6.1,47.6,52.4,Pass
171,14,Male,11,68,0,Graduate,High,1,6.5,40.5,44.2,Pass
172,14,Male,2,95,1,No Schooling,High,0,6.6,42.8,30.7,Fail
173,15,Female,23,98,1,Primary,High,0,5.0,53.7,47.6,Pass
174,17,Male,24,71,0,Secondary,Low,1,7.4,56.3,55.6,Pass
175,17,Male,17,63,0,No Schooling,High,1,8.5,63.6,69.1,Pass
176,15,Female,28,98,0,No Schooling,Medium,0,4.8,81.8,84.4,Pass
177,16,Male,26,63,0,Primary,High,0,4.4,51.1,61.9,Pass
178,14,Female,16,93,1,Primary,Medium,1,7.7,59.4,54.6,Pass
179,18,Female,25,65,0,Higher Secondary,Low,0,5.4,76.7,63.9,Pass
180,14,Female,15,82,0,Graduate,Low,0,7.1,35.2,52.1,Pass
181,14,Female,13,62,1,Secondary,Medium,0,7.5,21.9,45.7,Pass
182,16,Male,15,87,0,Graduate,High,1,5.6,48.2,43.4,Pass
183,14,Male,27,98,0,Secondary,Low,1,8.1,74.1,74.5,Pass
184,15,Male,4,61,1,No Schooling,Low,1,6.7,24.3,14.1,Fail
185,15,Male,16,100,1,Primary,Low,1,8.3,71.8,70.1,Pass
186,17,Male,12,87,1,Primary,High,1,7.8,54.2,68.1,Pass
187,18,Female,4,88,1,No Schooling,Medium,0,8.3,29.4,38.3,Fail
188,14,Male,3,82,1,No Schooling,Medium,0,4.1,26.7,41.0,Pass
189,14,Male,22,82,1,Secondary,High,0,5.2,53.1,52.6,Pass
190,16,Male,17,78,1,No Schooling,Low,1,4.5,65.2,47.7,Pass
191,15,Female,22,54,0,Secondary,High,0,6.2,44.5,63.8,Pass
192,18,Female,18,55,0,Graduate,High,1,8.4,36.6,47.8,Pass
193,17,Male,25,80,1,Primary,Medium,1,6.3,79.1,67.9,Pass
194,15,Female,18,65,0,Primary,High,1,8.2,48.7,68.4,Pass
195,17,Male,23,80,1,Primary,High,1,5.6,52.9,52.0,Pass
196,16,Male,28,74,0,Graduate,Low,1,5.7,86.3,72.1,Pass
197,16,Female,17,97,1,Graduate,Low,1,8.5,68.7,69.8,Pass
198,14,Female,12,95,0,Higher Secondary,Medium,0,6.1,47.0,34.7,Fail
199,18,Male,23,82,1,Secondary,Low,1,7.9,65.0,75.1,Pass
200,17,Male,21,62,0,Secondary,High,0,5.2,47.3,42.2,Pass
201,15,Female,24,59,1,Higher Secondary,High,1,8.7,58.7,66.9,Pass
202,16,Male,4,73,0,Primary,High,0,6.9,25.2,29.1,Fail
203,14,Female,12,59,0,Secondary,Medium,1,7.8,34.8,42.0,Pass
204,14,Male,26,90,1,Secondary,Low,1,4.4,73.0,59.6,Pass
205,17,Female,23,80,0,Primary,High,0,6.5,52.4,56.1,Pass
206,16,Male,22,62,0,No Schooling,Low,1,8.5,58.8,74.1,Pass
207,18,Male,21,52,0,No Schooling,Low,1,8.4,51.9,56.4,Pass
208,16,Female,20,99,0,Higher Secondary,Low,0,4.2,52.7,43.5,Pass
209,17,Male,15,83,0,Graduate,Low,0,5.5,46.5,42.9,Pass
210,17,Male,23,98,1,Secondary,Medium,1,6.2,77.3,62.2,Pass
211,16,Female,28,77,1,Secondary,Medium,0,4.9,45.5,38.1,Fail
212,17,Male,16,68,0,Higher Secondary,Medium,0,7.6,50.2,50.6,Pass
213,16,Male,5,72,1,Higher Secondary,High,1,4.9,24.8,25.6,Fail
214,15,Male,21,94,0,Secondary,High,0,5.7,55.1,62.3,Pass
215,16,Female,15,81,1,Primary,High,1,7.3,26.5,40.4,Pass
216,16,Female,17,62,0,Primary,Medium,0,6.4,49.8,56.1,Pass
217,17,Female,18,82,0,Graduate,Low,1,7.7,49.2,52.8,Pass
218,17,Male,5,83,0,Secondary,Medium,1,8.8,32.4,51.0,Pass
219,14,Male,13,82,0,Secondary,High,1,4.6,50.0,39.2,Fail
220,14,Male,19,54,1,Secondary,High,0,7.5,28.0,38.5,Fail
221,15,Male,13,52,1,Secondary,Low,1,5.2,43.7,56.1,Pass
222,14,Female,18,56,1,Higher Secondary,Medium,0,6.1,53.3,50.6,Pass
223,16,Male,14,73,0,No Schooling,Low,1,4.2,49.6,45.1,Pass
224,17,Male,4,71,1,Secondary,Medium,1,4.7,31.4,30.9,Fail
225,14,Male,4,94,1,No Schooling,High,1,5.6,42.6,44.8,Pass
226,14,Female,20,72,0,Primary,Low,0,5.7,50.8,54.5,Pass
227,15,Male,20,79,0,Graduate,Low,1,8.5,66.3,58.9,Pass
228,15,Male,19,67,0,Primary,Medium,1,7.7,66.2,60.9,Pass
229,16,Male,13,81,1,Secondary,Medium,0,8.9,42.7,51.0,Pass
230,17,Male,12,56,1,Primary,Medium,1,7.0,45.1,42.7,Pass
231,15,Male,7,82,0,Higher Secondary,High,1,5.2,33.4,28.1,Fail
232,14,Female,25,54,1,No Schooling,Medium,0,5.6,60.9,55.8,Pass
233,17,Male,12,98,0,Secondary,High,0,5.6,52.0,57.1,Pass
234,17,Male,21,77,1,Higher Secondary,Medium,0,5.6,55.9,56.1,Pass
235,14,Male,4,57,0,No Schooling,Medium,1,7.4,33.3,31.1,Fail
236,15,Male,27,64,1,Higher Secondary,High,0,6.7,62.7,72.7,Pass
237,14,Male,2,53,1,Primary,Medium,1,5.9,26.4,13.6,Fail
238,17,Male,2,83,1,Secondary,High,1,4.7,27.1,23.8,Fail
239,18,Male,5,54,0,Primary,High,0,4.1,25.4,36.2,Fail
240,18,Male,23,82,0,Graduate,Medium,0,5.1,53.3,56.0,Pass
241,16,Male,10,54,0,Secondary,Medium,1,4.5,44.9,42.1,Pass
242,14,Male,10,87,1,Primary,Low,0,7.9,35.7,40.5,Pass
243,14,Female,9,83,0,Secondary,Medium,0,4.6,41.1,45.9,Pass
244,16,Female,13,75,1,No Schooling,Low,1,7.6,47.4,49.6,Pass
245,16,Female,7,50,0,Secondary,Medium,0,5.9,28.2,49.3,Pass
246,16,Female,5,53,0,Secondary,High,0,4.4,22.8,24.8,Fail
247,17,Male,26,88,1,No Schooling,High,0,8.1,60.2,63.2,Pass
248,14,Female,10,75,1,Primary,Low,1,6.9,56.4,62.2,Pass
249,17,Female,10,82,0,Secondary,Medium,0,5.2,30.7,31.0,Fail
250,16,Male,6,82,0,Higher Secondary,Low,0,8.5,40.0,34.2,Fail
251,14,Female,27,57,1,Secondary,Medium,1,4.2,48.6,46.3,Pass
252,17,Female,28,69,1,Primary,Medium,1,5.0,67.8,72.9,Pass
253,17,Male,19,65,0,No Schooling,High,1,7.8,68.3,61.9,Pass
254,16,Male,21,70,1,Primary,Low,1,7.5,57.7,54.2,Pass
255,14,Male,8,94,0,Graduate,High,0,5.4,41.2,33.1,Fail
256,16,Female,1,75,0,Secondary,High,1,4.3,45.0,30.1,Fail
257,14,Female,28,72,0,Secondary,High,1,8.3,67.2,79.3,Pass
258,18,Male,17,67,1,No Schooling,Low,0,5.6,51.2,54.9,Pass
259,15,Male,7,80,0,Secondary,Medium,1,5.0,45.5,37.7,Fail
260,15,Female,14,91,0,Higher Secondary,Medium,1,6.6,39.5,47.3,Pass
261,15,Male,21,61,1,Higher Secondary,Low,0,8.6,47.9,55.0,Pass
262,16,Female,21,50,1,Primary,Medium,1,4.2,55.8,57.0,Pass
263,18,Male,17,91,1,No Schooling,Low,1,7.8,44.8,44.5,Pass
264,14,Male,9,58,0,Graduate,Low,0,6.9,44.6,37.0,Fail
265,17,Female,17,52,1,Primary,Medium,0,6.1,51.7,53.2,Pass
266,14,Male,5,100,1,No Schooling,High,0,7.7,46.6,42.4,Pass
267,17,Male,26,75,0,No Schooling,Low,0,8.8,74.7,84.3,Pass
268,14,Male,25,58,0,Primary,Low,0,5.1,62.1,67.4,Pass
269,18,Female,20,91,0,Primary,Low,0,4.7,55.0,50.7,Pass
270,17,Male,29,100,0,Secondary,Low,0,8.6,57.2,57.6,Pass
271,16,Male,8,65,1,Graduate,Medium,0,7.3,27.7,38.8,Fail
272,14,Male,6,73,0,Higher Secondary,Medium,0,6.2,24.4,29.5,Fail
273,14,Male,11,99,1,Secondary,Low,0,6.9,55.4,58.1,Pass
274,17,Male,19,63,0,No Schooling,High,0,7.7,48.2,57.0,Pass
275,16,Male,4,52,0,Graduate,Medium,0,7.9,5.9,30.7,Fail
276,16,Female,18,83,1,Graduate,High,1,8.6,68.6,64.1,Pass
277,18,Female,1,82,1,Primary,High,0,6.1,42.4,33.9,Fail
278,16,Male,13,99,1,Graduate,Low,0,5.5,67.0,63.5,Pass
279,16,Female,14,73,0,Graduate,Medium,0,7.2,31.6,45.7,Pass
280,16,Female,24,58,0,No Schooling,Low,0,6.1,56.6,63.1,Pass
281,15,Male,1,62,1,Secondary,Low,0,7.0,13.0,4.3,Fail
282,18,Female,29,51,1,Graduate,High,1,6.1,86.2,68.1,Pass
283,14,Female,11,56,0,Primary,High,1,4.8,38.6,34.6,Fail
284,17,Female,17,97,1,Secondary,High,1,6.3,58.9,56.7,Pass
285,14,Female,4,70,1,Primary,Low,1,7.5,29.5,15.0,Fail
286,18,Female,26,68,0,Graduate,Low,0,8.0,62.7,67.8,Pass
287,17,Female,12,74,1,Secondary,Low,1,6.5,53.4,54.6,Pass
288,18,Female,10,96,0,Graduate,Low,1,4.8,32.3,32.7,Fail
289,16,Female,6,71,0,No Schooling,Low,0,6.1,44.3,41.1,Pass
290,17,Male,25,60,0,Secondary,Low,1,7.9,65.2,73.3,Pass
291,16,Male,1,82,1,Primary,Low,1,6.1,48.0,24.1,Fail
292,14,Female,7,81,1,No Schooling,Low,0,7.5,54.9,52.8,Pass
293,14,Female,26,70,1,Higher Secondary,Medium,0,6.5,62.0,59.9,Pass
294,17,Male,27,88,1,Primary,Medium,1,5.2,83.5,76.0,Pass
295,17,Female,21,69,0,Graduate,Medium,0,8.0,46.4,49.0,Pass
296,18,Female,28,57,0,Primary,Medium,1,4.4,59.4,71.9,Pass
297,18,Male,16,91,1,Higher Secondary,Low,0,6.6,70.0,53.3,Pass
298,16,Male,24,86,1,Primary,Low,1,5.0,62.4,73.7,Pass
299,17,Male,14,58,1,No Schooling,High,1,4.3,48.4,64.5,Pass
300,14,Female,23,74,1,Primary,High,1,6.5,55.6,47.2,Pass
301,18,Female,20,74,0,Secondary,Medium,0,6.5,45.6,46.5,Pass
302,18,Male,20,82,1,Higher Secondary,High,0,7.5,52.5,61.4,Pass
303,14,Male,6,51,0,Primary,Medium,1,7.7,43.8,32.4,Fail
304,18,Female,22,68,1,Higher Secondary,Low,0,7.6,61.5,61.4,Pass
305,16,Male,25,95,1,No Schooling,Low,0,6.0,77.4,75.0,Pass
306,17,Female,28,69,1,Secondary,High,1,7.2,52.6,56.9,Pass
307,14,Female,5,91,0,Graduate,Low,0,6.9,35.1,34.0,Fail
308,17,Male,24,90,1,Primary,Low,0,6.1,62.2,71.4,Pass
309,18,Male,21,91,0,No Schooling,Medium,1,7.0,68.7,65.8,Pass
310,18,Female,18,78,0,Higher Secondary,High,1,8.7,79.5,64.2,Pass
311,14,Male,15,55,1,Higher Secondary,Low,0,5.0,18.1,38.2,Fail
312,16,Male,6,66,0,No Schooling,High,0,8.5,32.8,45.8,Pass
313,15,Male,25,74,0,Primary,Low,0,4.3,81.7,77.1,Pass
314,14,Male,29,87,0,Graduate,Medium,1,5.5,69.5,63.6,Pass
315,15,Female,19,53,1,Primary,Low,0,5.4,48.9,44.0,Pass
316,15,Female,1,79,0,Secondary,High,0,7.1,32.0,9.6,Fail
317,16,Female,1,69,0,Primary,High,0,4.7,0.6,2.1,Fail
318,15,Female,13,52,1,Secondary,Medium,0,8.4,40.8,53.5,Pass
319,15,Male,3,72,1,Higher Secondary,Low,0,8.1,21.2,19.4,Fail
320,16,Male,10,100,0,Secondary,Medium,0,7.3,65.5,48.4,Pass
321,15,Female,21,67,0,Graduate,High,1,6.3,54.5,65.2,Pass
322,15,Female,3,75,0,No Schooling,Medium,1,8.7,24.9,37.0,Fail
323,15,Male,9,85,0,Secondary,Low,1,8.2,52.5,44.3,Pass
324,14,Female,8,57,1,Primary,Low,0,6.5,37.0,40.5,Pass
325,14,Female,3,66,1,Secondary,Medium,0,7.5,36.3,26.2,Fail
326,14,Male,25,80,0,Higher Secondary,High,1,6.8,85.6,76.8,Pass
327,16,Female,13,86,1,Secondary,High,1,6.9,47.4,32.6,Fail
328,18,Male,6,94,0,Graduate,Medium,1,5.7,59.4,50.2,Pass
329,15,Male,13,82,1,Secondary,Low,1,6.3,70.9,59.7,Pass
330,15,Female,23,76,1,Graduate,Low,1,4.4,57.6,52.9,Pass
331,16,Male,20,94,0,Primary,Low,0,5.8,51.5,53.1,Pass
332,15,Female,20,53,0,Higher Secondary,Low,0,7.5,46.4,51.1,Pass
333,14,Male,12,71,0,No Schooling,High,0,8.8,37.3,35.9,Fail
334,18,Female,13,75,0,Primary,Low,0,8.8,59.1,59.6,Pass
335,17,Female,2,81,1,Primary,Medium,0,6.8,21.7,20.4,Fail
336,15,Female,21,73,1,No Schooling,Medium,1,7.0,63.8,62.4,Pass
337,14,Male,24,95,0,Secondary,Medium,1,4.9,61.8,50.5,Pass
338,17,Male,23,84,1,Secondary,Medium,0,7.5,63.8,64.7,Pass
339,18,Female,16,86,1,Secondary,Low,1,4.4,79.2,64.2,Pass
340,17,Male,23,81,0,Higher Secondary,High,0,5.4,77.0,64.5,Pass
341,14,Female,6,56,0,Primary,Low,0,7.3,29.6,35.6,Fail
342,17,Female,19,82,1,Graduate,High,1,5.6,67.4,45.5,Pass
343,16,Male,21,80,0,No Schooling,Low,0,4.2,60.2,54.1,Pass
344,17,Female,13,61,0,Primary,High,0,8.2,34.8,43.6,Pass
345,15,Male,17,60,1,Secondary,Medium,0,5.6,65.7,76.5,Pass
346,15,Female,23,73,1,No Schooling,Medium,1,4.3,77.6,59.2,Pass
347,16,Male,9,57,0,Graduate,High,1,4.4,37.9,35.9,Fail
348,14,Female,17,81,1,Primary,High,0,5.3,50.6,54.7,Pass
349,15,Female,29,87,0,Primary,High,0,4.9,68.1,70.4,Pass
350,18,Male,2,71,0,Higher Secondary,Medium,1,7.9,32.7,20.8,Fail
351,15,Female,19,83,1,Primary,Medium,1,5.6,61.0,54.7,Pass
352,15,Female,19,68,1,Primary,Low,1,8.0,68.3,46.2,Pass
353,14,Male,24,69,0,Graduate,High,1,4.9,66.5,65.0,Pass
354,17,Female,7,63,0,Graduate,High,0,6.5,19.9,14.0,Fail
355,15,Male,22,82,0,No Schooling,High,0,7.4,46.1,57.8,Pass
356,16,Female,10,59,1,Secondary,Medium,0,7.3,45.6,38.9,Fail
357,17,Male,10,65,0,Graduate,High,1,7.0,27.9,27.2,Fail
358,18,Female,27,53,1,No Schooling,High,1,8.6,60.9,69.8,Pass
359,14,Female,20,76,0,Primary,Medium,0,5.1,48.4,53.2,Pass
360,18,Female,9,77,1,No Schooling,High,1,6.5,32.2,41.3,Pass
361,17,Male,17,92,0,No Schooling,Low,0,8.4,56.2,55.3,Pass
362,17,Male,27,65,1,No Schooling,Medium,1,4.4,66.8,66.1,Pass
363,17,Male,15,82,0,No Schooling,Medium,0,4.3,40.7,30.5,Fail
364,18,Male,2,97,0,Graduate,Medium,0,5.2,53.0,51.2,Pass
365,17,Female,4,68,0,Secondary,Low,0,7.2,2.1,5.6,Fail
366,18,Female,19,70,0,No Schooling,Medium,0,5.3,40.9,51.9,Pass
367,17,Male,17,71,1,Higher Secondary,Medium,1,5.0,49.0,54.9,Pass
368,16,Male,5,58,1,Primary,Medium,0,6.3,14.3,23.3,Fail
369,17,Male,7,58,1,Primary,Medium,0,7.1,53.5,44.3,Pass
370,18,Female,18,58,1,Primary,Low,0,5.2,69.9,59.7,Pass
371,15,Male,21,76,1,Primary,High,0,5.5,50.5,53.2,Pass
372,17,Male,22,66,0,Primary,High,1,7.1,70.5,53.2,Pass
373,15,Female,27,93,1,No Schooling,Medium,0,8.7,77.4,78.3,Pass
374,16,Female,7,94,1,Secondary,Low,0,7.4,58.3,61.3,Pass
375,14,Male,17,57,1,Higher Secondary,Medium,1,7.9,49.5,51.0,Pass
376,16,Female,7,65,1,Graduate,High,0,5.8,37.3,34.7,Fail
377,17,Male,4,67,0,Higher Secondary,High,0,5.4,40.1,25.5,Fail
378,15,Female,8,82,0,Graduate,Low,0,6.3,49.1,44.9,Pass
379,15,Male,13,50,0,Graduate,High,0,8.0,36.0,35.4,Fail
380,18,Male,4,61,0,Higher Secondary,Medium,1,6.3,19.9,29.5,Fail
381,15,Male,6,55,1,No Schooling,Low,1,8.2,25.9,39.3,Fail
382,18,Male,25,90,1,Primary,High,1,8.9,54.0,74.0,Pass
383,14,Female,5,54,0,No Schooling,Medium,1,4.4,36.6,19.7,Fail
384,17,Female,12,65,0,Primary,Low,1,4.2,44.6,47.2,Pass
385,18,Female,4,67,1,Secondary,Medium,1,4.7,37.0,36.2,Fail
386,14,Female,24,98,1,Graduate,High,0,5.9,68.1,63.8,Pass
387,15,Male,29,67,0,Higher Secondary,Medium,0,4.7,52.2,69.7,Pass
388,15,Male,9,50,0,Secondary,Low,0,8.4,31.6,39.6,Fail
389,14,Female,4,68,0,Primary,Medium,0,4.1,32.5,38.6,Fail
390,15,Female,19,57,0,No Schooling,High,1,5.6,41.9,36.9,Fail
391,14,Female,24,52,1,Higher Secondary,Low,0,4.9,54.3,51.9,Pass
392,18,Female,14,74,1,Graduate,Low,0,8.7,39.7,46.2,Pass
393,18,Female,5,54,1,Secondary,High,1,7.3,29.5,39.8,Fail
394,14,Male,18,89,0,Graduate,Medium,0,8.6,42.3,53.7,Pass
395,18,Male,10,68,1,Primary,Medium,0,8.9,35.7,32.5,Fail
396,18,Male,25,67,1,Graduate,High,1,6.5,81.9,91.2,Pass
397,18,Female,19,99,0,No Schooling,Low,0,5.2,53.2,51.0,Pass
398,16,Female,12,80,0,Secondary,High,0,5.0,35.2,29.4,Fail
399,17,Female,18,82,0,Secondary,Low,1,5.1,50.4,44.6,Pass
400,15,Female,17,96,0,No Schooling,Low,0,7.5,52.4,43.4,Pass
401,16,Male,24,67,0,Graduate,Medium,0,4.2,74.0,50.7,Pass
402,18,Male,11,88,0,No Schooling,High,0,4.3,57.0,47.2,Pass
403,14,Female,3,65,1,Higher Secondary,Low,0,7.0,25.6,13.7,Fail
404,18,Male,23,65,1,No Schooling,Medium,0,7.2,50.6,59.9,Pass
405,17,Male,17,96,1,Graduate,High,1,7.3,44.7,57.1,Pass
406,18,Female,1,87,1,No Schooling,High,0,5.9,21.5,23.8,Fail
407,14,Female,15,90,1,Primary,Low,0,8.0,32.8,41.6,Pass
408,17,Female,28,56,1,No Schooling,Low,0,6.7,69.2,59.6,Pass
409,18,Female,9,63,0,No Schooling,Low,1,4.5,50.8,49.8,Pass
410,17,Female,15,92,0,Graduate,High,1,8.0,51.3,68.0,Pass
411,15,Female,28,97,0,Higher Secondary,Low,1,8.8,79.9,92.2,Pass
412,15,Male,24,74,1,Higher Secondary,High,0,4.3,50.3,43.9,Pass
413,18,Male,28,81,1,Graduate,Medium,0,6.0,49.9,58.9,Pass
414,17,Female,29,87,0,Graduate,High,0,6.4,70.2,70.7,Pass
415,14,Male,3,71,0,Graduate,Low,0,4.7,29.6,22.6,Fail
416,18,Female,22,65,0,Primary,High,0,8.3,69.5,69.5,Pass
417,15,Female,27,78,0,Secondary,Low,1,5.4,89.5,99.1,Pass
418,15,Female,19,65,0,No Schooling,Medium,0,7.9,45.2,52.7,Pass
419,18,Female,13,61,1,Graduate,Low,0,7.4,49.9,45.7,Pass
420,17,Male,12,66,1,Graduate,Low,1,7.0,49.0,49.8,Pass
421,15,Female,20,86,1,Graduate,Low,1,5.0,63.8,49.8,Pass
422,17,Male,1,76,0,Higher Secondary,Low,1,5.1,28.9,18.5,Fail
423,15,Female,21,74,1,Graduate,Low,1,4.2,60.3,65.9,Pass
424,15,Female,17,62,0,No Schooling,Low,1,5.2,48.1,50.2,Pass
425,16,Female,13,57,1,Graduate,Medium,0,5.7,56.2,67.8,Pass
426,15,Male,1,54,0,No Schooling,Medium,0,8.2,19.8,24.7,Fail
427,14,Female,10,61,0,Primary,High,0,5.8,50.7,35.4,Fail
428,18,Female,15,90,1,Secondary,Low,0,7.8,43.5,34.8,Fail
429,18,Female,27,52,1,Higher Secondary,High,0,6.2,30.8,55.5,Pass
430,17,Male,27,84,1,No Schooling,Medium,1,7.9,69.1,64.2,Pass
431,15,Male,7,82,1,Primary,Medium,0,8.9,29.7,25.1,Fail
432,14,Male,28,71,1,Secondary,Low,0,5.2,51.4,55.4,Pass
433,17,Female,22,99,0,Secondary,Low,1,8.3,80.7,84.0,Pass
434,16,Male,18,93,1,Secondary,High,1,7.1,49.5,49.7,Pass
435,17,Female,16,58,1,No Schooling,Medium,0,8.1,50.2,45.9,Pass
436,17,Male,14,90,0,Primary,High,0,7.3,68.1,70.5,Pass
437,15,Male,27,67,1,Graduate,High,1,6.1,57.1,71.5,Pass
438,16,Female,28,99,0,Primary,High,0,5.1,69.4,83.5,Pass
439,17,Male,18,78,1,Primary,Low,1,4.4,71.9,73.6,Pass
440,14,Female,27,88,1,Primary,Medium,0,6.7,65.7,77.5,Pass
441,14,Female,7,76,0,No Schooling,High,1,9.0,41.6,35.4,Fail
442,18,Male,17,85,1,No Schooling,Medium,1,7.7,65.4,67.4,Pass
443,16,Female,29,94,1,No Schooling,Medium,1,5.6,81.4,88.5,Pass
444,16,Female,18,66,1,Primary,High,0,8.1,45.3,66.1,Pass
445,18,Male,12,83,1,No Schooling,High,1,7.8,43.1,46.2,Pass
446,17,Male,8,95,0,Secondary,Low,1,5.4,34.6,29.7,Fail
447,16,Female,22,52,0,No Schooling,Medium,0,4.1,54.6,48.2,Pass
448,14,Male,2,54,1,Higher Secondary,High,0,4.6,15.6,24.3,Fail
449,14,Female,7,63,1,No Schooling,High,0,8.4,44.4,37.0,Fail
450,15,Female,4,52,0,No Schooling,Medium,1,8.2,42.5,39.4,Fail
451,16,Male,18,72,0,No Schooling,High,1,5.5,42.0,39.2,Fail
452,17,Male,28,88,1,No Schooling,Medium,1,5.4,83.8,77.9,Pass
453,18,Male,6,79,0,Higher Secondary,High,0,8.0,53.3,49.9,Pass
454,18,Male,27,99,0,Graduate,Medium,0,8.7,61.6,71.2,Pass
455,17,Female,9,94,0,No Schooling,High,1,7.9,58.7,57.8,Pass
456,15,Female,27,72,0,Secondary,High,0,7.0,67.7,59.6,Pass
457,18,Male,9,76,1,Higher Secondary,Low,0,5.2,48.9,41.8,Pass
458,16,Male,14,59,0,Graduate,Medium,1,6.6,36.1,37.0,Fail
459,15,Female,8,74,1,No Schooling,Low,1,5.2,61.3,41.6,Pass
460,16,Female,19,62,1,Graduate,High,0,8.0,43.4,44.8,Pass
461,14,Female,3,65,0,Secondary,Medium,1,5.9,35.4,23.6,Fail
462,15,Female,18,90,1,Higher Secondary,Medium,0,8.2,56.4,60.9,Pass
463,18,Male,5,83,1,Higher Secondary,High,0,5.9,40.8,38.8,Fail
464,15,Female,14,86,0,Graduate,High,1,8.1,42.0,53.1,Pass
465,15,Female,28,71,0,No Schooling,High,1,5.7,56.0,65.5,Pass
466,15,Male,4,66,0,Primary,High,0,6.2,28.7,29.1,Fail
467,15,Female,7,72,1,Higher Secondary,Medium,0,7.1,31.4,33.6,Fail
468,16,Female,20,85,1,Primary,Low,1,4.4,59.5,62.4,Pass
469,14,Male,25,98,1,Higher Secondary,Medium,0,8.7,75.3,58.8,Pass
470,17,Male,28,58,1,No Schooling,Medium,0,6.9,47.5,58.7,Pass
471,15,Male,12,51,0,No Schooling,Medium,0,6.5,45.4,47.2,Pass
472,18,Female,2,81,1,Higher Secondary,Medium,0,8.2,31.5,44.7,Pass
473,15,Female,11,99,0,Graduate,High,0,8.3,53.8,42.1,Pass
474,18,Male,14,71,0,No Schooling,Low,1,6.6,52.6,41.5,Pass
475,16,Male,22,92,0,No Schooling,Medium,0,8.6,66.4,49.6,Pass
476,18,Female,23,62,0,Secondary,Medium,0,4.3,41.1,37.1,Fail
477,17,Male,16,57,1,No Schooling,Low,1,4.6,60.7,53.5,Pass
478,14,Male,20,50,0,Secondary,High,1,7.0,52.7,50.2,Pass
479,18,Male,29,66,1,No Schooling,Medium,1,5.8,66.6,64.2,Pass
480,18,Female,6,61,0,No Schooling,High,0,6.3,26.0,28.1,Fail
481,14,Female,23,53,0,Graduate,Medium,0,5.6,54.0,62.2,Pass
482,17,Female,4,62,0,Graduate,Medium,1,6.0,31.4,29.3,Fail
483,15,Female,15,80,1,No Schooling,Low,1,8.1,60.5,58.2,Pass
484,18,Female,24,90,0,Higher Secondary,Low,1,7.0,84.5,81.5,Pass
485,14,Female,25,56,0,Higher Secondary,High,1,9.0,48.9,45.5,Pass
486,16,Male,1,72,0,No Schooling,Medium,1,7.9,35.6,32.7,Fail
487,14,Female,7,73,0,Higher Secondary,High,0,5.4,31.3,30.3,Fail
488,16,Female,25,54,1,No Schooling,Low,1,5.3,73.1,70.2,Pass
489,17,Male,12,54,1,Graduate,Low,0,5.7,53.5,43.9,Pass
490,15,Female,10,66,0,Primary,Low,0,8.2,36.8,38.3,Fail
491,14,Female,5,79,0,Secondary,Low,1,4.1,42.4,37.6,Fail
492,18,Male,12,58,1,Higher Secondary,Low,1,5.2,55.6,62.1,Pass
493,17,Male,18,55,1,Higher Secondary,High,1,8.5,61.5,48.0,Pass
494,14,Male,10,74,1,Graduate,High,1,7.2,57.8,55.9,Pass
495,18,Female,6,68,0,Higher Secondary,Low,1,5.1,31.4,39.5,Fail
496,14,Male,28,65,1,No Schooling,Medium,0,5.1,59.3,53.9,Pass
497,16,Female,12,70,0,No Schooling,Medium,1,8.3,32.6,37.7,Fail
498,14,Female,7,51,1,Primary,Medium,1,8.5,31.8,37.1,Fail
499,14,Female,18,59,1,Primary,Medium,0,5.3,46.9,65.0,Pass
500,14,Female,2,65,0,Primary,Medium,1,6.1,26.1,42.0,Pass
501,17,Male,10,86,1,No Schooling,Low,1,8.2,53.7,39.9,Fail
502,14,Male,15,64,0,Primary,High,1,7.9,51.9,50.2,Pass
503,18,Female,12,62,1,Primary,Low,0,8.1,38.9,44.3,Pass
504,16,Male,26,62,0,No Schooling,Medium,1,6.6,66.1,72.8,Pass
505,16,Female,17,81,1,Graduate,Medium,1,8.6,66.1,65.2,Pass
506,14,Female,4,94,1,Higher Secondary,High,1,5.6,34.2,22.9,Fail
507,17,Female,7,96,0,Secondary,Low,1,4.8,53.6,35.6,Fail
508,17,Male,9,95,0,No Schooling,High,0,7.5,35.9,25.4,Fail
509,18,Female,19,57,0,No Schooling,Medium,1,6.7,65.0,46.1,Pass
510,14,Female,28,92,0,Secondary,Medium,0,8.3,71.3,62.6,Pass
511,16,Male,27,67,1,Secondary,High,1,4.4,69.2,77.7,Pass
512,17,Male,23,85,1,Primary,Medium,1,8.2,50.1,64.0,Pass
513,14,Male,7,75,1,Secondary,Low,1,5.5,47.6,45.2,Pass
514,17,Male,23,59,1,Higher Secondary,Medium,0,7.3,56.2,59.1,Pass
515,17,Female,2,80,1,Higher Secondary,Medium,1,4.2,36.7,28.3,Fail
516,16,Male,6,82,1,Higher Secondary,Low,1,7.0,40.7,35.5,Fail
517,15,Female,18,78,0,Higher Secondary,Medium,0,7.6,56.7,44.8,Pass
518,18,Male,6,54,1,Higher Secondary,High,1,5.8,41.5,41.8,Pass
519,18,Male,13,62,1,Primary,High,1,5.1,50.9,53.9,Pass
520,16,Male,26,50,0,No Schooling,Medium,1,6.7,72.2,63.0,Pass
521,17,Male,19,72,1,Secondary,Low,1,8.2,50.9,46.4,Pass
522,14,Male,2,89,1,No Schooling,Low,0,5.6,26.8,27.2,Fail
523,17,Male,12,52,1,Secondary,High,0,5.3,40.7,43.1,Pass
524,16,Female,15,52,0,Primary,Medium,0,5.4,44.7,51.2,Pass
525,18,Male,14,56,0,Primary,Low,1,8.7,48.0,61.7,Pass
526,17,Male,6,85,1,Graduate,Low,1,5.8,29.6,21.1,Fail
527,18,Male,18,84,0,Graduate,High,1,4.0,45.2,45.7,Pass
528,14,Male,5,64,1,Primary,High,1,7.9,32.9,25.2,Fail
529,18,Female,18,89,1,Primary,Low,0,7.5,38.8,39.3,Fail
530,18,Male,3,52,1,Secondary,High,1,4.6,30.7,22.9,Fail
531,15,Male,3,78,0,Primary,Low,0,8.9,27.2,40.9,Pass
532,15,Male,22,79,1,No Schooling,Medium,1,7.0,55.6,68.2,Pass
533,15,Male,22,88,1,Secondary,High,1,6.5,61.9,61.9,Pass
534,18,Female,10,67,1,Primary,High,0,5.9,39.2,21.4,Fail
535,16,Male,19,60,1,Secondary,Medium,1,8.5,39.6,52.3,Pass
536,18,Female,3,92,1,Secondary,Low,0,5.2,29.1,29.1,Fail
537,16,Male,29,98,0,Higher Secondary,Low,0,5.4,70.3,64.4,Pass
538,16,Female,12,87,1,Graduate,High,1,4.6,49.1,51.2,Pass
539,15,Female,29,89,0,Secondary,Low,0,7.8,67.5,65.4,Pass
540,17,Male,16,50,1,Secondary,Low,0,7.0,55.6,61.2,Pass
541,14,Male,17,78,0,Higher Secondary,Medium,1,7.0,63.4,62.0,Pass
542,15,Female,7,59,1,Primary,Medium,0,5.1,24.8,14.9,Fail
543,15,Female,13,77,1,Secondary,Medium,0,7.3,35.2,37.4,Fail
544,17,Male,24,80,0,Higher Secondary,High,1,7.8,60.9,66.3,Pass
545,14,Female,2,68,0,No Schooling,Medium,0,5.8,35.7,32.4,Fail
546,18,Female,4,52,1,Higher Secondary,Medium,1,8.0,8.3,26.0,Fail
547,18,Female,10,85,0,Graduate,Low,0,5.7,41.3,48.9,Pass
548,15,Male,7,92,0,Graduate,Medium,1,7.8,40.0,37.1,Fail
549,14,Female,24,64,1,Primary,High,1,4.2,75.2,73.8,Pass
550,15,Female,17,82,1,Primary,Medium,1,6.8,67.9,75.4,Pass
551,16,Female,20,90,1,Graduate,High,1,8.8,50.3,48.6,Pass
552,15,Male,6,92,1,Graduate,Low,1,8.9,56.6,44.6,Pass
553,15,Male,19,100,1,Secondary,Low,0,5.4,38.2,31.4,Fail
554,18,Female,5,94,0,Graduate,Medium,1,6.2,46.8,34.5,Fail
555,18,Male,10,75,1,Primary,Low,1,4.3,52.5,46.3,Pass
556,18,Female,9,65,0,Graduate,Medium,0,8.4,49.9,30.3,Fail
557,16,Male,27,85,1,Primary,Low,1,6.8,76.3,79.0,Pass
558,18,Male,13,82,1,No Schooling,High,0,5.9,40.5,38.0,Fail
559,14,Female,19,69,0,Graduate,Low,0,4.6,39.1,43.7,Pass
560,17,Male,21,62,1,Primary,Medium,1,8.7,72.7,61.5,Pass
561,14,Male,24,82,0,Higher Secondary,Medium,0,6.7,77.6,73.0,Pass
562,14,Male,6,54,0,Secondary,Medium,0,5.4,20.7,37.1,Fail
563,18,Female,4,86,0,Primary,High,0,5.8,32.0,26.2,Fail
564,17,Male,24,63,1,Graduate,Low,1,5.4,76.5,53.9,Pass
565,17,Male,27,76,1,Graduate,Medium,0,7.0,74.0,84.1,Pass
566,17,Female,3,72,1,No Schooling,High,1,8.6,32.2,36.4,Fail
567,16,Male,3,63,1,Higher Secondary,High,1,8.3,23.8,27.4,Fail
568,18,Male,4,89,1,Primary,High,0,6.3,27.3,31.7,Fail
569,17,Male,25,53,1,Higher Secondary,Low,1,8.1,70.9,72.9,Pass
570,16,Male,5,88,0,No Schooling,Low,0,6.1,30.2,42.6,Pass
571,15,Male,8,68,1,Secondary,Low,0,5.3,31.3,37.6,Fail
572,15,Female,16,96,1,Higher Secondary,High,1,8.9,66.9,60.0,Pass
573,16,Female,22,53,1,No Schooling,Low,1,5.5,57.7,70.8,Pass
574,16,Male,3,79,1,Primary,Medium,1,5.6,40.1,47.7,Pass
575,18,Male,24,68,0,Secondary,High,0,8.9,53.2,69.1,Pass
576,18,Male,12,80,0,Graduate,Low,0,4.7,38.3,41.5,Pass
577,15,Female,25,80,0,No Schooling,High,0,7.8,54.2,55.0,Pass
578,17,Female,8,58,0,Graduate,High,1,8.7,41.5,47.2,Pass
579,15,Male,13,62,0,Secondary,Low,0,6.6,39.0,44.8,Pass
580,17,Male,4,63,1,No Schooling,High,0,4.0,30.8,26.3,Fail
581,17,Female,14,95,0,No Schooling,Low,0,5.9,39.3,47.5,Pass
582,18,Male,14,59,0,Secondary,Low,0,4.6,45.7,44.8,Pass
583,14,Female,13,97,1,Primary,Low,1,6.1,59.7,57.9,Pass
584,14,Female,27,80,1,No Schooling,High,0,8.0,74.8,84.4,Pass
585,16,Male,6,86,0,Secondary,High,1,6.2,43.3,27.6,Fail
586,18,Female,17,72,1,Higher Secondary,Low,0,6.2,53.0,44.6,Pass
587,17,Male,4,76,1,Graduate,High,0,6.8,13.6,12.2,Fail
588,14,Male,8,55,0,No Schooling,Low,0,6.9,39.9,54.1,Pass
589,17,Male,17,75,1,Higher Secondary,Medium,1,8.3,42.8,54.3,Pass
590,14,Male,3,51,0,No Schooling,High,1,5.5,35.2,35.9,Fail
591,14,Male,17,94,0,Primary,High,1,8.1,58.0,67.2,Pass
592,14,Male,9,62,1,Secondary,Medium,0,6.8,19.0,18.4,Fail
593,18,Female,2,100,0,No Schooling,Medium,0,5.5,32.1,11.2,Fail
594,15,Female,25,99,0,Secondary,Medium,1,5.5,57.2,60.4,Pass
595,17,Female,13,68,1,No Schooling,Low,0,5.8,54.0,56.9,Pass
596,18,Female,20,50,1,Primary,Low,0,7.1,42.8,48.6,Pass
597,18,Male,2,89,1,Primary,Medium,1,5.2,27.3,13.3,Fail
598,18,Female,20,81,1,Higher Secondary,Low,0,8.6,63.9,57.4,Pass
599,18,Female,28,71,0,Primary,High,0,6.9,62.9,59.0,Pass
600,18,Female,11,97,1,Secondary,Medium,0,8.6,53.8,46.5,Pass
601,16,Male,27,78,1,Primary,High,1,4.2,70.8,59.8,Pass
602,17,Female,26,51,0,No Schooling,Low,0,5.7,65.9,68.4,Pass
603,18,Male,22,89,0,Primary,Medium,1,4.1,60.7,54.6,Pass
604,17,Female,15,87,0,Secondary,Low,0,5.4,32.8,43.2,Pass
605,16,Male,11,97,0,No Schooling,High,1,8.3,39.7,34.8,Fail
606,16,Male,23,60,1,Higher Secondary,Low,1,4.2,64.9,64.4,Pass
607,17,Female,3,66,1,Higher Secondary,High,1,6.2,25.7,25.0,Fail
608,14,Male,3,100,0,Higher Secondary,Low,1,4.6,52.3,42.5,Pass
609,15,Male,28,92,0,No Schooling,High,0,6.1,57.9,68.8,Pass
610,14,Female,26,57,0,Higher Secondary,Low,1,8.2,71.3,78.6,Pass
611,14,Female,12,71,0,Primary,Medium,0,7.1,35.0,45.8,Pass
612,14,Female,24,53,1,No Schooling,Medium,0,7.7,68.0,73.6,Pass
613,18,Male,5,60,0,No Schooling,Low,1,5.7,35.6,34.6,Fail
614,16,Male,20,57,1,No Schooling,High,0,8.7,52.0,52.3,Pass
615,14,Male,7,58,0,Graduate,Low,0,7.5,34.5,42.1,Pass
616,16,Female,7,75,1,Secondary,Medium,0,6.1,48.3,36.3,Fail
617,17,Male,13,51,1,Graduate,High,0,6.1,37.3,37.8,Fail
618,15,Male,9,65,1,Graduate,Low,1,8.6,22.2,23.9,Fail
619,17,Male,25,80,1,Graduate,Low,0,6.9,76.5,67.1,Pass
620,17,Male,21,55,0,Secondary,High,0,7.5,45.3,50.4,Pass
621,18,Male,13,70,1,Graduate,Low,0,6.1,69.1,57.3,Pass
622,15,Male,12,75,0,Higher Secondary,Medium,0,5.1,34.5,29.9,Fail
623,17,Male,13,68,1,No Schooling,Medium,0,7.6,39.1,43.2,Pass
624,17,Female,24,77,1,No Schooling,High,1,7.0,74.5,73.6,Pass
625,15,Female,10,57,0,Primary,Low,0,6.5,39.7,35.3,Fail
626,15,Female,1,63,0,Higher Secondary,Low,1,7.1,29.6,45.4,Pass
627,17,Male,25,73,1,Secondary,Medium,0,5.0,56.8,62.7,Pass
628,15,Male,8,97,1,No Schooling,High,1,8.0,37.5,39.4,Fail
629,17,Female,22,93,0,Graduate,High,0,8.7,54.1,55.1,Pass
630,17,Male,16,86,1,Primary,High,0,8.5,37.6,46.7,Pass
631,18,Female,13,75,0,Primary,Medium,1,5.6,67.6,59.6,Pass
632,14,Male,3,80,0,No Schooling,Medium,1,6.0,23.3,23.6,Fail
633,17,Male,3,100,0,Higher Secondary,High,1,8.0,36.6,45.3,Pass
634,16,Female,24,81,1,Primary,High,0,7.0,70.2,56.1,Pass
635,14,Female,5,99,1,No Schooling,Low,1,6.7,45.3,36.2,Fail
636,14,Female,26,90,0,Higher Secondary,Low,1,8.6,65.1,75.9,Pass
637,14,Female,11,51,0,No Schooling,High,1,6.7,35.3,30.8,Fail
638,18,Female,7,74,0,No Schooling,Medium,0,6.6,26.6,17.1,Fail
639,17,Male,21,93,0,Higher Secondary,Medium,0,4.2,56.9,51.8,Pass
640,18,Male,24,51,1,Higher Secondary,Low,0,4.3,58.2,67.6,Pass
641,17,Male,10,91,0,Higher Secondary,High,1,4.0,36.9,28.0,Fail
642,18,Female,10,50,1,No Schooling,Medium,0,8.6,43.8,41.7,Pass
643,18,Female,20,85,0,Primary,Medium,0,6.0,56.2,60.3,Pass
644,16,Female,2,61,1,Secondary,Medium,0,6.3,18.5,15.6,Fail
645,18,Female,3,58,1,Secondary,Medium,0,8.2,21.7,21.7,Fail
646,15,Female,8,85,1,No Schooling,Low,1,7.0,57.2,43.9,Pass
647,16,Female,11,90,1,No Schooling,Medium,0,7.0,54.7,45.5,Pass
648,18,Male,13,77,1,Primary,Medium,1,5.5,53.0,39.5,Fail
649,14,Male,7,87,0,Higher Secondary,High,1,8.2,35.6,34.7,Fail
650,15,Male,13,82,0,No Schooling,High,1,4.8,54.8,57.6,Pass
651,15,Male,2,91,1,Graduate,Low,1,4.3,38.4,42.5,Pass
652,15,Male,6,95,0,Higher Secondary,Low,1,5.0,60.0,56.8,Pass
653,16,Female,9,71,0,No Schooling,Low,1,5.3,39.4,38.3,Fail
654,18,Female,20,74,0,Graduate,Low,0,5.4,69.0,77.2,Pass
655,18,Female,25,67,0,Primary,Medium,1,7.4,64.5,86.0,Pass
656,14,Female,2,55,0,Graduate,High,0,5.1,9.1,14.6,Fail
657,14,Female,18,67,0,No Schooling,Medium,1,7.4,85.1,66.4,Pass
658,15,Female,16,65,0,Secondary,Medium,0,4.5,29.0,46.1,Pass
659,14,Male,25,64,1,No Schooling,Medium,1,4.7,44.9,43.0,Pass
660,16,Female,12,97,0,Secondary,High,0,6.5,26.4,26.1,Fail
661,18,Female,7,57,0,Primary,Low,0,8.6,55.0,32.3,Fail
662,15,Female,7,62,0,Primary,Low,1,8.3,55.3,54.6,Pass
663,14,Female,17,92,1,Higher Secondary,High,1,8.8,62.5,43.1,Pass
664,16,Male,13,56,1,Higher Secondary,High,1,7.3,48.6,56.3,Pass
665,16,Male,11,66,0,Secondary,Low,1,7.4,43.8,58.4,Pass
666,14,Female,6,99,1,Secondary,Medium,0,7.1,24.0,41.5,Pass
667,18,Male,29,81,1,Primary,Low,0,7.1,85.4,72.8,Pass
668,14,Male,23,71,0,Graduate,High,1,4.7,74.1,53.6,Pass
669,15,Female,27,100,1,Secondary,Low,1,6.7,66.2,64.2,Pass
670,14,Female,14,62,0,Secondary,Low,0,5.9,42.9,51.1,Pass
671,16,Female,6,96,1,Graduate,Low,1,6.2,45.1,48.9,Pass
672,14,Female,6,72,0,Higher Secondary,High,0,6.6,28.5,35.1,Fail
673,18,Female,2,78,1,Higher Secondary,High,1,4.6,27.6,27.9,Fail
674,17,Male,22,71,0,Secondary,Low,1,5.8,58.2,78.4,Pass
675,14,Female,20,50,0,Higher Secondary,Low,0,4.3,39.7,41.2,Pass
676,18,Female,25,78,1,Higher Secondary,Medium,0,8.9,74.5,69.2,Pass
677,18,Female,15,97,0,Higher Secondary,Medium,1,4.6,56.3,41.8,Pass
678,16,Male,28,54,0,Primary,Low,0,5.3,51.3,63.0,Pass
679,18,Female,17,84,1,No Schooling,High,1,8.5,58.4,57.4,Pass
680,18,Female,29,59,0,Secondary,Medium,0,6.4,59.8,73.4,Pass
681,18,Female,8,68,0,Secondary,Low,1,4.7,35.6,29.8,Fail
682,18,Male,5,86,1,Primary,Medium,1,5.9,48.1,45.0,Pass
683,15,Female,17,56,0,No Schooling,Medium,1,4.6,44.5,42.7,Pass
684,15,Female,20,95,1,No Schooling,Medium,0,5.0,55.8,54.2,Pass
685,16,Female,1,84,0,Primary,High,0,4.3,13.1,13.3,Fail
686,14,Male,22,94,1,Graduate,Low,0,6.2,64.1,49.9,Pass
687,18,Female,18,62,1,Graduate,High,0,8.0,61.1,59.5,Pass
688,14,Female,15,59,0,No Schooling,High,1,6.9,44.0,51.2,Pass
689,14,Female,5,51,1,Graduate,Medium,0,7.0,20.8,17.0,Fail
690,16,Male,7,55,0,Graduate,Low,0,5.0,19.4,38.5,Fail
691,18,Female,18,57,0,Graduate,Medium,0,5.7,26.9,37.4,Fail
692,18,Female,6,85,1,No Schooling,High,1,8.2,54.3,42.2,Pass
693,17,Female,22,74,0,Graduate,High,0,4.4,60.0,53.6,Pass
694,14,Male,21,93,0,Secondary,Low,0,8.3,67.1,78.0,Pass
695,14,Male,5,96,1,No Schooling,High,1,6.4,46.8,33.2,Fail
696,15,Female,19,89,0,Primary,High,1,8.2,52.1,58.7,Pass
697,17,Male,10,56,0,Graduate,Low,1,5.6,33.6,41.9,Pass
698,15,Male,15,95,1,Higher Secondary,Medium,1,5.7,54.0,55.7,Pass
699,15,Male,10,72,0,No Schooling,Low,1,7.8,37.4,35.3,Fail
700,15,Female,27,68,0,Primary,High,1,7.9,61.8,74.9,Pass
701,16,Female,16,95,1,Secondary,Low,1,5.1,71.5,63.1,Pass
702,16,Male,12,71,0,Primary,Medium,0,8.9,59.5,42.2,Pass
703,15,Male,18,62,0,Graduate,High,1,4.4,41.9,54.6,Pass
704,17,Male,23,70,1,Higher Secondary,Medium,1,4.3,61.8,55.7,Pass
705,14,Female,1,50,0,Graduate,Medium,1,7.0,23.7,22.0,Fail
706,17,Female,16,68,0,Primary,Low,1,7.6,39.6,48.2,Pass
707,18,Male,22,82,1,No Schooling,Medium,1,8.8,66.1,63.6,Pass
708,16,Male,6,53,1,Higher Secondary,Low,0,6.0,31.4,36.9,Fail
709,14,Male,3,91,0,Higher Secondary,Low,0,4.1,31.0,17.1,Fail
710,14,Male,2,52,0,Primary,Medium,0,7.0,24.9,20.3,Fail
711,18,Female,28,76,1,Graduate,Low,0,5.4,67.8,79.4,Pass
712,18,Male,2,90,0,Primary,Low,0,6.2,1.3,10.0,Fail
713,15,Female,13,84,0,Higher Secondary,Medium,0,6.4,35.1,30.7,Fail
714,16,Male,9,77,0,Primary,High,0,4.3,50.9,43.5,Pass
715,16,Male,16,55,1,Higher Secondary,Low,1,6.4,53.7,55.9,Pass
716,17,Male,27,55,0,Graduate,Low,1,6.1,33.5,36.3,Fail
717,15,Male,5,93,0,No Schooling,Medium,1,7.6,25.3,41.5,Pass
718,15,Male,23,72,1,No Schooling,Low,1,7.2,71.3,84.1,Pass
719,15,Female,28,82,1,Primary,Medium,1,4.9,68.8,70.5,Pass
720,15,Male,21,65,1,Higher Secondary,High,1,5.0,32.0,40.4,Pass
721,16,Male,7,73,0,No Schooling,High,0,5.3,43.0,37.9,Fail
722,16,Male,13,54,0,Higher Secondary,Medium,1,4.9,47.9,52.2,Pass
723,15,Female,20,90,1,Graduate,High,1,7.3,56.7,62.4,Pass
724,17,Female,24,91,0,Primary,Medium,1,9.0,80.8,80.4,Pass
725,14,Female,29,62,0,Higher Secondary,Low,0,7.3,54.2,75.5,Pass
726,14,Female,27,96,0,Primary,High,0,7.0,63.1,76.9,Pass
727,17,Male,26,61,0,Higher Secondary,Low,0,6.0,52.4,51.8,Pass
728,15,Male,13,54,1,Higher Secondary,Low,1,5.6,24.7,39.0,Fail
729,16,Male,27,86,1,Graduate,Medium,1,8.6,78.4,88.2,Pass
730,14,Female,26,80,0,Primary,High,1,8.8,73.2,77.5,Pass
731,18,Male,7,77,1,Secondary,High,0,6.5,32.0,37.4,Fail
732,18,Male,10,77,0,Higher Secondary,Low,0,5.5,45.2,39.3,Fail
733,17,Female,15,79,0,Higher Secondary,Low,1,7.9,35.3,33.0,Fail
734,15,Female,21,67,1,No Schooling,Medium,0,4.7,61.5,74.4,Pass
735,14,Female,27,93,1,Primary,High,1,7.8,79.7,68.1,Pass
736,15,Male,6,76,0,Secondary,Medium,0,8.1,24.9,42.9,Pass
737,14,Male,5,84,0,Graduate,Medium,0,4.6,36.8,31.1,Fail
738,17,Female,23,75,0,Secondary,Medium,0,8.9,48.2,68.0,Pass
739,17,Male,28,88,0,Graduate,High,1,8.9,84.5,84.0,Pass
740,18,Female,2,98,1,Secondary,Medium,0,8.7,40.7,44.0,Pass
741,15,Female,21,100,1,Secondary,High,1,6.5,73.1,72.1,Pass
742,18,Male,15,67,0,Primary,Medium,1,5.2,43.0,38.7,Fail
743,15,Female,26,82,0,No Schooling,Low,1,6.9,76.4,76.0,Pass
744,18,Female,16,74,1,Secondary,Medium,0,6.1,61.2,55.7,Pass
745,16,Female,19,80,0,Higher Secondary,Medium,0,5.0,68.6,67.5,Pass
746,16,Male,9,86,1,Higher Secondary,High,0,6.1,36.8,37.7,Fail
747,16,Female,29,51,0,Higher Secondary,Low,1,7.3,72.0,77.4,Pass
748,16,Female,22,82,1,No Schooling,Low,0,4.4,74.6,59.4,Pass
749,14,Female,29,88,0,Secondary,High,0,5.7,67.5,60.3,Pass
750,16,Female,26,92,0,Graduate,High,1,4.1,85.7,77.7,Pass
751,17,Female,19,92,0,Graduate,Low,1,7.7,62.7,63.5,Pass
752,17,Female,7,81,1,Primary,High,1,7.2,32.6,25.4,Fail
753,14,Female,4,67,1,No Schooling,Low,0,4.3,22.0,26.1,Fail
754,16,Male,3,66,0,Secondary,Medium,0,8.8,9.9,23.8,Fail
755,16,Male,24,83,0,Higher Secondary,Medium,1,4.1,65.5,64.7,Pass
756,16,Female,29,88,0,No Schooling,Low,0,6.9,68.3,72.6,Pass
757,18,Male,20,56,0,No Schooling,Low,1,7.9,53.7,47.6,Pass
758,15,Male,11,91,1,Secondary,Medium,0,7.9,60.4,44.2,Pass
759,18,Female,1,84,1,Primary,Medium,1,4.2,34.5,29.7,Fail
760,15,Male,6,79,1,Primary,Low,0,8.5,33.0,28.2,Fail
761,16,Female,26,61,0,Primary,High,1,8.6,60.3,61.2,Pass
762,16,Female,11,84,0,Higher Secondary,High,1,6.8,28.2,36.1,Fail
763,18,Female,27,60,1,Higher Secondary,Low,1,6.4,73.3,89.6,Pass
764,18,Female,1,93,0,Secondary,High,0,4.2,27.9,19.4,Fail
765,15,Female,21,53,1,Primary,Medium,0,6.8,51.2,72.1,Pass
766,17,Male,7,74,1,Secondary,Medium,0,6.0,33.7,32.4,Fail
767,15,Female,6,97,1,Primary,High,1,7.9,47.4,47.2,Pass
768,18,Male,14,81,1,No Schooling,Low,1,6.0,40.2,50.2,Pass
769,18,Female,2,69,0,Graduate,Medium,1,7.4,28.7,36.0,Fail
770,14,Female,27,99,1,Graduate,Medium,1,4.5,72.2,73.0,Pass
771,18,Female,4,80,0,Primary,Medium,1,4.7,35.3,28.2,Fail
772,14,Male,11,53,1,Secondary,High,1,4.7,30.3,39.2,Fail
773,17,Female,15,87,1,Higher Secondary,Low,1,4.2,61.4,57.3,Pass
774,15,Female,18,96,1,Primary,High,1,6.7,64.0,57.4,Pass
775,15,Female,27,50,1,Primary,Low,1,8.0,50.5,72.8,Pass
776,14,Female,1,52,0,Higher Secondary,Low,0,7.1,26.6,28.9,Fail
777,15,Male,3,86,0,Primary,High,1,6.9,30.2,22.8,Fail
778,18,Female,3,71,0,No Schooling,Medium,0,7.4,22.2,17.7,Fail
779,16,Male,28,66,0,Higher Secondary,Low,1,5.7,74.8,89.8,Pass
780,14,Female,7,63,1,No Schooling,High,0,5.8,43.1,34.5,Fail
781,15,Male,1,90,0,Graduate,Medium,1,5.6,28.8,30.8,Fail
782,14,Male,25,84,0,Higher Secondary,Low,0,7.6,63.8,70.4,Pass
783,14,Female,11,62,1,Higher Secondary,Low,1,4.8,49.9,50.3,Pass
784,16,Female,6,84,0,Secondary,Medium,1,4.1,51.8,56.1,Pass
785,18,Male,20,92,0,Secondary,Low,1,7.0,63.5,70.5,Pass
786,14,Female,3,51,0,Higher Secondary,High,0,8.7,24.5,34.2,Fail
787,15,Female,19,96,0,Graduate,Low,1,7.0,53.2,53.9,Pass
788,17,Female,2,62,1,Primary,Low,0,7.9,9.5,11.5,Fail
789,14,Male,18,100,1,Secondary,Medium,0,7.4,65.5,81.9,Pass
790,14,Female,12,65,0,Graduate,High,0,6.5,29.4,34.7,Fail
791,16,Female,29,67,1,Graduate,Medium,0,7.6,57.4,65.9,Pass
792,18,Female,10,56,0,Secondary,High,0,8.1,38.2,43.0,Pass
793,17,Male,5,94,0,Primary,Medium,1,5.1,39.2,35.2,Fail
794,15,Female,9,85,0,Secondary,Low,0,5.7,41.3,51.6,Pass
795,17,Male,2,90,1,Graduate,High,0,5.1,20.2,24.2,Fail
796,15,Female,2,79,1,No Schooling,High,0,6.3,20.6,11.0,Fail
797,18,Male,28,91,1,Secondary,Low,0,8.4,88.6,80.4,Pass
798,15,Female,6,90,1,Graduate,Medium,1,5.7,37.4,34.2,Fail
799,16,Female,29,56,1,Secondary,High,1,5.9,66.3,78.3,Pass
800,16,Male,10,64,1,Graduate,Low,1,8.3,44.6,32.6,Fail
801,16,Male,18,89,0,Primary,Low,0,6.6,43.0,52.1,Pass
802,16,Male,12,68,1,Graduate,High,0,6.7,54.9,56.4,Pass
803,17,Female,4,92,0,Higher Secondary,High,0,8.3,33.7,40.4,Pass
804,18,Female,22,86,0,No Schooling,High,1,6.5,61.4,61.6,Pass
805,15,Female,21,51,1,Graduate,Low,0,7.4,60.5,70.4,Pass
806,15,Female,17,91,0,Secondary,Medium,1,4.4,66.9,52.5,Pass
807,16,Male,15,97,0,Secondary,Medium,0,4.9,71.3,68.2,Pass
808,16,Female,6,62,0,Graduate,High,0,6.0,23.2,25.4,Fail
809,14,Female,16,89,1,Higher Secondary,Low,1,6.5,80.6,69.3,Pass
810,18,Female,17,90,1,Graduate,Low,0,8.8,62.0,61.6,Pass
811,17,Female,3,92,0,Primary,High,1,8.9,54.0,50.7,Pass
812,15,Female,10,92,1,Higher Secondary,Low,0,8.3,55.5,42.4,Pass
813,14,Female,5,80,0,Graduate,Low,1,5.6,30.1,35.9,Fail
814,14,Female,14,65,1,No Schooling,Low,0,8.8,35.2,49.8,Pass
815,15,Male,26,91,0,Higher Secondary,High,0,7.4,48.3,56.2,Pass
816,17,Female,29,93,0,Graduate,High,0,6.0,51.3,61.2,Pass
817,14,Female,21,55,1,No Schooling,High,0,7.5,44.9,45.9,Pass
818,14,Female,13,77,1,Graduate,Medium,0,4.1,58.3,41.0,Pass
819,18,Female,26,81,1,Primary,Medium,1,4.7,66.3,67.8,Pass
820,17,Male,6,93,1,Secondary,High,1,8.1,38.1,39.0,Fail
821,14,Male,12,59,1,Graduate,Low,0,7.2,45.7,43.0,Pass
822,17,Male,26,99,0,Higher Secondary,Low,1,5.8,65.1,56.8,Pass
823,15,Male,8,67,0,Graduate,High,1,6.5,55.5,51.2,Pass
824,16,Male,5,53,0,Graduate,Low,1,8.5,25.8,26.8,Fail
825,14,Male,15,58,1,Graduate,Low,1,7.2,57.2,49.0,Pass
826,18,Female,27,56,1,Graduate,Medium,0,6.0,58.3,74.0,Pass
827,15,Male,16,99,0,Higher Secondary,Low,1,4.6,58.9,45.9,Pass
828,17,Male,1,57,0,Higher Secondary,Low,1,5.5,34.9,32.8,Fail
829,15,Female,16,92,0,Graduate,High,0,8.9,53.9,43.8,Pass
830,14,Male,5,56,0,Secondary,Medium,0,6.2,39.2,23.5,Fail
831,17,Female,3,90,1,Graduate,Medium,0,6.4,26.7,30.0,Fail
832,16,Female,20,89,0,Higher Secondary,Low,0,6.5,43.7,47.3,Pass
833,15,Male,15,52,1,Primary,High,0,8.4,23.6,26.9,Fail
834,14,Female,13,66,0,Graduate,Medium,0,7.0,51.8,57.5,Pass
835,18,Male,24,51,1,Graduate,Medium,0,7.5,63.3,69.2,Pass
836,17,Male,16,64,1,Graduate,Low,0,5.9,43.5,29.0,Fail
837,15,Female,23,95,1,Graduate,Medium,1,4.1,74.0,75.4,Pass
838,15,Female,11,78,1,No Schooling,High,0,8.7,53.6,42.9,Pass
839,16,Male,21,99,0,Graduate,High,1,8.7,64.3,52.2,Pass
840,16,Female,2,97,0,Higher Secondary,Medium,0,8.7,14.5,14.2,Fail
841,18,Female,22,71,0,Higher Secondary,High,0,8.7,36.8,49.8,Pass
842,18,Male,27,53,1,No Schooling,High,1,8.1,53.5,64.0,Pass
843,14,Male,6,55,0,Graduate,Low,0,7.4,26.5,16.5,Fail
844,14,Female,26,87,0,Secondary,Medium,0,8.2,55.7,52.8,Pass
845,18,Male,26,75,0,Graduate,Medium,1,7.0,76.8,69.2,Pass
846,18,Male,27,60,1,Higher Secondary,Low,1,4.7,53.8,53.9,Pass
847,17,Male,6,75,1,Primary,Low,1,6.0,32.6,37.7,Fail
848,16,Male,14,66,1,Primary,Low,1,8.9,30.6,36.9,Fail
849,14,Male,25,73,0,Secondary,Low,1,5.8,59.9,68.8,Pass
850,16,Male,11,77,0,Graduate,High,1,8.3,44.7,54.3,Pass
851,16,Male,8,84,0,No Schooling,High,0,4.5,48.0,45.0,Pass
852,18,Female,8,80,1,Graduate,Low,0,5.7,40.2,12.8,Fail
853,17,Male,1,62,0,Secondary,Medium,0,5.8,27.5,21.8,Fail
854,15,Female,21,84,1,Secondary,Medium,0,4.3,69.8,62.5,Pass
855,17,Female,7,65,1,Secondary,Medium,0,4.6,36.9,32.8,Fail
856,17,Female,6,64,1,Primary,Low,1,5.0,27.2,10.5,Fail
857,16,Male,21,92,1,Graduate,High,1,8.2,71.1,63.2,Pass
858,17,Male,8,67,0,Graduate,High,0,4.3,47.0,28.9,Fail
859,14,Female,19,96,0,No Schooling,High,1,5.5,59.2,49.9,Pass
860,16,Male,22,86,1,Secondary,High,0,4.1,67.3,60.8,Pass
861,14,Female,21,97,0,Secondary,Medium,1,7.5,70.9,62.4,Pass
862,15,Male,24,97,1,Higher Secondary,Medium,0,7.1,64.4,59.5,Pass
863,16,Male,20,98,0,Higher Secondary,High,0,7.2,68.8,64.3,Pass
864,15,Female,8,90,0,Primary,Low,0,5.9,35.2,30.7,Fail
865,16,Female,26,76,1,Graduate,High,1,5.0,74.3,73.0,Pass
866,18,Female,14,84,1,No Schooling,High,1,7.6,51.8,48.0,Pass
867,17,Male,18,94,1,No Schooling,Low,0,8.1,58.6,46.7,Pass
868,18,Female,25,84,1,Secondary,High,1,4.7,80.0,65.4,Pass
869,15,Male,29,77,0,No Schooling,Medium,0,6.4,47.1,56.5,Pass
870,17,Male,16,88,1,Secondary,Low,0,5.2,59.6,51.2,Pass
871,16,Male,9,87,0,Graduate,Low,1,4.8,51.7,32.7,Fail
872,17,Female,15,58,1,No Schooling,High,0,7.7,37.2,49.0,Pass
873,14,Female,26,61,0,Secondary,Medium,0,6.7,57.0,65.5,Pass
874,17,Female,10,64,1,Graduate,Medium,0,5.1,27.4,25.8,Fail
875,14,Male,29,70,0,Graduate,Medium,1,5.6,61.5,65.5,Pass
876,17,Male,22,84,0,Secondary,High,0,8.8,60.9,56.1,Pass
877,14,Female,16,91,0,Secondary,High,0,8.2,77.6,76.0,Pass
878,15,Male,4,82,1,Primary,Medium,0,8.4,40.2,54.0,Pass
879,18,Male,20,100,1,Graduate,High,0,6.3,54.5,51.1,Pass
880,16,Female,13,68,1,Secondary,Medium,1,7.1,55.7,62.1,Pass
881,17,Female,22,72,1,Graduate,High,0,5.9,63.4,55.8,Pass
882,18,Female,5,62,0,No Schooling,Low,0,4.4,8.8,10.3,Fail
883,16,Male,22,93,0,Higher Secondary,Low,1,6.0,62.7,73.9,Pass
884,16,Male,7,50,0,Higher Secondary,High,1,7.0,29.1,30.5,Fail
885,14,Male,23,100,1,Secondary,High,1,5.4,73.7,74.6,Pass
886,15,Male,9,78,0,Secondary,Medium,1,8.2,41.6,39.8,Fail
887,15,Male,8,73,0,Graduate,Low,1,4.8,40.4,22.0,Fail
888,18,Female,29,65,1,Secondary,Medium,1,5.8,61.6,85.8,Pass
889,15,Male,16,74,1,Graduate,High,0,4.6,45.9,44.1,Pass
890,17,Male,6,72,0,Secondary,Medium,0,6.0,27.9,30.0,Fail
891,15,Male,28,77,1,Graduate,Medium,1,4.2,84.7,72.4,Pass
892,18,Female,16,96,1,Secondary,High,0,5.4,48.8,54.8,Pass
893,15,Female,6,65,1,Primary,Low,1,6.0,34.1,38.1,Fail
894,17,Female,14,92,1,Graduate,Medium,0,6.4,48.0,35.2,Fail
895,14,Male,21,87,0,Primary,High,1,6.7,78.5,73.3,Pass
896,18,Female,1,60,0,Primary,Medium,1,5.4,31.2,33.0,Fail
897,14,Female,25,52,0,Primary,High,0,6.6,43.8,63.8,Pass
898,14,Female,9,64,0,Primary,High,1,6.5,41.7,45.2,Pass
899,14,Male,25,50,0,No Schooling,High,0,5.6,42.4,58.0,Pass
900,16,Female,27,56,1,Higher Secondary,Low,1,8.2,67.9,67.9,Pass
901,16,Male,24,50,0,No Schooling,Low,1,6.7,69.7,59.2,Pass
902,14,Male,13,98,0,Secondary,High,0,5.7,29.3,32.3,Fail
903,18,Female,26,81,1,Secondary,Low,1,8.7,61.2,57.9,Pass
904,17,Male,29,58,1,Higher Secondary,Medium,0,8.2,65.5,66.4,Pass
905,17,Female,19,78,1,Higher Secondary,Low,0,8.9,50.9,50.4,Pass
906,15,Male,17,75,0,Higher Secondary,Low,0,7.5,50.1,45.1,Pass
907,18,Female,11,72,1,Primary,Medium,0,5.9,40.3,44.3,Pass
908,16,Female,28,94,1,No Schooling,Medium,0,5.4,56.4,54.6,Pass
909,14,Female,28,92,1,Secondary,Medium,1,7.3,83.8,96.1,Pass
910,15,Male,8,78,0,No Schooling,High,1,8.9,27.1,41.3,Pass
911,17,Female,23,87,1,No Schooling,Medium,0,7.1,65.7,75.9,Pass
912,16,Male,29,82,1,No Schooling,Medium,1,8.4,71.6,70.7,Pass
913,16,Female,5,56,0,Higher Secondary,Medium,0,5.6,48.3,41.3,Pass
914,14,Male,10,61,1,Higher Secondary,High,1,6.0,40.1,30.9,Fail
915,17,Male,7,80,0,Secondary,Low,0,8.5,38.0,40.3,Pass
916,18,Female,10,81,0,Secondary,High,1,7.8,49.8,33.1,Fail
917,16,Female,4,69,1,Secondary,Low,0,8.9,33.1,42.2,Pass
918,14,Female,9,100,0,No Schooling,Medium,1,7.9,48.2,40.4,Pass
919,18,Female,27,66,1,Higher Secondary,High,0,6.2,53.4,63.5,Pass
920,17,Female,26,85,1,Primary,High,0,6.7,66.4,72.6,Pass
921,16,Male,14,52,1,No Schooling,Low,1,8.5,25.9,32.5,Fail
922,18,Female,2,50,1,Graduate,High,0,6.8,25.9,18.9,Fail
923,18,Female,25,99,0,No Schooling,High,0,5.3,96.4,83.2,Pass
924,18,Male,9,76,1,Higher Secondary,Low,1,6.2,46.1,48.7,Pass
925,16,Female,21,96,1,Graduate,High,1,6.6,71.7,66.6,Pass
926,16,Female,27,89,1,No Schooling,High,0,4.5,54.7,64.6,Pass
927,15,Male,1,82,0,Higher Secondary,Medium,0,7.7,17.9,27.1,Fail
928,17,Female,23,69,0,Higher Secondary,Medium,0,4.5,64.1,60.7,Pass
929,14,Female,10,63,1,Primary,Medium,0,6.0,22.4,27.7,Fail
930,18,Female,10,85,0,No Schooling,Medium,1,8.0,38.2,41.6,Pass
931,15,Male,20,54,0,Higher Secondary,Medium,0,6.3,51.9,63.8,Pass
932,14,Female,25,72,1,Secondary,High,0,8.2,70.2,69.2,Pass
933,15,Male,22,94,1,Higher Secondary,High,1,5.7,68.1,74.4,Pass
934,16,Female,29,64,1,Primary,Medium,1,8.8,71.9,78.9,Pass
935,18,Male,3,55,1,Higher Secondary,Low,0,5.0,25.2,17.6,Fail
936,14,Female,6,82,1,No Schooling,Medium,1,4.2,29.3,27.1,Fail
937,14,Male,29,68,0,No Schooling,High,1,8.4,68.2,65.2,Pass
938,14,Male,26,62,1,Graduate,Low,1,7.8,68.0,60.2,Pass
939,14,Male,6,78,1,No Schooling,Medium,0,5.2,34.5,36.6,Fail
940,14,Male,21,55,1,Graduate,Low,0,8.9,31.7,52.9,Pass
941,15,Male,2,64,1,Secondary,Medium,0,6.5,40.6,33.5,Fail
942,18,Male,26,65,1,Primary,High,1,8.8,55.6,65.1,Pass
943,16,Female,26,73,0,Secondary,Medium,0,6.5,61.6,60.9,Pass
944,16,Female,18,72,1,Graduate,Low,0,6.4,54.8,56.3,Pass
945,16,Male,23,97,0,Higher Secondary,High,0,6.2,59.1,77.2,Pass
946,16,Male,2,59,1,Higher Secondary,Medium,1,5.7,31.1,35.2,Fail
947,15,Male,12,90,1,Secondary,Medium,0,6.7,40.2,41.2,Pass
948,17,Male,22,90,1,Higher Secondary,Medium,0,6.3,84.5,74.6,Pass
949,18,Female,5,98,0,Graduate,Medium,0,4.2,34.3,26.6,Fail
950,14,Male,20,66,1,Primary,High,0,5.3,61.8,48.2,Pass
951,17,Female,7,98,1,No Schooling,High,1,5.1,37.0,30.1,Fail
952,16,Female,24,93,1,Graduate,Medium,0,8.3,74.1,79.0,Pass
953,17,Male,16,94,1,Graduate,High,0,7.0,48.0,42.5,Pass
954,18,Male,20,79,1,No Schooling,Low,1,7.8,47.8,51.8,Pass
955,14,Female,1,93,1,No Schooling,High,1,8.8,26.7,18.4,Fail
956,14,Female,1,95,1,Primary,Low,1,7.2,29.5,33.4,Fail
957,18,Male,17,59,0,Primary,Low,1,8.9,49.3,43.7,Pass
958,18,Male,27,68,1,Primary,High,1,5.6,97.7,91.7,Pass
959,16,Male,1,78,1,Higher Secondary,Medium,0,4.9,55.3,48.1,Pass
960,14,Female,21,51,1,Graduate,High,1,6.0,51.6,52.4,Pass
961,17,Female,20,85,0,No Schooling,Low,1,6.4,70.1,60.2,Pass
962,15,Male,13,68,0,Graduate,Low,1,8.5,32.4,43.8,Pass
963,15,Female,9,56,1,Graduate,High,0,6.8,12.3,35.6,Fail
964,18,Female,15,75,0,Primary,Low,0,5.5,45.3,56.5,Pass
965,16,Male,3,64,1,Primary,High,0,7.7,32.2,30.4,Fail
966,15,Male,14,96,1,Graduate,High,1,6.5,65.6,51.3,Pass
967,14,Female,23,87,0,Primary,Medium,0,4.8,71.4,65.1,Pass
968,18,Female,11,52,1,Higher Secondary,Low,1,6.9,36.8,25.6,Fail
969,17,Male,24,87,0,No Schooling,High,1,8.6,67.8,65.8,Pass
970,18,Male,22,65,0,Graduate,Low,0,8.2,60.7,67.5,Pass
971,17,Male,12,51,0,No Schooling,High,0,6.9,45.2,42.1,Pass
972,18,Male,13,80,1,Higher Secondary,High,0,5.9,37.4,35.1,Fail
973,18,Male,26,77,1,Primary,Medium,1,4.4,72.2,69.0,Pass
974,18,Female,13,56,1,Secondary,High,0,6.3,45.8,43.3,Pass
975,17,Female,1,79,1,Higher Secondary,Medium,0,7.8,29.7,34.0,Fail
976,17,Female,24,92,1,Secondary,Low,0,5.8,60.4,51.8,Pass
977,18,Female,10,56,1,No Schooling,Medium,0,5.2,34.8,39.3,Fail
978,15,Male,3,85,1,Graduate,Medium,0,8.7,38.3,35.5,Fail
979,16,Male,24,78,0,Primary,Low,1,8.1,56.8,66.5,Pass
980,16,Male,28,73,1,Higher Secondary,Medium,1,7.2,59.9,55.9,Pass
981,16,Female,4,88,1,Primary,Medium,0,4.7,56.0,49.5,Pass
982,17,Female,16,53,1,Secondary,High,1,4.7,49.8,52.7,Pass
983,17,Female,8,78,0,Secondary,Medium,1,4.5,49.8,55.1,Pass
984,15,Male,16,93,0,Graduate,High,1,7.1,59.0,50.1,Pass
985,16,Female,27,54,0,Secondary,Medium,0,4.6,67.2,62.8,Pass
986,16,Male,17,78,1,Graduate,Low,1,8.2,57.7,43.8,Pass
987,18,Male,19,79,0,Higher Secondary,Low,0,9.0,58.1,54.3,Pass
988,17,Male,22,78,0,Graduate,Medium,1,5.8,50.3,66.2,Pass
989,16,Male,15,75,1,Secondary,High,0,6.3,30.3,40.1,Pass
990,15,Male,16,68,1,No Schooling,Medium,1,7.6,47.6,44.7,Pass
991,15,Male,15,75,1,Graduate,High,1,8.7,38.7,46.7,Pass
992,16,Female,25,86,0,Primary,Medium,0,8.5,42.1,55.0,Pass
993,17,Male,2,76,1,No Schooling,Low,0,4.3,31.8,10.6,Fail
994,15,Male,11,79,1,Graduate,Low,1,4.8,30.5,19.0,Fail
995,18,Female,1,100,1,Primary,High,0,7.8,44.0,45.4,Pass
996,15,Male,15,79,1,No Schooling,Medium,0,7.4,63.6,64.9,Pass
997,14,Female,26,52,1,Graduate,High,0,4.7,43.2,40.5,Pass
998,14,Female,19,92,1,Higher Secondary,Low,0,6.5,62.0,59.2,Pass
999,17,Female,4,56,0,Primary,High,1,7.9,46.4,34.8,Fail
1000,16,Male,11,98,1,Higher Secondary,Medium,0,5.1,44.2,50.2,Pass
1001,17,Male,5,58,0,Secondary,High,1,8.4,36.0,39.3,Fail
1002,17,Female,3,90,0,Graduate,Medium,1,4.3,60.4,35.0,Fail
1003,17,Male,13,91,1,Graduate,Medium,0,7.9,33.0,40.6,Pass
1004,17,Male,10,62,0,Primary,Low,0,7.1,23.4,30.2,Fail
1005,18,Female,11,64,0,Graduate,Medium,0,5.6,41.3,40.0,Pass
1006,18,Female,18,54,0,Secondary,Medium,0,7.6,64.9,58.4,Pass
1007,15,Male,2,78,1,Graduate,Medium,1,7.9,27.3,27.7,Fail
1008,14,Female,7,84,0,No Schooling,High,1,8.7,65.1,48.3,Pass
1009,17,Female,9,76,0,Higher Secondary,Low,0,5.8,37.6,27.2,Fail
1010,15,Female,10,76,0,Secondary,High,1,7.4,23.1,20.8,Fail
1011,14,Male,18,57,0,Secondary,High,0,7.0,60.0,50.4,Pass
1012,16,Male,23,81,1,Higher Secondary,Low,1,6.6,62.2,67.0,Pass
1013,18,Male,7,69,1,Higher Secondary,High,1,8.5,43.7,45.6,Pass
1014,14,Female,27,59,0,Secondary,High,1,4.0,46.6,66.0,Pass
1015,16,Male,7,62,1,Higher Secondary,Medium,0,5.4,24.6,25.0,Fail
1016,14,Female,3,78,1,Primary,High,0,6.7,15.9,25.6,Fail
1017,18,Male,12,84,0,Higher Secondary,Low,1,4.9,32.2,35.2,Fail
1018,18,Male,7,57,1,No Schooling,High,0,8.5,31.6,37.2,Fail
1019,15,Female,17,78,1,No Schooling,Medium,0,7.2,57.6,63.3,Pass
1020,17,Male,26,80,0,Primary,High,1,6.4,62.5,70.6,Pass
1021,14,Female,1,90,0,Higher Secondary,Low,0,8.1,14.1,19.8,Fail
1022,14,Male,5,79,1,No Schooling,Medium,0,6.3,21.4,19.5,Fail
1023,16,Male,16,71,1,Graduate,High,1,6.8,57.0,57.4,Pass
1024,18,Female,15,70,1,Higher Secondary,Low,1,4.0,52.6,59.3,Pass
1025,14,Female,2,61,1,Primary,Low,1,5.8,33.2,29.9,Fail
1026,18,Female,9,60,0,Higher Secondary,High,1,4.7,52.1,40.9,Pass
1027,14,Male,7,51,0,Secondary,High,0,7.4,31.6,40.0,Pass
1028,15,Male,4,99,0,Secondary,Medium,0,6.4,39.8,23.7,Fail
1029,17,Male,20,90,0,No Schooling,High,1,5.5,85.7,71.1,Pass
1030,14,Female,18,51,0,Secondary,Medium,1,6.3,44.6,40.9,Pass
1031,18,Female,21,83,1,Primary,High,0,5.0,83.2,71.7,Pass
1032,15,Female,4,52,1,No Schooling,Low,0,8.6,38.8,46.8,Pass
1033,14,Male,28,65,0,Primary,Low,0,4.3,58.5,67.8,Pass
1034,16,Male,13,100,0,Primary,Low,1,8.3,62.5,42.9,Pass
1035,17,Female,1,53,0,Secondary,Low,1,6.6,20.2,15.9,Fail
1036,14,Male,28,72,1,Secondary,Medium,1,7.1,57.2,53.2,Pass
1037,15,Female,24,99,1,Primary,Low,1,5.5,73.6,78.4,Pass
1038,16,Male,3,69,1,Secondary,Medium,0,8.8,13.5,16.4,Fail
1039,15,Male,16,74,0,Secondary,Medium,1,5.4,53.5,52.0,Pass
1040,15,Female,22,79,0,Secondary,Medium,1,6.9,69.7,68.7,Pass
1041,16,Male,4,67,0,Higher Secondary,High,0,9.0,23.9,30.0,Fail
1042,15,Male,25,91,0,Primary,Medium,1,8.4,72.1,50.2,Pass
1043,16,Female,23,60,0,Graduate,High,0,6.7,54.6,62.1,Pass
1044,14,Female,25,78,1,Primary,Medium,1,9.0,77.3,72.8,Pass
1045,16,Male,16,66,0,No Schooling,High,0,7.5,44.7,55.4,Pass
1046,16,Female,26,75,1,Secondary,High,0,5.0,61.4,65.3,Pass
1047,17,Male,19,72,1,Secondary,Low,0,6.0,61.1,64.1,Pass
1048,16,Female,1,97,1,Graduate,Medium,1,5.7,40.2,25.9,Fail
1049,16,Male,5,69,1,No Schooling,High,1,5.7,14.8,10.7,Fail
1050,14,Male,19,94,1,Higher Secondary,Low,1,7.8,61.2,68.4,Pass
1051,17,Female,22,51,0,Primary,Medium,1,6.9,48.1,59.2,Pass
1052,18,Male,24,73,0,Higher Secondary,Low,1,4.2,64.4,64.7,Pass
1053,14,Male,11,80,0,No Schooling,High,1,8.4,45.9,48.2,Pass
1054,14,Female,13,76,1,Graduate,Low,0,5.5,25.8,35.8,Fail
1055,18,Female,20,51,1,No Schooling,Low,1,9.0,38.4,39.5,Fail
1056,16,Male,5,63,1,Graduate,Medium,1,8.8,24.9,38.1,Fail
1057,15,Female,21,53,1,Higher Secondary,High,0,8.7,51.0,56.6,Pass
1058,17,Female,4,98,1,Higher Secondary,Medium,0,8.1,49.1,41.4,Pass
1059,15,Male,4,62,1,No Schooling,Medium,1,5.1,16.6,15.9,Fail
1060,18,Male,4,85,0,No Schooling,Low,0,6.7,24.8,6.4,Fail
1061,14,Female,4,84,1,Secondary,High,1,5.1,38.7,37.1,Fail
1062,14,Female,20,93,1,Graduate,Medium,0,5.3,51.6,45.3,Pass
1063,17,Female,21,57,0,Secondary,High,1,7.1,54.5,58.9,Pass
1064,14,Male,18,51,1,Primary,Medium,0,4.2,51.7,43.9,Pass
1065,14,Male,18,55,0,Primary,Low,0,8.8,35.9,43.8,Pass
1066,17,Male,16,80,0,No Schooling,Medium,1,8.6,56.3,53.7,Pass
1067,17,Male,9,59,0,Higher Secondary,Medium,1,5.9,35.1,28.6,Fail
1068,18,Male,18,93,1,Primary,Medium,0,6.6,46.4,48.4,Pass
1069,14,Male,22,70,0,Primary,High,0,6.3,52.6,52.9,Pass
1070,14,Male,2,91,0,Secondary,Low,0,8.4,34.9,24.3,Fail
1071,18,Female,21,59,1,Secondary,High,0,7.4,66.3,74.8,Pass
1072,16,Female,4,72,0,Primary,Medium,1,5.4,49.0,32.7,Fail
1073,16,Male,12,52,1,No Schooling,Low,0,6.2,30.9,40.1,Pass
1074,16,Male,7,81,1,Secondary,High,0,6.1,31.5,37.2,Fail
1075,18,Male,15,69,0,Primary,Medium,1,8.8,48.6,59.1,Pass
1076,14,Female,7,59,1,Higher Secondary,Low,1,4.9,30.8,25.6,Fail
1077,18,Male,29,78,1,Secondary,Low,1,4.4,87.0,79.1,Pass
1078,18,Female,22,90,0,Primary,Medium,1,8.4,66.0,65.9,Pass
1079,16,Female,26,100,0,Graduate,Low,1,8.5,74.6,80.0,Pass
1080,15,Female,21,95,0,Secondary,Low,1,8.4,71.4,67.8,Pass
1081,14,Female,17,83,0,Graduate,High,0,6.6,52.0,56.4,Pass
1082,16,Female,16,86,1,Secondary,Low,0,7.3,55.9,53.1,Pass
1083,15,Male,28,69,0,Secondary,High,0,6.8,65.3,78.7,Pass
1084,15,Male,19,57,0,Graduate,High,1,4.3,49.2,49.8,Pass
1085,17,Female,9,56,0,No Schooling,High,1,7.0,26.3,30.3,Fail
1086,14,Male,14,55,1,Primary,High,0,4.1,58.1,53.7,Pass
1087,15,Female,17,60,1,No Schooling,Low,0,5.6,37.4,55.8,Pass
1088,16,Female,5,93,1,No Schooling,Low,1,8.7,59.9,45.5,Pass
1089,17,Male,2,67,1,Primary,High,1,5.5,34.5,37.2,Fail
1090,14,Male,20,100,1,Higher Secondary,Low,0,8.7,57.0,54.1,Pass
1091,18,Male,16,91,0,No Schooling,High,0,5.3,56.8,53.6,Pass
1092,16,Male,14,78,1,No Schooling,High,0,5.6,55.3,44.7,Pass
1093,15,Male,14,74,1,No Schooling,High,0,7.1,63.4,54.8,Pass
1094,15,Female,27,70,1,Higher Secondary,Medium,0,7.8,51.3,56.3,Pass
1095,16,Male,1,95,0,Secondary,Low,1,6.5,33.6,34.3,Fail
1096,15,Male,3,52,0,Graduate,Low,0,8.4,33.9,28.8,Fail
1097,17,Male,26,67,1,Graduate,High,0,4.2,69.6,71.8,Pass
1098,14,Female,7,73,0,Higher Secondary,Low,1,8.6,42.3,37.1,Fail
1099,17,Male,26,96,1,No Schooling,High,0,5.0,85.6,78.1,Pass
1100,15,Female,15,87,0,Graduate,Low,1,8.4,51.8,64.8,Pass
1101,18,Male,19,59,0,Higher Secondary,High,1,6.0,27.2,32.8,Fail
1102,14,Male,20,76,1,Primary,High,0,8.2,52.1,51.3,Pass
1103,14,Female,2,61,0,Graduate,Medium,0,7.4,41.4,33.4,Fail
1104,16,Male,19,56,1,Primary,High,1,4.9,56.3,54.7,Pass
1105,16,Male,9,66,1,No Schooling,Medium,1,8.6,32.9,42.2,Pass
1106,18,Female,19,50,1,Graduate,Low,1,5.2,64.8,60.7,Pass
1107,14,Male,27,99,0,Higher Secondary,Low,0,5.2,78.6,77.0,Pass
1108,18,Female,5,75,0,Secondary,Medium,0,8.1,31.5,23.4,Fail
1109,16,Female,18,64,1,Graduate,Low,0,4.5,55.1,55.3,Pass
1110,16,Female,16,100,1,Graduate,Medium,0,5.1,46.8,49.6,Pass
1111,14,Female,4,82,0,Graduate,Low,0,6.5,27.0,32.6,Fail
1112,17,Female,12,86,1,Graduate,Medium,1,8.2,51.2,47.5,Pass
1113,15,Male,29,96,0,Higher Secondary,Medium,0,4.7,83.3,78.8,Pass
1114,16,Male,7,80,0,Higher Secondary,High,0,6.7,29.0,36.7,Fail
1115,16,Male,14,84,0,Secondary,Low,1,7.6,50.9,42.4,Pass
1116,17,Female,23,50,1,Higher Secondary,High,0,8.3,66.9,54.1,Pass
1117,17,Female,12,57,1,Higher Secondary,Medium,0,8.7,63.3,49.1,Pass
1118,18,Female,3,61,0,No Schooling,High,0,7.9,14.1,15.2,Fail
1119,18,Female,5,68,1,No Schooling,Medium,1,7.3,37.3,43.7,Pass
1120,15,Male,17,74,1,Primary,Low,1,6.2,40.6,61.6,Pass
1121,15,Male,26,81,0,Secondary,Low,0,4.6,63.2,57.0,Pass
1122,14,Female,10,61,0,No Schooling,Low,0,7.5,30.4,34.6,Fail
1123,18,Female,10,62,1,Secondary,Medium,0,9.0,49.1,44.0,Pass
1124,16,Male,11,77,0,Secondary,High,1,7.7,32.9,41.6,Pass
1125,18,Female,17,50,1,Graduate,Low,1,4.1,35.4,42.0,Pass
1126,16,Female,5,100,0,Secondary,Medium,0,6.5,52.7,36.4,Fail
1127,17,Female,13,55,0,Graduate,High,0,7.1,29.7,31.8,Fail
1128,18,Male,10,57,1,Primary,Medium,0,7.4,37.1,38.0,Fail
1129,17,Male,9,53,1,Primary,Medium,0,7.6,35.4,47.4,Pass
1130,15,Female,17,54,1,Primary,Low,1,6.8,41.8,41.6,Pass
1131,15,Male,1,74,1,Graduate,Medium,1,5.1,23.8,8.8,Fail
1132,14,Female,4,71,1,Graduate,Medium,0,8.7,41.6,49.0,Pass
1133,18,Female,4,77,0,Primary,High,1,7.5,40.9,40.7,Pass
1134,17,Male,18,88,0,Graduate,Low,1,5.2,58.2,46.3,Pass
1135,16,Female,9,72,1,Higher Secondary,Medium,0,5.6,36.7,38.4,Fail
1136,15,Female,25,53,0,Higher Secondary,Medium,0,8.6,56.6,70.8,Pass
1137,15,Male,29,53,1,Graduate,High,0,8.4,66.2,73.7,Pass
1138,16,Female,29,96,0,Graduate,Medium,0,6.0,84.9,92.2,Pass
1139,17,Female,18,70,0,No Schooling,Medium,1,4.2,52.8,55.6,Pass
1140,17,Female,14,86,1,No Schooling,Medium,0,4.2,54.2,51.2,Pass
1141,18,Male,25,90,1,Secondary,Medium,0,5.4,74.7,72.9,Pass
1142,18,Female,15,51,1,Secondary,Medium,0,7.1,48.2,50.5,Pass
1143,14,Male,6,56,0,Secondary,High,0,6.9,40.3,44.3,Pass
1144,15,Female,24,98,1,Primary,Medium,1,7.2,73.3,70.6,Pass
1145,18,Female,10,65,1,Higher Secondary,Medium,0,7.6,31.8,43.8,Pass
1146,17,Female,29,66,1,Primary,Medium,0,4.1,62.7,68.2,Pass
1147,16,Female,15,69,1,Graduate,Medium,1,4.5,57.6,52.8,Pass
1148,17,Male,29,72,1,No Schooling,Low,0,5.8,67.0,67.9,Pass
1149,15,Male,4,83,1,Graduate,Low,0,4.8,56.8,40.7,Pass
1150,17,Female,18,60,0,Graduate,Low,0,4.4,45.1,49.3,Pass
1151,14,Female,18,83,0,No Schooling,Low,1,7.2,47.4,59.6,Pass
1152,15,Female,25,82,0,Graduate,High,0,8.1,65.3,72.9,Pass
1153,16,Female,17,75,0,Secondary,Low,0,7.8,63.4,55.3,Pass
1154,14,Female,12,51,1,No Schooling,High,0,8.1,28.1,23.4,Fail
1155,15,Female,7,72,1,Graduate,Low,1,7.3,31.7,39.3,Fail
1156,16,Female,16,90,0,Secondary,High,0,7.7,49.1,73.0,Pass
1157,14,Female,11,71,0,Secondary,Low,0,5.4,31.3,31.9,Fail
1158,14,Male,14,83,0,Higher Secondary,Medium,0,9.0,32.4,37.7,Fail
1159,15,Male,3,64,1,Secondary,Low,1,4.9,16.3,24.6,Fail
1160,18,Male,19,59,1,Primary,Low,1,5.1,56.5,48.3,Pass
1161,14,Female,18,64,1,No Schooling,Low,0,5.4,56.4,66.7,Pass
1162,14,Female,10,91,0,No Schooling,Medium,0,8.9,35.3,43.2,Pass
1163,16,Female,6,78,0,No Schooling,High,1,8.9,36.7,37.3,Fail
1164,17,Male,13,72,0,Graduate,High,0,8.0,42.9,39.5,Fail
1165,15,Female,10,66,0,Graduate,Medium,1,7.1,28.7,40.8,Pass
1166,15,Male,18,58,0,Primary,Low,1,6.6,58.0,53.6,Pass
1167,18,Female,26,99,1,Secondary,Low,1,8.9,78.8,84.4,Pass
1168,18,Male,20,85,1,Graduate,Low,0,7.5,63.7,66.4,Pass
1169,15,Male,26,58,1,Secondary,High,1,8.7,71.2,84.3,Pass
1170,18,Male,16,65,1,Secondary,High,1,5.6,75.8,66.3,Pass
1171,16,Female,25,85,1,Graduate,Medium,0,5.7,55.8,85.3,Pass
1172,15,Male,25,97,0,Graduate,Medium,0,8.3,57.7,69.0,Pass
1173,18,Female,6,100,1,Primary,High,0,4.7,58.8,46.9,Pass
1174,15,Female,13,82,0,Higher Secondary,Low,1,8.7,55.6,51.1,Pass
1175,17,Female,4,80,1,No Schooling,Low,1,6.5,38.7,41.2,Pass
1176,14,Female,23,55,0,Graduate,Low,0,8.6,46.2,53.5,Pass
1177,15,Female,14,59,0,Graduate,Low,1,5.7,41.4,36.7,Fail
1178,14,Male,1,65,0,Secondary,Medium,0,7.6,18.9,17.5,Fail
1179,18,Female,28,53,0,Higher Secondary,Medium,0,6.4,43.0,54.3,Pass
1180,14,Female,20,71,0,Graduate,High,0,7.1,61.0,79.1,Pass
1181,15,Female,5,62,0,Higher Secondary,Medium,0,6.5,6.0,17.7,Fail
1182,17,Female,8,65,1,No Schooling,Low,0,8.8,26.0,27.3,Fail
1183,18,Female,12,78,0,Secondary,High,1,7.5,42.1,52.6,Pass
1184,15,Male,2,55,0,Primary,Medium,1,5.3,45.9,37.0,Fail
1185,18,Male,12,75,1,No Schooling,Medium,0,8.5,42.5,55.7,Pass
1186,16,Female,5,60,0,Higher Secondary,Medium,1,5.5,33.7,46.1,Pass
1187,14,Male,22,73,1,Higher Secondary,Medium,1,5.9,54.1,45.2,Pass
1188,16,Male,5,78,1,No Schooling,Medium,0,4.5,42.6,16.0,Fail
1189,15,Female,13,52,0,Higher Secondary,Low,1,8.5,69.6,78.3,Pass
1190,17,Male,9,59,0,Primary,Low,1,5.4,41.1,32.8,Fail
1191,18,Female,10,50,1,Primary,Low,0,5.3,29.6,18.5,Fail
1192,14,Male,1,92,0,Higher Secondary,Medium,1,8.6,13.8,15.2,Fail
1193,18,Male,3,75,1,Higher Secondary,High,1,8.0,41.9,29.4,Fail
1194,15,Male,18,61,0,Primary,Low,1,4.7,40.4,38.1,Fail
1195,18,Female,12,63,1,Higher Secondary,Low,1,7.8,37.3,48.2,Pass
1196,14,Male,29,74,0,Graduate,Medium,1,8.6,80.0,78.6,Pass
1197,15,Male,3,57,0,Secondary,High,0,4.4,16.9,4.9,Fail
1198,18,Female,26,92,1,Graduate,Low,0,8.1,68.7,72.0,Pass
1199,17,Female,25,53,1,Higher Secondary,Low,0,6.7,63.9,59.6,Pass
1200,15,Male,29,77,1,Higher Secondary,High,0,7.3,62.5,67.5,Pass
1201,15,Female,9,56,1,Secondary,Medium,0,6.5,20.4,25.7,Fail
1202,17,Male,26,59,0,Higher Secondary,High,1,7.5,66.3,76.3,Pass
1203,16,Male,2,100,1,Secondary,Medium,1,4.2,48.5,31.7,Fail
1204,14,Female,3,85,1,Primary,Low,0,7.8,27.2,33.7,Fail
1205,16,Female,14,51,0,Secondary,High,0,4.2,30.0,21.5,Fail
1206,18,Female,4,75,0,Secondary,High,0,6.3,17.5,28.5,Fail
1207,17,Male,25,99,1,Graduate,Low,1,4.8,82.3,85.5,Pass
1208,16,Female,19,63,0,Higher Secondary,Low,1,8.1,71.6,66.0,Pass
1209,15,Male,13,65,1,Primary,Medium,1,5.6,56.3,44.4,Pass
1210,18,Female,7,92,0,No Schooling,Low,1,6.3,42.2,29.9,Fail
1211,18,Male,12,91,1,Secondary,Low,1,6.1,60.5,53.0,Pass
1212,16,Female,3,66,0,No Schooling,High,1,7.9,21.0,34.2,Fail
1213,16,Male,23,95,1,Higher Secondary,Medium,0,6.4,69.7,64.5,Pass
1214,17,Female,23,71,1,Secondary,Low,1,7.9,52.9,68.5,Pass
1215,14,Male,9,53,0,No Schooling,High,0,4.4,28.2,20.2,Fail
1216,16,Female,2,68,0,Graduate,Low,0,5.0,34.2,25.3,Fail
1217,16,Female,29,51,1,No Schooling,Low,1,6.8,74.9,76.0,Pass
1218,15,Male,22,88,1,Graduate,Low,1,8.7,73.1,73.6,Pass
1219,18,Female,9,58,0,Primary,Low,1,4.4,40.1,33.9,Fail
1220,14,Male,12,68,0,Higher Secondary,Medium,1,4.2,36.0,46.2,Pass
1221,15,Male,12,65,0,No Schooling,High,1,4.8,43.9,51.8,Pass
1222,17,Female,15,74,0,Secondary,High,1,7.2,57.5,53.7,Pass
1223,17,Male,2,97,0,Higher Secondary,Low,1,6.0,34.7,25.5,Fail
1224,16,Female,18,67,0,No Schooling,High,1,8.1,50.1,49.4,Pass
1225,16,Female,13,72,0,Secondary,Low,0,4.4,36.4,45.8,Pass
1226,17,Male,14,70,0,Secondary,High,0,5.0,39.2,35.4,Fail
1227,16,Female,5,60,0,Secondary,Medium,1,5.5,22.8,12.6,Fail
1228,14,Male,26,88,1,Secondary,Medium,0,7.1,68.6,60.0,Pass
1229,16,Male,10,90,0,No Schooling,High,1,7.4,43.8,48.5,Pass
1230,18,Female,12,53,0,Primary,Low,0,4.6,19.2,15.7,Fail
1231,16,Female,10,74,1,Graduate,Low,0,8.7,66.2,55.0,Pass
1232,15,Male,24,81,1,Graduate,Low,1,5.7,57.9,61.6,Pass
1233,14,Male,11,79,1,Graduate,Low,1,7.6,46.9,32.6,Fail
1234,15,Female,25,94,1,Primary,Medium,1,6.6,74.3,74.0,Pass
1235,15,Female,2,75,1,Secondary,Low,0,5.1,23.2,19.0,Fail
1236,18,Female,5,85,1,Secondary,Low,0,8.2,35.1,19.6,Fail
1237,14,Female,7,100,0,Higher Secondary,Low,1,8.1,37.3,39.3,Fail
1238,14,Male,6,83,1,Graduate,Low,0,6.0,44.2,41.7,Pass
1239,14,Female,22,58,1,Graduate,Medium,1,6.9,58.2,62.3,Pass
1240,14,Male,23,61,1,Secondary,High,0,5.3,63.0,66.6,Pass
1241,14,Male,3,51,0,Graduate,High,1,7.4,39.5,37.0,Fail
1242,18,Female,13,87,1,Secondary,Low,0,5.5,45.8,50.3,Pass
1243,16,Male,3,54,0,Secondary,Low,1,8.2,33.4,24.7,Fail
1244,15,Female,26,54,1,Secondary,High,1,5.1,78.6,62.9,Pass
1245,14,Male,25,71,1,No Schooling,Medium,1,4.1,65.6,55.0,Pass
1246,16,Female,24,54,0,No Schooling,Medium,0,5.3,59.1,54.5,Pass
1247,16,Male,21,53,0,No Schooling,Medium,1,5.0,47.7,67.6,Pass
1248,15,Male,6,58,1,No Schooling,Medium,0,6.5,41.4,31.0,Fail
1249,18,Female,11,78,0,Primary,Medium,1,5.0,39.9,34.6,Fail
1250,17,Female,28,71,0,Higher Secondary,Medium,1,7.8,75.3,75.1,Pass
1251,17,Male,26,76,1,Higher Secondary,Medium,1,5.2,79.8,72.1,Pass
1252,16,Male,17,59,1,Secondary,Medium,0,7.5,34.4,57.8,Pass
1253,15,Female,10,65,1,Graduate,Medium,0,6.9,30.8,21.0,Fail
1254,17,Male,12,91,0,No Schooling,Low,0,8.9,38.2,60.7,Pass
1255,16,Female,17,91,1,Higher Secondary,Medium,1,9.0,71.6,68.5,Pass
1256,18,Male,4,100,1,Higher Secondary,Low,0,8.3,27.2,37.2,Fail
1257,17,Female,2,59,0,No Schooling,High,1,7.8,29.0,28.5,Fail
1258,16,Male,11,55,0,Primary,Low,1,5.9,45.3,49.6,Pass
1259,16,Female,7,98,1,Primary,High,1,7.8,49.6,37.2,Fail
1260,14,Female,2,54,0,Higher Secondary,Low,1,8.8,36.9,23.5,Fail
1261,18,Male,26,55,1,Primary,High,1,4.1,44.3,73.0,Pass
1262,14,Female,18,96,0,No Schooling,Low,0,6.7,61.9,74.9,Pass
1263,15,Male,21,74,1,Higher Secondary,Low,0,5.1,54.9,47.4,Pass
1264,14,Female,4,100,0,No Schooling,High,1,6.8,25.9,32.6,Fail
1265,14,Female,8,99,0,Primary,Medium,1,6.3,35.9,44.8,Pass
1266,17,Female,20,53,0,No Schooling,Medium,0,6.9,61.6,66.5,Pass
1267,16,Male,14,89,0,Primary,Medium,1,6.8,59.0,53.1,Pass
1268,18,Female,12,97,1,Primary,Medium,1,8.8,63.1,74.2,Pass
1269,14,Male,22,81,0,No Schooling,Medium,1,6.8,71.9,74.4,Pass
1270,18,Female,21,100,1,Primary,Low,1,8.2,55.9,52.8,Pass
1271,14,Male,27,84,0,Secondary,Medium,0,5.6,68.2,66.1,Pass
1272,15,Male,18,59,0,No Schooling,Low,1,6.2,60.7,49.7,Pass
1273,14,Male,11,83,1,Secondary,High,0,6.4,40.4,39.9,Fail
1274,17,Female,29,85,0,No Schooling,Medium,0,5.4,82.6,78.1,Pass
1275,16,Male,28,55,0,Primary,Medium,0,5.9,52.4,67.0,Pass
1276,15,Female,8,92,1,Primary,Medium,0,7.0,43.8,47.0,Pass
1277,14,Male,2,95,0,Higher Secondary,Medium,1,6.9,40.5,37.3,Fail
1278,18,Male,25,65,1,Higher Secondary,Low,1,7.2,72.5,75.0,Pass
1279,15,Male,15,68,0,Secondary,Low,1,5.8,45.0,54.3,Pass
1280,15,Male,9,83,0,Primary,Low,0,5.6,48.5,41.2,Pass
1281,14,Female,19,74,0,Higher Secondary,High,0,7.1,55.0,37.6,Fail
1282,15,Male,20,80,1,Primary,Low,0,4.7,40.6,62.9,Pass
1283,18,Male,8,98,0,No Schooling,Medium,1,5.3,64.8,44.4,Pass
1284,15,Female,25,90,0,Higher Secondary,High,1,4.2,59.9,66.5,Pass
1285,18,Male,19,66,0,Secondary,High,1,4.4,72.5,61.3,Pass
1286,14,Male,5,96,0,Higher Secondary,Medium,0,5.2,34.7,42.2,Pass
1287,16,Male,11,79,0,Primary,Medium,0,4.1,36.8,28.1,Fail
1288,15,Male,15,88,0,Graduate,Medium,1,5.2,57.9,47.3,Pass
1289,16,Female,8,80,0,Graduate,Medium,0,7.3,29.0,28.6,Fail
1290,18,Female,19,68,0,Primary,Low,0,4.3,30.0,42.8,Pass
1291,15,Male,23,84,0,No Schooling,High,1,6.2,63.6,65.8,Pass
1292,17,Female,27,78,1,Higher Secondary,Medium,0,8.6,70.7,78.9,Pass
1293,16,Female,8,50,0,Graduate,Low,0,8.0,42.4,42.5,Pass
1294,15,Male,26,53,1,No Schooling,Medium,1,5.5,51.0,65.5,Pass
1295,16,Female,27,77,1,Primary,Low,0,8.6,72.4,83.0,Pass
1296,15,Male,19,67,1,No Schooling,Medium,0,5.6,50.6,64.4,Pass
1297,14,Female,18,75,0,Primary,Medium,0,4.4,49.8,52.3,Pass
1298,16,Female,10,89,1,Higher Secondary,Medium,0,9.0,54.4,54.2,Pass
1299,17,Female,29,68,1,No Schooling,Low,1,8.4,66.8,87.5,Pass
1300,17,Male,7,55,1,Higher Secondary,Medium,1,6.3,36.7,44.8,Pass
1301,18,Female,28,50,0,No Schooling,Low,0,7.3,67.9,76.0,Pass
1302,15,Male,9,57,1,Primary,Low,1,7.4,48.9,34.3,Fail
1303,16,Male,1,82,0,Primary,High,1,5.0,18.9,4.7,Fail
1304,18,Female,19,100,1,No Schooling,Low,1,5.0,60.4,62.3,Pass
1305,16,Male,5,92,1,Primary,Low,0,6.3,36.7,38.8,Fail
1306,15,Female,19,70,0,Secondary,Low,0,8.6,57.6,54.3,Pass
1307,17,Male,1,73,0,Secondary,Low,1,4.0,25.9,24.0,Fail
1308,14,Male,15,74,1,Higher Secondary,Low,1,7.9,53.5,46.3,Pass
1309,17,Female,16,96,1,Secondary,High,1,4.3,73.3,66.5,Pass
1310,18,Female,23,92,1,Secondary,Medium,1,6.4,66.7,70.9,Pass
1311,14,Female,7,68,0,Graduate,High,0,7.2,45.6,46.3,Pass
1312,18,Female,26,78,0,Graduate,High,1,7.4,51.3,63.1,Pass
1313,15,Male,12,59,1,Graduate,Medium,0,4.3,34.8,33.3,Fail
1314,14,Male,8,61,1,Graduate,Low,0,6.1,19.6,23.8,Fail
1315,18,Male,5,82,0,Primary,Medium,0,6.9,33.3,41.5,Pass
1316,15,Female,10,56,0,Higher Secondary,Low,0,4.3,39.3,40.1,Pass
1317,17,Male,28,66,1,Higher Secondary,Medium,0,4.7,63.2,69.9,Pass
1318,15,Female,21,59,0,Secondary,High,0,7.3,44.5,53.0,Pass
1319,16,Male,5,80,1,Higher Secondary,Low,0,6.6,20.9,29.7,Fail
1320,15,Female,17,55,0,Secondary,High,1,4.8,63.8,65.3,Pass
1321,15,Male,26,66,1,Higher Secondary,Low,0,6.7,61.6,60.8,Pass
1322,16,Male,5,99,1,No Schooling,Medium,1,8.6,40.7,43.5,Pass
1323,18,Female,22,86,1,No Schooling,Medium,1,4.1,82.4,70.2,Pass
1324,18,Male,15,67,0,Higher Secondary,Medium,1,7.2,44.1,49.6,Pass
1325,15,Female,13,75,1,Primary,Medium,1,4.4,40.9,46.9,Pass
1326,16,Male,28,98,1,Secondary,Medium,1,4.0,72.3,59.0,Pass
1327,16,Male,1,65,0,Higher Secondary,High,0,4.8,12.4,5.3,Fail
1328,17,Female,11,57,1,Secondary,High,0,6.1,25.9,26.4,Fail
1329,18,Female,23,73,1,Graduate,Low,1,8.0,57.5,56.7,Pass
1330,14,Male,1,62,1,Higher Secondary,High,1,5.4,52.2,37.3,Fail
1331,18,Male,11,78,0,Primary,Low,1,7.1,33.4,50.9,Pass
1332,18,Male,18,81,0,Graduate,Low,0,6.1,36.4,53.0,Pass
1333,17,Male,18,73,0,Higher Secondary,High,1,5.2,56.7,50.0,Pass
1334,14,Male,21,65,0,No Schooling,High,0,6.6,50.2,61.8,Pass
1335,17,Male,26,60,1,Higher Secondary,Low,0,8.0,66.6,70.0,Pass
1336,14,Female,16,81,0,No Schooling,High,1,8.2,47.8,54.1,Pass
1337,15,Female,13,55,0,No Schooling,High,0,8.2,27.3,28.8,Fail
1338,14,Female,7,84,0,Higher Secondary,High,0,5.7,52.4,33.3,Fail
1339,17,Male,1,82,1,Higher Secondary,Medium,0,8.0,13.0,24.1,Fail
1340,18,Male,26,67,1,No Schooling,Medium,1,5.1,70.7,69.6,Pass
1341,14,Male,16,86,1,Secondary,Low,1,7.7,64.7,65.0,Pass
1342,14,Female,1,62,0,Graduate,High,1,8.7,33.3,44.0,Pass
1343,16,Female,17,59,1,Primary,Low,1,4.1,48.2,45.5,Pass
1344,18,Male,6,86,1,Higher Secondary,High,1,6.2,30.3,28.6,Fail
1345,15,Male,2,75,0,Graduate,Medium,1,7.2,45.5,51.7,Pass
1346,17,Female,17,95,1,Graduate,High,1,7.5,57.5,57.2,Pass
1347,15,Female,6,66,0,Secondary,High,1,4.9,49.1,33.7,Fail
1348,18,Female,14,50,0,Graduate,High,0,8.9,39.7,51.6,Pass
1349,14,Male,18,74,1,Higher Secondary,Medium,1,7.1,52.4,52.5,Pass
1350,14,Male,6,83,0,Graduate,Medium,0,4.8,37.8,26.7,Fail
1351,18,Male,10,88,0,Higher Secondary,Medium,0,4.1,52.9,45.4,Pass
1352,14,Female,24,59,0,Higher Secondary,Low,1,7.9,59.5,71.0,Pass
1353,14,Female,18,69,0,No Schooling,High,0,4.4,40.3,34.6,Fail
1354,14,Male,27,56,0,Secondary,Medium,0,4.7,39.4,41.4,Pass
1355,17,Male,9,65,0,Primary,Low,1,6.9,33.8,35.1,Fail
1356,17,Female,8,86,1,No Schooling,Medium,0,7.0,48.9,35.3,Fail
1357,16,Male,28,78,0,Primary,High,1,7.4,60.3,57.3,Pass
1358,15,Female,10,61,0,Higher Secondary,Low,0,6.0,40.1,39.3,Fail
1359,18,Female,17,66,0,No Schooling,Medium,0,7.9,45.6,59.3,Pass
1360,18,Male,23,97,0,Graduate,Medium,1,8.9,76.1,81.0,Pass
1361,18,Female,29,69,1,Graduate,Low,0,5.4,43.8,55.1,Pass
1362,16,Male,26,75,1,Primary,Low,0,7.5,50.3,70.2,Pass
1363,17,Female,6,97,0,Higher Secondary,Low,1,8.6,38.5,52.1,Pass
1364,16,Female,14,68,1,Primary,Low,1,7.4,68.1,64.9,Pass
1365,18,Male,22,96,0,Secondary,Low,0,7.4,54.3,56.1,Pass
1366,15,Female,22,61,0,Graduate,Medium,0,5.1,50.0,66.2,Pass
1367,14,Male,6,70,0,No Schooling,Low,1,6.7,56.5,58.9,Pass
1368,17,Male,26,91,0,No Schooling,Low,0,6.8,70.6,73.3,Pass
1369,17,Female,7,83,1,No Schooling,High,1,7.5,52.0,55.6,Pass
1370,16,Male,12,56,1,Graduate,Medium,1,9.0,36.4,36.0,Fail
1371,17,Male,3,94,0,Higher Secondary,High,1,4.2,49.5,20.6,Fail
1372,18,Male,14,84,0,Graduate,Medium,0,4.3,59.5,44.3,Pass
1373,18,Male,22,64,1,Graduate,Medium,0,4.4,60.2,60.7,Pass
1374,16,Male,19,50,1,No Schooling,Medium,0,7.7,45.6,51.2,Pass
1375,18,Male,23,75,0,Graduate,Low,1,4.7,67.6,72.3,Pass
1376,15,Female,16,84,1,No Schooling,High,0,7.1,35.9,31.0,Fail
1377,16,Male,7,74,0,Higher Secondary,Medium,1,5.6,48.6,29.8,Fail
1378,15,Female,8,91,1,Secondary,Medium,0,6.3,33.8,40.3,Pass
1379,14,Female,18,64,1,No Schooling,Medium,1,5.1,51.4,39.9,Fail
1380,15,Male,25,71,1,Primary,High,1,8.3,80.0,75.8,Pass
1381,14,Female,13,55,1,Secondary,Medium,0,6.9,50.0,48.9,Pass
1382,14,Female,21,64,0,Higher Secondary,High,1,8.7,39.5,45.7,Pass
1383,15,Male,9,73,0,Secondary,High,0,6.9,25.9,35.6,Fail
1384,16,Male,10,70,1,No Schooling,Low,0,4.6,45.4,24.3,Fail
1385,18,Male,21,56,0,Higher Secondary,Medium,0,4.9,30.9,55.9,Pass
1386,18,Female,23,78,1,Primary,Medium,0,8.9,75.1,71.5,Pass
1387,14,Female,27,81,1,No Schooling,High,0,7.6,69.0,70.8,Pass
1388,14,Male,9,81,0,No Schooling,High,1,4.2,56.9,67.9,Pass
1389,16,Male,15,54,0,Higher Secondary,Low,0,7.5,31.3,28.9,Fail
1390,17,Female,20,53,0,Higher Secondary,Medium,1,6.1,44.3,41.5,Pass
1391,15,Female,2,71,1,Secondary,High,0,5.5,37.6,42.0,Pass
1392,14,Female,25,67,0,Primary,Medium,1,4.8,59.6,49.1,Pass
1393,18,Female,13,84,0,Secondary,Medium,1,8.2,37.3,46.6,Pass
1394,16,Male,2,66,0,Secondary,Medium,0,4.3,28.4,18.9,Fail
1395,15,Female,19,99,0,No Schooling,High,1,5.4,47.3,37.1,Fail
1396,16,Female,26,99,1,Higher Secondary,Medium,0,5.5,86.1,83.3,Pass
1397,15,Female,2,73,1,No Schooling,High,0,4.8,29.7,29.6,Fail
1398,15,Female,3,51,1,Primary,Low,0,6.5,13.9,18.6,Fail
1399,14,Male,6,62,1,Secondary,Low,1,4.1,47.1,54.5,Pass
1400,16,Male,3,64,1,Primary,High,1,5.5,43.3,28.8,Fail
1401,16,Female,10,54,1,Higher Secondary,Medium,1,8.7,39.2,48.9,Pass
1402,18,Female,24,52,1,Higher Secondary,Low,1,5.6,82.4,78.0,Pass
1403,18,Male,27,86,0,Graduate,Low,0,5.8,88.8,89.6,Pass
1404,14,Male,6,86,1,Primary,High,0,6.4,41.0,33.0,Fail
1405,14,Female,23,86,1,No Schooling,High,1,6.8,79.0,62.9,Pass
1406,17,Female,16,52,1,Primary,High,1,8.0,60.7,53.4,Pass
1407,18,Male,17,84,1,Secondary,High,0,5.0,42.4,44.5,Pass
1408,15,Male,19,72,0,Higher Secondary,High,1,8.4,58.0,65.5,Pass
1409,16,Male,3,77,1,Higher Secondary,High,0,7.8,23.8,26.2,Fail
1410,14,Male,18,79,1,Primary,High,1,7.6,50.5,55.5,Pass
1411,16,Male,7,67,0,Primary,Medium,1,4.4,36.8,46.8,Pass
1412,16,Male,9,85,1,Primary,Medium,1,4.1,49.0,41.3,Pass
1413,17,Female,20,82,1,Secondary,Medium,0,7.0,41.5,45.0,Pass
1414,18,Male,12,75,1,Secondary,Medium,0,8.3,46.9,51.2,Pass
1415,14,Male,5,97,1,No Schooling,Low,1,6.9,42.1,23.8,Fail
1416,16,Male,3,89,1,Primary,Medium,1,5.1,53.2,26.7,Fail
1417,14,Male,11,66,1,No Schooling,Low,1,4.5,55.9,46.7,Pass
1418,15,Female,25,89,1,Graduate,Low,1,7.5,63.6,59.7,Pass
1419,17,Female,4,56,0,Secondary,Low,1,7.6,40.9,32.0,Fail
1420,15,Male,5,57,0,Higher Secondary,High,1,4.9,35.0,38.4,Fail
1421,14,Female,1,80,1,Graduate,Low,1,4.1,31.3,28.7,Fail
1422,14,Female,27,61,0,Higher Secondary,Low,1,6.0,58.7,63.4,Pass
1423,18,Female,28,97,1,Graduate,Low,0,6.9,62.6,68.9,Pass
1424,16,Female,29,80,0,No Schooling,High,0,7.5,55.3,62.0,Pass
1425,16,Female,18,93,1,No Schooling,Medium,0,8.0,39.6,54.6,Pass
1426,15,Female,12,68,0,Secondary,Medium,0,7.1,38.6,47.6,Pass
1427,17,Male,13,59,1,Higher Secondary,Low,1,4.6,24.6,38.6,Fail
1428,16,Male,9,88,0,Graduate,Low,0,7.4,31.2,42.4,Pass
1429,18,Male,2,61,0,Primary,Medium,0,8.9,27.9,29.5,Fail
1430,15,Male,5,69,1,Primary,Medium,1,8.5,51.1,39.3,Fail
1431,15,Male,13,86,1,Secondary,Medium,0,8.4,36.8,41.2,Pass
1432,18,Female,16,97,0,Higher Secondary,Medium,0,5.5,59.2,55.9,Pass
1433,17,Male,16,90,0,Primary,Low,0,7.8,47.9,45.5,Pass
1434,18,Male,24,56,1,Secondary,Low,0,8.3,50.6,72.6,Pass
1435,17,Female,3,63,0,Secondary,Low,0,7.4,24.9,39.3,Fail
1436,18,Female,22,60,1,Higher Secondary,Medium,1,5.3,52.5,54.5,Pass
1437,18,Male,4,56,0,Primary,High,1,8.8,27.0,38.2,Fail
1438,14,Female,11,78,0,Primary,Medium,1,6.3,45.6,48.2,Pass
1439,15,Female,23,59,1,Primary,Medium,0,4.6,66.8,60.0,Pass
1440,18,Female,26,78,1,No Schooling,High,0,4.5,79.2,77.0,Pass
1441,18,Female,14,58,1,Primary,High,0,7.2,35.4,34.9,Fail
1442,16,Male,29,85,0,Graduate,Medium,1,6.2,71.3,66.4,Pass
1443,15,Female,3,97,0,No Schooling,High,0,4.5,41.6,36.6,Fail
1444,16,Male,16,59,0,No Schooling,High,0,7.7,39.9,49.9,Pass
1445,15,Male,22,68,1,No Schooling,High,0,8.0,63.5,86.9,Pass
1446,16,Female,15,80,0,No Schooling,Medium,0,7.6,55.5,53.2,Pass
1447,18,Female,28,66,0,Secondary,Medium,1,5.0,77.0,70.4,Pass
1448,18,Female,10,58,1,Graduate,High,1,7.4,41.3,49.0,Pass
1449,14,Male,9,94,0,Higher Secondary,Low,0,4.1,30.1,30.0,Fail
1450,16,Female,11,82,0,Primary,High,1,5.5,44.4,36.9,Fail
1451,17,Female,16,83,1,No Schooling,High,1,6.0,51.8,46.4,Pass
1452,14,Female,10,94,1,Higher Secondary,Medium,1,8.2,59.0,51.8,Pass
1453,16,Female,17,73,1,Secondary,Low,0,6.0,65.7,68.7,Pass
1454,16,Female,19,58,1,Higher Secondary,High,1,4.1,69.4,65.2,Pass
1455,14,Male,2,56,1,No Schooling,Low,1,5.8,36.7,23.9,Fail
1456,18,Female,24,65,1,Graduate,Medium,0,6.5,49.2,71.2,Pass
1457,16,Female,23,68,1,Higher Secondary,Low,1,8.7,76.9,67.7,Pass
1458,18,Female,2,88,1,No Schooling,Medium,1,8.7,41.7,31.2,Fail
1459,14,Male,6,55,1,No Schooling,High,1,4.9,25.3,35.2,Fail
1460,18,Female,19,99,0,Primary,Medium,0,4.9,66.8,73.1,Pass
1461,15,Male,8,100,1,Primary,Low,0,4.8,42.8,40.7,Pass
1462,17,Male,26,60,1,Graduate,Low,1,7.9,45.5,47.3,Pass
1463,16,Female,29,61,0,Primary,Low,0,4.0,52.0,60.0,Pass
1464,17,Female,3,91,1,Graduate,High,0,4.6,34.1,17.4,Fail
1465,18,Female,26,62,0,Secondary,Low,0,6.7,56.6,82.7,Pass
1466,16,Male,14,61,0,Secondary,Low,1,5.2,33.7,40.0,Pass
1467,18,Male,25,70,1,Primary,Low,1,4.5,74.0,76.2,Pass
1468,15,Male,16,59,0,Secondary,Medium,0,5.8,46.9,44.9,Pass
1469,14,Male,1,69,1,Higher Secondary,Low,1,5.4,15.8,31.2,Fail
1470,16,Male,21,99,1,Higher Secondary,Medium,0,6.6,90.5,75.0,Pass
1471,15,Male,3,85,0,Higher Secondary,Low,0,8.9,17.9,16.9,Fail
1472,15,Female,22,77,0,Secondary,Medium,1,4.6,56.5,59.5,Pass
1473,16,Female,26,73,0,Higher Secondary,Medium,0,5.9,64.7,73.7,Pass
1474,18,Male,18,54,1,Graduate,High,0,8.7,41.7,66.9,Pass
1475,15,Female,9,86,1,No Schooling,High,0,8.4,56.8,64.3,Pass
1476,17,Female,6,61,0,Primary,Medium,0,6.0,25.5,36.9,Fail
1477,15,Male,23,84,1,Graduate,Medium,1,7.5,58.5,57.0,Pass
1478,18,Male,21,89,1,Higher Secondary,High,0,4.4,67.3,56.8,Pass
1479,18,Female,25,51,0,No Schooling,Medium,1,7.6,28.8,39.4,Fail
1480,17,Male,1,99,0,Primary,High,0,8.9,36.5,32.2,Fail
1481,15,Male,21,90,0,Graduate,High,1,6.7,76.4,55.4,Pass
1482,18,Female,27,94,0,Primary,Low,0,6.5,45.6,67.7,Pass
1483,16,Male,10,88,0,Secondary,Low,0,4.9,37.4,28.1,Fail
1484,14,Female,27,91,0,Higher Secondary,High,1,7.2,56.3,54.8,Pass
1485,14,Female,6,58,0,Graduate,High,1,7.0,31.5,28.9,Fail
1486,14,Female,23,71,0,Graduate,Medium,0,7.3,78.2,63.3,Pass
1487,15,Female,12,96,0,No Schooling,High,0,4.1,49.1,49.1,Pass
1488,17,Female,4,54,0,No Schooling,High,0,6.7,20.0,15.5,Fail
1489,18,Male,28,61,1,No Schooling,Low,0,7.0,35.1,55.9,Pass
1490,16,Male,13,50,1,Primary,High,0,5.0,26.4,39.6,Fail
1491,16,Male,17,93,0,Higher Secondary,Medium,1,5.0,57.1,49.5,Pass
1492,15,Male,27,71,1,Primary,High,1,5.4,70.7,64.8,Pass
1493,14,Female,8,87,1,Higher Secondary,Low,0,7.6,44.5,35.8,Fail
1494,15,Female,26,100,1,Graduate,Low,1,7.0,84.7,71.4,Pass
1495,17,Male,20,68,1,Primary,Low,1,8.2,49.3,52.1,Pass
1496,17,Female,3,65,1,Primary,Low,0,5.5,27.4,26.0,Fail
1497,18,Male,12,80,1,Primary,High,1,8.6,45.0,35.9,Fail
1498,18,Male,7,100,0,Secondary,Medium,0,7.7,31.1,28.4,Fail
1499,17,Male,12,52,0,Higher Secondary,Medium,1,6.0,29.9,36.0,Fail
1500,17,Female,2,72,1,Higher Secondary,Medium,1,4.5,38.0,30.1,Fail
1501,17,Female,24,91,1,Primary,High,1,5.3,45.7,31.6,Fail
1502,15,Female,14,67,0,Secondary,High,1,8.8,27.5,43.3,Pass
1503,17,Female,22,75,1,Primary,High,1,5.6,95.2,91.3,Pass
1504,16,Male,23,62,1,Higher Secondary,Medium,0,5.6,49.5,50.2,Pass
1505,14,Female,5,67,1,Graduate,High,1,4.9,50.3,26.2,Fail
1506,17,Female,9,52,1,Secondary,High,0,8.0,31.5,29.6,Fail
1507,14,Female,21,72,1,Secondary,Low,1,5.4,55.5,50.2,Pass
1508,15,Male,11,52,0,Primary,Low,1,5.7,43.7,51.5,Pass
1509,14,Male,5,74,0,Graduate,Medium,1,6.1,35.5,23.9,Fail
1510,15,Female,3,76,1,Higher Secondary,Low,0,6.2,28.5,24.1,Fail
1511,16,Female,27,93,0,No Schooling,Low,1,6.1,73.0,86.1,Pass
1512,15,Female,17,76,1,Higher Secondary,Low,1,6.5,60.2,58.8,Pass
1513,15,Female,2,88,1,Higher Secondary,High,0,8.1,25.5,28.2,Fail
1514,18,Male,24,74,1,Graduate,Low,0,8.1,56.4,62.0,Pass
1515,17,Female,1,73,1,Secondary,Low,0,8.0,16.6,28.2,Fail
1516,17,Female,7,57,1,Higher Secondary,Low,1,4.5,23.5,28.3,Fail
1517,16,Female,14,58,1,Secondary,High,1,8.0,64.9,74.6,Pass
1518,16,Male,5,95,1,Graduate,Medium,1,4.6,34.9,46.2,Pass
1519,17,Male,19,86,1,Graduate,High,1,4.6,72.3,66.6,Pass
1520,18,Female,28,79,1,Primary,High,0,8.7,65.1,71.6,Pass
1521,17,Female,28,68,0,No Schooling,Low,0,8.1,67.8,74.1,Pass
1522,18,Female,11,65,1,Graduate,Medium,1,6.8,44.0,38.8,Fail
1523,16,Female,23,73,0,Graduate,Low,0,8.4,38.5,52.6,Pass
1524,14,Female,25,93,0,Secondary,Low,0,8.9,65.7,58.6,Pass
1525,16,Male,2,70,1,Graduate,Medium,0,7.1,33.1,24.3,Fail
1526,16,Male,8,85,0,Higher Secondary,Medium,1,7.1,33.0,41.0,Pass
1527,15,Male,9,89,1,Primary,High,0,7.8,66.4,60.7,Pass
1528,15,Female,27,88,1,Primary,Medium,1,5.2,83.0,76.6,Pass
1529,15,Male,3,96,1,Higher Secondary,High,1,4.8,49.5,41.2,Pass
1530,15,Male,2,55,1,Graduate,High,1,7.8,36.8,45.1,Pass
1531,18,Male,7,54,0,No Schooling,Low,0,5.7,3.4,11.4,Fail
1532,17,Female,5,63,0,Graduate,Low,0,4.7,33.4,18.2,Fail
1533,14,Female,21,94,1,Primary,Low,0,5.6,85.5,79.8,Pass
1534,16,Male,26,91,0,No Schooling,Medium,0,5.8,73.9,76.4,Pass
1535,18,Female,5,99,0,Secondary,Medium,1,8.8,39.6,44.4,Pass
1536,14,Male,20,53,0,Secondary,High,1,7.5,39.7,39.2,Fail
1537,18,Male,13,57,1,Graduate,High,1,6.7,32.5,25.9,Fail
1538,18,Male,21,73,0,Graduate,High,0,8.8,40.1,53.5,Pass
1539,16,Male,29,60,0,No Schooling,Medium,0,8.5,57.5,69.5,Pass
1540,17,Female,20,66,0,No Schooling,High,0,6.6,39.1,44.5,Pass
1541,15,Female,29,99,1,Graduate,High,1,8.5,79.7,92.8,Pass
1542,17,Female,6,70,0,Primary,Medium,1,6.0,37.0,34.1,Fail
1543,16,Female,20,75,0,Secondary,Low,0,5.2,35.3,53.3,Pass
1544,16,Male,18,92,1,No Schooling,Medium,1,5.2,54.9,60.6,Pass
1545,16,Female,25,97,0,Primary,High,1,7.3,65.8,59.5,Pass
1546,14,Male,2,93,1,Graduate,Low,0,6.5,27.8,19.0,Fail
1547,17,Female,25,94,1,Higher Secondary,Medium,0,7.3,68.9,59.8,Pass
1548,17,Female,26,76,1,No Schooling,Low,1,7.4,71.0,75.7,Pass
1549,18,Female,6,65,1,Higher Secondary,Low,0,4.1,27.3,26.9,Fail
1550,18,Male,9,75,1,Primary,High,1,4.3,37.3,45.5,Pass
1551,18,Male,25,82,1,Secondary,Medium,0,6.7,64.9,71.7,Pass
1552,16,Male,3,80,0,Primary,High,1,5.0,47.9,26.8,Fail
1553,17,Male,1,97,1,Secondary,Medium,0,7.2,19.0,17.1,Fail
1554,16,Female,1,96,0,Primary,Medium,0,6.8,41.6,17.0,Fail
1555,14,Male,19,55,0,No Schooling,Medium,0,6.9,28.7,43.0,Pass
1556,18,Male,5,93,1,No Schooling,Low,1,5.5,47.0,61.1,Pass
1557,16,Female,13,57,0,Higher Secondary,Low,1,7.2,52.1,51.3,Pass
1558,16,Female,19,56,0,Primary,High,0,8.1,32.1,45.8,Pass
1559,14,Male,12,83,0,Primary,Medium,1,9.0,51.4,51.1,Pass
1560,15,Female,16,93,1,Higher Secondary,Medium,1,8.2,49.4,55.1,Pass
1561,17,Male,25,63,0,Graduate,Low,0,6.8,68.1,67.8,Pass
1562,15,Female,25,65,0,Primary,Medium,0,5.0,41.0,55.5,Pass
1563,18,Male,19,92,1,Primary,High,0,7.4,50.2,48.0,Pass
1564,16,Male,3,58,0,Primary,Medium,1,8.7,28.2,23.9,Fail
1565,14,Male,12,59,0,Graduate,Medium,0,5.1,42.8,31.1,Fail
1566,14,Male,5,66,0,No Schooling,Low,1,5.3,33.2,30.0,Fail
1567,17,Male,2,61,1,Higher Secondary,Medium,1,4.7,34.3,19.0,Fail
1568,15,Female,22,55,0,Graduate,High,1,7.7,49.0,67.9,Pass
1569,17,Male,7,68,0,Secondary,High,0,6.0,20.0,21.4,Fail
1570,16,Male,13,92,1,Secondary,High,0,4.3,64.7,38.6,Fail
1571,17,Male,25,90,1,Graduate,High,1,8.4,77.5,67.5,Pass
1572,14,Male,15,78,1,Graduate,Low,1,6.8,49.0,50.6,Pass
1573,14,Male,22,55,0,No Schooling,Medium,0,5.7,33.0,49.5,Pass
1574,18,Female,3,74,1,Secondary,Low,0,5.7,41.9,37.2,Fail
1575,18,Female,28,73,1,Higher Secondary,High,0,5.5,79.5,70.1,Pass
1576,16,Male,21,74,1,Primary,Medium,0,6.3,54.5,52.5,Pass
1577,15,Female,20,65,0,Primary,Low,0,5.7,42.9,43.1,Pass
1578,17,Male,5,65,1,No Schooling,Medium,0,6.7,27.4,33.0,Fail
1579,16,Female,24,55,1,No Schooling,High,0,7.9,53.4,61.7,Pass
1580,18,Female,8,86,1,Secondary,High,0,7.4,48.5,40.8,Pass
1581,17,Male,22,70,1,Higher Secondary,Medium,0,5.5,45.6,46.3,Pass
1582,18,Female,1,53,1,Higher Secondary,Medium,1,6.6,19.6,16.3,Fail
1583,17,Female,8,83,0,Graduate,High,0,8.2,35.1,37.4,Fail
1584,15,Male,24,77,0,No Schooling,Low,0,4.3,61.7,72.1,Pass
1585,16,Male,18,87,1,Primary,High,1,4.4,69.8,63.1,Pass
1586,17,Female,20,90,1,Primary,Medium,0,6.8,63.1,59.3,Pass
1587,14,Female,28,77,1,Secondary,Low,0,7.2,85.6,79.1,Pass
1588,14,Female,16,66,0,Primary,High,1,5.1,38.9,55.9,Pass
1589,17,Male,18,63,0,Higher Secondary,Medium,0,7.7,60.5,66.5,Pass
1590,17,Female,20,56,0,Higher Secondary,Medium,1,7.2,42.3,57.8,Pass
1591,17,Female,12,71,0,No Schooling,Medium,1,8.6,40.3,50.1,Pass
1592,14,Female,13,100,1,Secondary,Low,0,4.8,56.4,49.6,Pass
1593,14,Male,13,50,1,Primary,Low,1,7.8,54.3,61.9,Pass
1594,17,Male,10,78,1,No Schooling,Low,1,4.4,42.5,27.0,Fail
1595,18,Male,7,80,1,Graduate,Low,1,6.8,46.4,54.0,Pass
1596,18,Male,25,79,0,Graduate,Medium,1,6.8,63.0,71.9,Pass
1597,15,Female,14,64,1,Primary,Medium,0,5.9,20.2,34.3,Fail
1598,16,Male,24,67,0,Primary,Low,1,8.2,60.7,59.4,Pass
1599,18,Female,16,84,0,Primary,Low,1,4.0,41.8,50.1,Pass
1600,14,Female,15,99,1,Higher Secondary,Medium,0,6.6,67.9,69.8,Pass
1601,18,Female,12,79,0,Primary,High,1,5.1,59.5,45.8,Pass
1602,15,Female,9,83,0,Graduate,High,0,7.7,30.0,29.0,Fail
1603,15,Male,8,91,1,Primary,Medium,1,4.2,37.4,25.6,Fail
1604,16,Male,18,60,0,Secondary,Low,0,8.2,38.7,51.8,Pass
1605,18,Male,23,76,0,Graduate,Low,1,8.2,67.6,68.0,Pass
1606,14,Male,18,73,1,Secondary,Medium,0,8.2,57.3,75.6,Pass
1607,14,Male,13,84,0,Graduate,High,1,4.8,83.8,54.2,Pass
1608,17,Female,28,88,0,No Schooling,Medium,0,7.2,65.3,63.3,Pass
1609,14,Male,27,57,1,Graduate,Medium,0,4.1,61.5,63.5,Pass
1610,16,Male,18,100,0,Graduate,Medium,0,8.2,76.3,75.3,Pass
1611,16,Male,15,67,1,Secondary,Low,0,7.6,48.5,55.2,Pass
1612,14,Male,4,62,0,Secondary,Low,0,6.7,13.7,20.1,Fail
1613,14,Female,17,94,0,Graduate,Low,1,7.7,62.1,62.9,Pass
1614,17,Female,5,73,1,Graduate,High,1,4.5,44.4,37.0,Fail
1615,14,Female,22,100,1,Higher Secondary,Medium,0,6.6,62.6,71.5,Pass
1616,17,Female,16,72,0,No Schooling,Medium,0,5.5,53.6,47.1,Pass
1617,17,Female,9,61,1,No Schooling,High,1,8.9,46.9,42.5,Pass
1618,14,Male,10,98,0,Primary,Low,1,8.3,44.8,50.4,Pass
1619,15,Female,24,79,1,Graduate,Medium,0,7.7,78.2,87.9,Pass
1620,15,Female,18,80,0,Graduate,High,1,8.7,48.2,48.7,Pass
1621,17,Female,17,77,0,Graduate,Low,0,5.7,53.0,54.2,Pass
1622,14,Male,18,71,0,Graduate,Low,0,8.5,42.3,47.0,Pass
1623,15,Male,7,93,0,No Schooling,Medium,0,5.6,21.5,29.7,Fail
1624,14,Female,4,77,0,Secondary,Low,1,7.7,37.7,21.9,Fail
1625,14,Male,26,62,1,Higher Secondary,High,0,7.7,79.9,75.2,Pass
1626,14,Male,5,74,1,Secondary,Low,1,4.1,37.2,26.6,Fail
1627,18,Female,28,93,0,Secondary,Medium,1,5.8,60.0,62.6,Pass
1628,14,Male,23,100,0,No Schooling,High,1,4.1,71.7,46.0,Pass
1629,18,Male,16,95,1,Higher Secondary,Low,1,9.0,52.3,71.2,Pass
1630,17,Male,3,56,1,Graduate,Low,0,4.6,34.8,8.8,Fail
1631,15,Female,26,94,1,No Schooling,Low,0,6.7,67.9,73.4,Pass
1632,15,Female,18,55,1,No Schooling,High,1,8.0,33.8,33.9,Fail
1633,15,Female,29,73,1,Higher Secondary,Low,0,5.0,73.5,63.3,Pass
1634,15,Male,23,68,0,Primary,Medium,1,6.4,62.0,64.4,Pass
1635,15,Female,21,68,0,No Schooling,High,0,7.0,48.9,60.1,Pass
1636,15,Male,14,85,1,Secondary,High,0,4.8,39.1,31.8,Fail
1637,15,Male,15,100,1,Secondary,Low,0,7.9,73.4,56.7,Pass
1638,17,Male,17,58,1,Graduate,High,0,5.5,41.4,34.7,Fail
1639,14,Female,1,97,1,No Schooling,Medium,0,5.1,42.6,34.2,Fail
1640,16,Female,25,85,1,Graduate,High,0,6.8,61.4,56.6,Pass
1641,18,Female,21,87,1,No Schooling,Medium,1,6.1,72.4,77.9,Pass
1642,16,Female,17,89,1,Higher Secondary,Low,0,8.6,55.7,48.1,Pass
1643,16,Male,23,78,1,No Schooling,High,0,8.4,61.2,69.5,Pass
1644,14,Female,25,73,1,Primary,Medium,0,6.4,54.1,72.5,Pass
1645,14,Male,11,97,0,Secondary,Low,1,5.8,55.9,49.9,Pass
1646,14,Female,17,54,1,Higher Secondary,Medium,0,5.6,58.8,41.3,Pass
1647,15,Female,26,91,1,Secondary,High,0,5.3,59.0,65.8,Pass
1648,17,Female,14,94,0,Graduate,High,0,6.7,40.9,41.8,Pass
1649,15,Male,29,75,0,Higher Secondary,Medium,1,8.0,100.0,92.5,Pass
1650,17,Male,20,63,0,Primary,Low,0,5.6,38.9,58.7,Pass
1651,17,Male,19,88,1,Secondary,Low,1,5.0,57.4,56.1,Pass
1652,16,Male,21,78,1,No Schooling,Low,1,6.4,76.7,74.6,Pass
1653,16,Male,7,55,1,No Schooling,Low,0,4.3,44.1,31.9,Fail
1654,17,Female,24,56,1,No Schooling,Medium,0,7.5,31.5,44.9,Pass
1655,17,Male,13,86,0,Higher Secondary,High,1,6.6,58.0,62.1,Pass
1656,15,Male,18,67,1,Primary,Medium,1,6.5,53.1,55.2,Pass
1657,15,Male,23,72,1,Primary,High,0,5.5,57.6,61.8,Pass
1658,16,Male,14,93,0,Primary,High,0,8.5,60.6,65.8,Pass
1659,14,Female,1,87,1,Secondary,Medium,1,4.5,32.1,38.5,Fail
1660,17,Male,7,50,1,Higher Secondary,Medium,1,8.3,28.4,23.4,Fail
1661,15,Female,8,53,1,No Schooling,Low,1,5.9,32.7,29.2,Fail
1662,16,Female,18,100,1,Secondary,High,1,8.4,61.5,73.0,Pass
1663,15,Female,9,93,0,Primary,Low,0,7.6,44.9,59.2,Pass
1664,17,Male,1,96,0,No Schooling,Low,1,4.5,48.5,33.2,Fail
1665,17,Female,29,84,0,Higher Secondary,Medium,0,8.2,73.0,79.0,Pass
1666,18,Male,22,72,0,Graduate,Low,1,7.4,59.5,65.0,Pass
1667,14,Male,17,76,1,Primary,Low,1,4.2,61.8,57.6,Pass
1668,18,Male,19,75,1,Primary,Low,0,4.7,61.8,59.9,Pass
1669,16,Male,27,57,1,Primary,Medium,0,7.2,66.4,81.0,Pass
1670,15,Male,6,92,0,Primary,Low,0,7.3,29.9,17.1,Fail
1671,16,Female,3,65,0,No Schooling,Low,0,7.7,28.2,23.3,Fail
1672,17,Female,24,90,0,Higher Secondary,Medium,1,7.6,46.8,61.5,Pass
1673,18,Male,5,52,1,Secondary,Medium,0,7.3,41.4,33.6,Fail
1674,18,Female,2,81,1,No Schooling,Medium,0,7.8,45.6,40.6,Pass
1675,18,Male,20,54,0,Higher Secondary,High,0,6.9,55.1,66.0,Pass
1676,16,Female,25,69,0,Secondary,Medium,1,5.3,75.7,84.6,Pass
1677,17,Female,4,63,1,Primary,High,1,8.6,32.2,35.1,Fail
1678,15,Female,10,81,1,Higher Secondary,Medium,0,4.1,34.8,45.7,Pass
1679,15,Female,10,75,1,Primary,Medium,1,5.8,33.0,35.9,Fail
1680,16,Female,24,96,0,Higher Secondary,Medium,1,7.6,79.9,73.8,Pass
1681,18,Male,21,55,0,Graduate,High,0,6.1,40.5,36.1,Fail
1682,14,Male,11,85,0,Primary,Low,1,4.1,43.3,31.7,Fail
1683,16,Female,27,89,0,Primary,Medium,0,4.3,69.4,68.4,Pass
1684,16,Male,16,100,1,Primary,High,0,7.2,56.6,55.6,Pass
1685,17,Female,26,54,1,No Schooling,Medium,0,8.8,60.8,69.7,Pass
1686,15,Male,29,62,1,Secondary,Low,1,6.8,52.0,77.3,Pass
1687,16,Female,29,81,0,Primary,High,0,6.5,65.5,76.3,Pass
1688,16,Female,17,65,1,Primary,Medium,1,5.6,61.2,63.5,Pass
1689,18,Female,16,50,1,No Schooling,Medium,1,5.3,42.7,59.4,Pass
1690,18,Male,7,62,1,No Schooling,Medium,1,4.1,28.5,24.8,Fail
1691,14,Male,16,60,1,Graduate,Low,1,5.4,59.5,50.9,Pass
1692,17,Female,3,57,1,Higher Secondary,High,0,6.2,20.4,31.9,Fail
1693,14,Female,26,74,0,Primary,Medium,0,5.0,63.0,68.5,Pass
1694,18,Male,16,89,1,Higher Secondary,Medium,1,4.4,56.6,51.7,Pass
1695,15,Male,8,81,1,No Schooling,High,0,7.6,39.3,38.6,Fail
1696,18,Male,12,73,0,No Schooling,Low,1,8.5,60.2,54.5,Pass
1697,17,Male,3,77,0,Graduate,Low,1,8.7,38.3,35.0,Fail
1698,18,Male,17,63,1,Secondary,Low,0,7.1,35.2,43.2,Pass
1699,17,Female,21,94,1,No Schooling,Low,1,4.3,64.0,58.0,Pass
1700,17,Male,18,52,1,Primary,Low,0,7.7,41.5,53.0,Pass
1701,17,Female,11,85,1,Graduate,Medium,1,4.6,52.2,51.6,Pass
1702,17,Female,4,76,0,Secondary,Medium,1,7.3,42.9,33.2,Fail
1703,17,Male,16,69,1,Graduate,Medium,1,7.9,53.0,61.3,Pass
1704,15,Male,17,96,0,No Schooling,High,1,7.6,59.3,48.1,Pass
1705,14,Female,9,64,1,Secondary,Low,0,8.8,13.4,29.8,Fail
1706,16,Male,6,76,1,Higher Secondary,High,1,7.7,53.0,50.3,Pass
1707,14,Female,24,94,1,Secondary,Low,1,7.5,70.5,69.8,Pass
1708,17,Male,27,90,0,Primary,Low,0,5.3,70.1,70.5,Pass
1709,15,Male,20,77,1,Higher Secondary,High,1,8.6,63.7,62.7,Pass
1710,18,Male,25,74,1,Higher Secondary,Medium,1,4.9,60.0,57.8,Pass
1711,15,Female,2,91,0,Primary,High,1,8.5,32.9,31.5,Fail
1712,17,Male,9,93,1,Higher Secondary,Medium,1,5.6,41.6,34.5,Fail
1713,15,Female,28,95,0,No Schooling,Low,1,4.7,89.3,90.7,Pass
1714,15,Male,21,82,1,Secondary,Medium,1,8.1,41.9,34.8,Fail
1715,17,Female,29,95,0,Secondary,Low,0,4.0,62.5,64.4,Pass
1716,15,Male,6,63,0,Primary,Low,1,8.2,29.7,17.3,Fail
1717,16,Female,3,57,0,No Schooling,Medium,0,5.3,36.6,22.2,Fail
1718,16,Female,20,97,1,Higher Secondary,Low,1,8.4,74.2,66.0,Pass
1719,15,Female,6,63,0,Secondary,Medium,0,7.5,11.5,31.4,Fail
1720,18,Female,7,50,0,Secondary,High,0,7.3,24.3,38.2,Fail
1721,17,Female,1,65,1,Secondary,Low,0,5.8,31.2,27.1,Fail
1722,16,Female,23,67,0,Secondary,Low,0,4.3,76.9,70.2,Pass
1723,18,Male,1,56,1,Graduate,High,1,8.2,22.9,32.7,Fail
1724,15,Female,5,64,1,Primary,Low,1,4.9,22.9,32.7,Fail
1725,18,Female,6,73,0,Higher Secondary,High,1,5.9,39.1,30.7,Fail
1726,14,Female,13,98,0,Higher Secondary,High,0,7.0,48.5,53.3,Pass
1727,16,Male,2,100,1,Primary,Low,0,6.4,40.6,26.0,Fail
1728,15,Male,15,62,0,No Schooling,High,0,5.0,48.0,43.7,Pass
1729,17,Male,15,58,0,Primary,High,0,4.7,43.1,48.3,Pass
1730,15,Female,13,64,0,Secondary,High,0,4.6,44.0,37.1,Fail
1731,17,Male,26,84,0,Secondary,Low,0,8.3,80.6,76.3,Pass
1732,15,Male,25,73,1,Primary,High,0,4.2,59.5,47.5,Pass
1733,18,Female,14,82,1,Primary,Medium,1,8.9,41.4,50.3,Pass
1734,18,Female,26,65,0,Higher Secondary,Medium,0,5.0,61.6,56.7,Pass
1735,18,Male,22,57,1,Higher Secondary,High,1,4.6,45.3,43.7,Pass
1736,14,Female,7,78,0,Graduate,Medium,1,6.9,27.7,41.3,Pass
1737,17,Female,14,72,0,Graduate,Low,0,4.4,34.4,31.6,Fail
1738,18,Female,26,94,0,Secondary,High,0,7.0,54.7,68.0,Pass
1739,14,Female,24,80,0,Graduate,Low,0,8.3,71.7,81.0,Pass
1740,17,Male,27,89,1,Graduate,Medium,0,4.2,70.7,76.4,Pass
1741,15,Female,29,98,0,No Schooling,Medium,1,8.0,85.0,81.8,Pass
1742,14,Male,10,63,1,Primary,Medium,0,6.0,42.0,37.0,Fail
1743,16,Male,17,79,0,Higher Secondary,Medium,1,4.8,52.1,43.3,Pass
1744,14,Male,14,88,1,Graduate,Low,0,4.9,60.0,39.0,Fail
1745,14,Male,8,76,1,Higher Secondary,High,1,8.6,38.0,45.7,Pass
1746,17,Female,4,96,1,Graduate,Low,1,4.6,41.1,38.8,Fail
1747,15,Female,26,65,1,Graduate,High,1,8.3,59.4,70.2,Pass
1748,16,Female,16,100,0,Secondary,Medium,1,6.7,73.0,41.9,Pass
1749,18,Male,24,55,1,No Schooling,Medium,1,4.2,59.4,58.5,Pass
1750,18,Male,13,82,0,Primary,Medium,0,6.3,50.1,53.1,Pass
1751,14,Male,22,93,1,Primary,Medium,0,8.1,58.1,72.5,Pass
1752,17,Female,27,67,1,Secondary,Low,0,7.6,72.1,76.4,Pass
1753,17,Male,25,65,1,Secondary,High,1,6.4,72.7,72.9,Pass
1754,18,Female,27,61,0,Primary,High,0,8.3,42.5,51.6,Pass
1755,16,Female,20,69,1,Primary,Medium,1,4.6,58.7,59.8,Pass
1756,15,Female,18,94,0,No Schooling,Low,1,8.5,61.4,59.5,Pass
1757,16,Female,14,89,0,Graduate,Medium,0,8.2,44.7,42.0,Pass
1758,15,Male,18,78,0,No Schooling,High,1,7.5,69.2,55.7,Pass
1759,18,Female,5,79,1,Primary,High,0,8.1,22.0,19.4,Fail
1760,15,Male,26,75,1,Graduate,Low,1,6.7,65.0,70.4,Pass
1761,17,Female,9,71,1,Primary,High,0,7.4,29.3,22.6,Fail
1762,14,Male,28,82,1,No Schooling,Low,1,6.8,84.9,79.1,Pass
1763,14,Male,3,88,1,No Schooling,Medium,0,5.8,23.6,34.0,Fail
1764,18,Female,8,96,1,No Schooling,Medium,0,6.8,25.5,18.4,Fail
1765,17,Female,20,78,1,Graduate,Low,1,5.3,65.7,65.4,Pass
1766,16,Female,22,71,0,Higher Secondary,Medium,1,6.2,57.9,64.2,Pass
1767,17,Male,10,94,1,Higher Secondary,Low,1,5.4,61.6,49.1,Pass
1768,14,Female,22,62,0,Primary,Medium,0,4.6,59.7,63.9,Pass
1769,14,Female,19,58,0,Graduate,Medium,0,5.6,45.5,47.7,Pass
1770,17,Male,21,73,1,Secondary,High,1,8.3,47.0,61.3,Pass
1771,17,Female,28,64,1,Higher Secondary,High,0,5.9,52.2,52.3,Pass
1772,14,Male,3,85,0,Graduate,Low,0,7.7,12.3,34.1,Fail
1773,16,Female,11,62,0,Graduate,Medium,1,4.9,38.7,49.4,Pass
1774,18,Male,11,76,1,Higher Secondary,Medium,0,6.1,35.7,19.7,Fail
1775,18,Male,17,93,0,Graduate,Medium,0,4.6,51.6,59.5,Pass
1776,17,Female,16,86,0,Graduate,High,0,4.7,51.5,44.7,Pass
1777,18,Male,7,56,0,Higher Secondary,Low,1,7.1,51.3,56.4,Pass
1778,14,Female,4,57,0,No Schooling,Low,0,7.0,28.9,37.0,Fail
1779,14,Female,23,86,1,Primary,Low,1,5.1,69.0,57.2,Pass
1780,17,Male,19,90,1,Secondary,Medium,0,6.4,42.9,53.2,Pass
1781,17,Female,12,63,0,Primary,Low,0,8.3,37.2,36.3,Fail
1782,17,Male,15,61,0,No Schooling,High,0,4.9,49.6,51.9,Pass
1783,16,Male,11,85,0,No Schooling,High,0,4.1,45.9,41.6,Pass
1784,18,Male,5,89,1,Graduate,Low,0,7.3,26.7,22.9,Fail
1785,17,Male,5,66,1,Primary,Medium,1,4.3,31.5,17.4,Fail
1786,15,Male,15,89,0,No Schooling,High,0,8.9,49.9,54.5,Pass
1787,15,Male,29,78,0,Primary,High,0,7.0,62.8,73.0,Pass
1788,14,Male,18,76,0,No Schooling,Medium,0,6.4,43.6,47.0,Pass
1789,18,Male,11,50,1,Secondary,Medium,0,6.1,13.0,17.7,Fail
1790,17,Female,26,83,0,No Schooling,Low,1,6.9,61.2,61.9,Pass
1791,15,Female,12,53,0,Primary,High,0,4.5,36.4,28.1,Fail
1792,18,Male,2,73,0,Graduate,High,0,8.7,33.7,38.1,Fail
1793,14,Female,20,70,0,Primary,Low,0,7.1,51.8,38.3,Fail
1794,16,Female,15,82,0,Higher Secondary,Low,0,4.9,57.7,60.1,Pass
1795,18,Female,20,56,1,Primary,High,1,6.8,54.0,56.0,Pass
1796,18,Female,4,50,1,Secondary,High,1,4.7,20.2,25.1,Fail
1797,16,Female,22,90,1,Secondary,Medium,0,4.1,58.3,62.5,Pass
1798,18,Female,18,52,0,Secondary,Medium,0,7.2,47.6,52.5,Pass
1799,14,Male,6,93,1,No Schooling,High,0,7.2,37.2,32.6,Fail
1800,14,Female,23,100,0,Secondary,High,0,6.9,58.1,70.4,Pass
1801,16,Female,27,64,1,Primary,Medium,0,4.9,47.1,42.0,Pass
1802,17,Female,26,80,1,Graduate,Low,1,7.0,62.1,76.9,Pass
1803,15,Female,19,65,0,Secondary,Low,1,4.3,49.0,40.8,Pass
1804,17,Male,11,59,0,Primary,High,0,7.0,28.4,31.6,Fail
1805,18,Male,28,78,0,No Schooling,High,0,6.8,55.7,75.4,Pass
1806,15,Male,24,55,1,No Schooling,Medium,0,7.3,71.1,88.5,Pass
1807,16,Male,2,78,0,Graduate,High,1,8.5,37.4,35.7,Fail
1808,16,Female,27,66,1,Graduate,Low,0,8.3,85.2,71.8,Pass
1809,15,Male,8,71,1,Primary,Medium,0,8.9,20.2,36.0,Fail
1810,14,Male,29,73,1,Graduate,Medium,1,8.9,76.5,79.5,Pass
1811,15,Male,11,66,0,Graduate,Low,1,7.9,37.0,32.0,Fail
1812,18,Male,5,70,0,No Schooling,Low,0,8.8,28.7,33.5,Fail
1813,14,Female,18,100,0,Primary,Medium,0,8.3,75.5,59.2,Pass
1814,16,Male,23,99,1,Graduate,High,0,7.6,49.8,59.0,Pass
1815,15,Female,18,60,1,Primary,Low,0,4.4,42.3,37.7,Fail
1816,17,Male,14,56,0,Secondary,Medium,1,4.2,35.3,21.7,Fail
1817,17,Female,22,91,1,No Schooling,High,1,8.2,62.6,51.7,Pass
1818,18,Female,10,88,1,No Schooling,High,0,6.4,23.3,24.8,Fail
1819,17,Male,3,54,1,No Schooling,Medium,1,8.1,41.6,41.1,Pass
1820,15,Male,9,93,0,Higher Secondary,Low,0,5.6,54.7,56.8,Pass
1821,15,Male,3,97,1,Primary,High,1,6.0,47.4,49.5,Pass
1822,17,Male,11,70,1,Secondary,Low,0,7.5,27.1,22.0,Fail
1823,15,Female,12,67,0,Graduate,Medium,0,8.6,40.9,42.7,Pass
1824,18,Female,12,84,0,Secondary,Low,1,4.4,56.9,44.1,Pass
1825,14,Male,3,69,0,Primary,High,1,8.3,34.1,32.0,Fail
1826,18,Male,21,64,0,No Schooling,Medium,1,8.0,55.2,70.8,Pass
1827,18,Female,7,54,0,Higher Secondary,High,1,5.6,45.8,41.1,Pass
1828,15,Male,14,62,0,Primary,High,1,5.8,37.5,47.6,Pass
1829,14,Female,24,100,1,Primary,Medium,0,4.2,67.3,82.3,Pass
1830,15,Male,28,61,1,Graduate,Medium,0,4.1,69.6,56.6,Pass
1831,16,Female,11,70,1,Secondary,Low,1,6.4,48.7,41.9,Pass
1832,15,Female,7,86,1,Secondary,Medium,0,4.5,44.9,42.5,Pass
1833,15,Female,25,55,0,Graduate,Low,0,5.0,59.3,63.7,Pass
1834,15,Female,21,56,1,Higher Secondary,Medium,0,8.2,56.5,68.9,Pass
1835,14,Female,10,75,0,No Schooling,High,0,6.9,33.9,33.5,Fail
1836,15,Male,11,91,0,No Schooling,Low,1,7.2,41.8,44.2,Pass
1837,14,Female,15,97,1,Higher Secondary,Medium,0,4.9,56.0,45.4,Pass
1838,17,Male,19,57,1,Graduate,Low,0,8.1,63.7,71.7,Pass
1839,16,Female,16,58,0,Primary,Low,0,8.3,41.2,47.8,Pass
1840,14,Female,22,76,0,Secondary,Low,0,6.6,61.8,73.8,Pass
1841,17,Male,21,53,0,Primary,High,1,8.6,53.5,70.5,Pass
1842,14,Male,28,70,0,Secondary,Medium,0,8.2,83.3,72.0,Pass
1843,14,Male,20,80,1,Primary,Medium,0,7.7,55.6,71.1,Pass
1844,16,Male,12,70,0,Graduate,Low,0,7.7,45.0,53.3,Pass
1845,18,Female,18,89,1,Graduate,Medium,1,4.5,54.5,51.2,Pass
1846,18,Male,23,74,0,Higher Secondary,High,1,5.4,50.5,61.9,Pass
1847,14,Female,13,88,0,Primary,Low,0,4.3,45.8,39.0,Fail
1848,15,Male,5,64,0,Primary,High,0,4.0,38.5,42.8,Pass
1849,17,Male,4,84,1,Higher Secondary,High,1,4.8,45.5,37.1,Fail
1850,15,Female,28,98,0,Higher Secondary,Medium,0,8.4,50.5,69.9,Pass
1851,15,Female,14,92,1,Graduate,Medium,1,5.2,63.9,50.7,Pass
1852,14,Male,8,90,1,Graduate,Low,0,8.9,26.7,35.4,Fail
1853,14,Female,9,86,1,Primary,High,0,7.0,50.7,53.1,Pass
1854,14,Female,25,91,0,Graduate,Medium,1,5.2,75.2,73.8,Pass
1855,14,Female,19,96,1,Graduate,Low,0,6.5,58.8,62.8,Pass
1856,18,Female,3,77,1,Primary,Low,0,5.1,37.9,25.2,Fail
1857,14,Female,5,63,0,Higher Secondary,Medium,0,8.9,23.8,31.4,Fail
1858,18,Female,21,53,0,Primary,High,1,8.2,53.9,52.9,Pass
1859,18,Female,26,69,1,No Schooling,Low,1,4.1,53.3,57.6,Pass
1860,14,Female,18,83,1,Primary,Medium,0,8.7,52.3,52.3,Pass
1861,16,Male,1,61,0,No Schooling,Low,0,7.6,29.0,25.7,Fail
1862,17,Female,8,82,1,Primary,Medium,0,4.4,26.3,13.4,Fail
1863,15,Male,19,73,1,No Schooling,Low,0,7.4,61.6,61.3,Pass
1864,18,Female,17,69,1,No Schooling,High,1,7.2,34.0,41.8,Pass
1865,17,Female,17,54,0,Primary,Low,1,5.1,34.8,28.5,Fail
1866,16,Female,11,87,1,Graduate,Medium,1,7.8,47.5,49.4,Pass
1867,15,Female,2,79,0,Secondary,Medium,0,4.4,28.2,30.4,Fail
1868,15,Male,6,73,0,Graduate,Medium,0,6.4,25.2,30.1,Fail
1869,18,Male,22,92,0,No Schooling,High,1,4.0,59.6,64.4,Pass
1870,14,Female,14,89,1,Primary,Medium,0,8.8,61.8,54.6,Pass
1871,16,Male,3,56,0,Primary,Medium,0,7.8,33.2,30.0,Fail
1872,18,Female,12,85,1,Primary,High,1,4.8,47.3,44.3,Pass
1873,16,Female,4,87,0,Primary,Medium,0,5.7,28.2,28.1,Fail
1874,14,Male,12,65,1,Secondary,Medium,1,4.8,42.6,22.1,Fail
1875,14,Male,13,64,1,Higher Secondary,High,0,7.8,63.9,50.7,Pass
1876,18,Female,2,95,1,No Schooling,Low,0,4.3,34.7,35.6,Fail
1877,14,Female,2,72,0,Secondary,Medium,0,8.2,40.3,29.4,Fail
1878,17,Male,15,61,1,Graduate,Low,0,8.7,51.1,51.1,Pass
1879,15,Female,23,78,1,Higher Secondary,High,0,7.4,59.9,62.8,Pass
1880,18,Male,29,93,0,Higher Secondary,Medium,1,5.1,69.9,60.5,Pass
1881,16,Female,17,97,0,Primary,Medium,1,5.8,67.4,73.6,Pass
1882,17,Female,7,64,1,Secondary,High,0,6.4,24.8,27.9,Fail
1883,18,Male,28,78,0,Graduate,Medium,0,7.0,61.5,60.8,Pass
1884,14,Male,14,94,0,Primary,Low,1,7.3,60.8,61.6,Pass
1885,14,Male,12,92,0,Primary,Low,1,6.8,48.2,44.3,Pass
1886,14,Female,17,98,1,No Schooling,High,0,5.8,54.0,53.4,Pass
1887,14,Female,14,70,0,Higher Secondary,Medium,1,8.5,43.9,59.0,Pass
1888,16,Female,6,64,1,Graduate,Medium,1,4.4,29.3,23.3,Fail
1889,17,Female,19,63,0,Higher Secondary,High,1,6.3,56.9,66.0,Pass
1890,15,Male,24,91,0,Secondary,Low,0,7.9,63.7,64.2,Pass
1891,16,Female,6,93,1,No Schooling,Low,1,4.3,31.3,29.3,Fail
1892,16,Female,27,65,0,Primary,High,1,7.5,60.1,69.1,Pass
1893,15,Female,18,64,0,No Schooling,Medium,1,8.1,47.5,49.9,Pass
1894,15,Male,24,91,0,Primary,Low,1,7.3,64.6,58.6,Pass
1895,14,Female,5,53,0,No Schooling,Medium,0,4.1,29.4,30.2,Fail
1896,16,Female,24,76,1,Primary,Low,1,4.9,59.8,69.9,Pass
1897,18,Male,24,72,1,Higher Secondary,Medium,1,5.7,92.6,86.6,Pass
1898,15,Female,6,78,1,Higher Secondary,Low,1,5.2,54.3,48.4,Pass
1899,15,Female,2,90,1,Higher Secondary,Medium,0,8.8,46.8,36.6,Fail
1900,17,Male,8,58,1,Higher Secondary,High,0,7.3,22.1,33.9,Fail
1901,18,Female,15,92,1,No Schooling,Low,0,5.5,32.8,41.1,Pass
1902,18,Female,15,92,1,Primary,High,1,8.6,54.7,62.0,Pass
1903,15,Female,11,56,0,Higher Secondary,Low,1,7.7,41.2,43.5,Pass
1904,14,Male,22,91,1,No Schooling,Low,1,5.4,66.7,68.9,Pass
1905,17,Female,22,53,1,Primary,Low,0,5.9,46.6,48.8,Pass
1906,18,Female,24,54,1,No Schooling,Medium,1,5.0,42.8,56.4,Pass
1907,15,Male,1,54,0,Higher Secondary,Low,1,8.9,16.0,11.0,Fail
1908,18,Male,18,60,1,Secondary,High,0,6.6,45.6,47.0,Pass
1909,17,Female,12,90,1,No Schooling,Medium,1,8.5,48.0,43.0,Pass
1910,17,Female,12,77,1,Higher Secondary,Medium,1,5.7,44.1,70.9,Pass
1911,16,Female,25,65,0,Graduate,Low,0,8.3,49.0,64.6,Pass
1912,15,Female,11,90,1,Primary,Medium,0,4.3,63.0,43.1,Pass
1913,17,Male,28,79,0,Higher Secondary,Low,0,8.9,72.8,65.8,Pass
1914,16,Female,8,53,0,Graduate,High,0,8.6,37.5,25.3,Fail
1915,16,Male,28,51,0,No Schooling,Medium,0,5.8,60.0,56.2,Pass
1916,18,Male,7,95,0,No Schooling,Medium,1,7.9,30.6,26.6,Fail
1917,18,Female,23,52,1,Graduate,High,0,7.8,60.5,56.3,Pass
1918,16,Female,21,99,0,Graduate,High,1,8.5,79.7,71.1,Pass
1919,18,Male,2,70,0,Primary,Low,1,5.5,43.9,41.2,Pass
1920,17,Male,11,55,1,No Schooling,Medium,0,6.3,42.2,40.1,Pass
1921,14,Female,22,92,0,Graduate,High,0,8.3,60.6,69.6,Pass
1922,17,Male,10,67,0,Secondary,Medium,1,7.9,40.1,33.0,Fail
1923,16,Female,3,93,0,Secondary,High,1,6.0,42.6,32.1,Fail
1924,16,Female,20,54,0,Graduate,Medium,1,8.2,34.8,39.2,Fail
1925,17,Male,29,58,0,Primary,High,0,4.2,67.3,72.2,Pass
1926,18,Male,10,69,0,No Schooling,Medium,1,7.9,35.8,37.5,Fail
1927,18,Female,28,77,1,Secondary,Low,0,5.0,90.2,96.7,Pass
1928,16,Male,27,75,1,Graduate,Medium,1,5.4,68.0,63.5,Pass
1929,15,Female,18,67,1,Graduate,Low,1,6.5,57.0,48.1,Pass
1930,18,Female,14,68,1,Higher Secondary,Low,1,6.2,50.8,51.5,Pass
1931,17,Female,18,52,0,Graduate,Low,0,6.6,35.7,42.3,Pass
1932,18,Male,28,58,0,Primary,Medium,0,6.7,64.0,72.9,Pass
1933,17,Female,24,85,0,Secondary,Medium,1,5.7,69.9,67.5,Pass
1934,16,Female,8,80,1,Higher Secondary,Low,1,4.9,54.2,43.7,Pass
1935,18,Female,10,98,1,Secondary,High,1,7.8,59.6,47.8,Pass
1936,17,Female,22,66,0,Secondary,Medium,0,6.0,54.7,55.5,Pass
1937,16,Female,13,72,0,Primary,Medium,0,6.5,32.9,25.7,Fail
1938,15,Female,21,83,1,Graduate,Medium,0,7.2,51.5,65.9,Pass
1939,17,Female,8,90,1,Primary,Medium,0,8.5,58.6,61.9,Pass
1940,15,Female,4,90,1,Graduate,Low,0,7.5,36.9,41.8,Pass
1941,15,Female,27,54,1,Higher Secondary,High,1,4.2,85.5,74.3,Pass
1942,14,Female,4,64,0,Primary,High,1,8.2,22.0,21.2,Fail
1943,18,Female,5,96,1,Primary,High,1,8.9,66.2,58.4,Pass
1944,17,Male,1,52,1,No Schooling,High,0,6.4,10.7,7.3,Fail
1945,15,Female,17,68,0,Primary,Low,1,8.8,46.5,61.2,Pass
1946,14,Female,2,77,0,No Schooling,Medium,0,6.7,30.5,8.9,Fail
1947,16,Female,8,52,0,Graduate,Medium,0,6.3,37.6,32.9,Fail
1948,17,Male,7,87,1,Graduate,Low,1,5.7,51.4,34.8,Fail
1949,15,Female,15,53,1,Graduate,Medium,1,7.3,27.3,47.1,Pass
1950,18,Male,26,73,1,No Schooling,Low,0,5.1,58.2,70.4,Pass
1951,14,Female,25,80,1,Graduate,High,0,4.5,53.0,61.7,Pass
1952,15,Female,5,94,0,Secondary,Low,1,4.1,26.9,40.4,Pass
1953,18,Male,2,94,0,Primary,Medium,0,5.5,31.0,26.9,Fail
1954,15,Female,7,60,1,No Schooling,Medium,0,6.0,10.4,24.1,Fail
1955,17,Male,8,86,1,Graduate,Medium,0,6.8,50.8,32.3,Fail
1956,17,Male,28,50,1,Secondary,High,1,5.5,72.4,69.9,Pass
1957,17,Female,7,58,0,Primary,Low,0,8.9,44.1,43.6,Pass
1958,14,Female,7,66,1,Primary,Low,0,5.5,22.6,18.4,Fail
1959,17,Female,28,50,0,Graduate,Medium,0,6.2,47.3,60.3,Pass
1960,18,Female,14,52,1,Secondary,Low,0,4.5,50.1,30.9,Fail
1961,15,Male,21,96,0,No Schooling,Medium,0,5.3,71.6,70.1,Pass
1962,16,Male,18,75,0,Graduate,Low,0,4.2,63.0,53.8,Pass
1963,18,Female,6,80,1,Primary,High,0,6.8,47.5,35.2,Fail
1964,18,Male,4,75,0,Primary,High,1,7.8,35.7,39.9,Fail
1965,17,Male,10,72,0,Primary,Low,1,5.0,37.0,47.9,Pass
1966,14,Female,18,79,1,Graduate,High,1,5.8,66.0,68.1,Pass
1967,15,Male,12,59,0,Higher Secondary,High,0,4.1,31.3,26.8,Fail
1968,14,Male,16,57,1,Higher Secondary,High,1,8.2,50.2,58.1,Pass
1969,15,Female,25,93,0,Higher Secondary,Medium,1,7.9,66.6,67.4,Pass
1970,15,Male,7,74,0,Secondary,Low,0,4.3,35.4,41.0,Pass
1971,14,Female,6,71,0,Graduate,Low,1,5.8,47.7,42.1,Pass
1972,18,Male,28,64,0,Primary,Medium,0,8.8,57.7,55.8,Pass
1973,15,Female,5,90,1,Secondary,Medium,0,6.0,32.5,28.8,Fail
1974,14,Male,3,59,1,Higher Secondary,High,0,6.6,24.1,18.2,Fail
1975,15,Male,12,69,1,No Schooling,Low,1,5.8,34.9,31.3,Fail
1976,16,Female,15,90,0,Secondary,Medium,0,7.0,56.1,51.5,Pass
1977,18,Female,10,96,0,Secondary,High,1,8.9,50.0,50.9,Pass
1978,17,Female,26,72,1,Graduate,Low,0,9.0,63.2,76.8,Pass
1979,15,Female,20,50,1,Secondary,High,0,7.9,51.3,52.1,Pass
1980,16,Male,19,51,1,Graduate,Low,1,6.0,37.1,54.4,Pass
1981,17,Male,16,68,1,No Schooling,High,0,6.5,61.4,43.8,Pass
1982,17,Male,28,63,0,Primary,Low,1,5.8,60.7,59.1,Pass
1983,15,Female,11,57,1,Primary,Low,0,8.9,32.9,55.6,Pass
1984,14,Male,8,87,0,Higher Secondary,Low,0,7.5,46.8,34.3,Fail
1985,15,Male,3,61,1,Higher Secondary,Low,0,6.2,31.9,39.0,Fail
1986,16,Female,23,75,0,No Schooling,High,0,4.1,77.0,69.3,Pass
1987,17,Female,7,76,1,Primary,Medium,0,6.6,26.6,28.9,Fail
1988,15,Male,23,78,1,Higher Secondary,Low,0,8.9,51.5,67.5,Pass
1989,14,Female,29,64,0,Secondary,Low,0,6.6,50.7,67.9,Pass
1990,15,Male,7,95,0,Graduate,Low,0,4.9,40.3,46.3,Pass
1991,18,Male,14,50,1,Higher Secondary,Low,1,4.1,41.3,38.9,Fail
1992,14,Female,2,92,0,No Schooling,High,1,5.8,28.6,26.9,Fail
1993,16,Male,10,77,1,Primary,Medium,1,8.6,45.4,43.6,Pass
1994,17,Female,19,52,0,No Schooling,Medium,0,9.0,33.8,37.4,Fail
1995,15,Female,26,100,1,Graduate,Medium,1,8.7,92.5,88.1,Pass
1996,14,Male,9,67,1,Graduate,High,1,7.6,34.6,35.8,Fail
1997,18,Male,16,83,1,No Schooling,Medium,0,6.8,46.2,33.7,Fail
1998,14,Male,19,81,1,Higher Secondary,High,1,7.0,36.9,54.6,Pass
1999,18,Female,18,78,1,Higher Secondary,High,0,6.7,36.9,45.8,Pass
2000,16,Male,9,74,1,Primary,Low,1,7.5,37.8,33.3,Fail
2001,17,Female,16,75,1,Primary,High,1,6.1,51.4,53.6,Pass
2002,16,Female,13,88,1,Secondary,Medium,1,7.3,61.1,51.6,Pass
2003,15,Male,10,57,0,Secondary,Medium,1,4.6,22.1,28.4,Fail
2004,14,Female,25,68,0,Primary,Medium,1,5.3,67.4,77.9,Pass
2005,18,Male,20,96,0,Secondary,Low,0,8.2,65.0,68.0,Pass
2006,18,Male,14,91,1,No Schooling,Low,1,8.5,63.1,55.4,Pass
2007,14,Male,12,71,1,Higher Secondary,Low,0,6.7,52.7,41.0,Pass
2008,14,Male,25,78,1,Secondary,High,1,4.2,57.3,53.7,Pass
2009,15,Male,19,82,0,Secondary,Medium,0,8.6,58.5,67.1,Pass
2010,16,Male,7,87,0,No Schooling,High,1,7.5,59.3,49.7,Pass
2011,18,Male,23,94,0,Graduate,High,1,6.1,81.7,79.2,Pass
2012,15,Female,15,95,0,Primary,Medium,1,7.0,74.9,63.1,Pass
2013,16,Male,16,84,0,No Schooling,Low,1,6.1,56.6,46.6,Pass
2014,15,Female,27,92,1,Graduate,Medium,1,6.3,70.2,76.1,Pass
2015,18,Female,8,52,0,No Schooling,High,0,8.4,2.3,11.4,Fail
2016,14,Female,10,68,1,Higher Secondary,High,1,4.8,31.0,29.1,Fail
2017,14,Male,4,59,1,No Schooling,Low,1,4.5,26.4,14.6,Fail
2018,16,Female,19,76,1,No Schooling,High,0,4.0,50.8,43.0,Pass
2019,17,Female,19,64,0,Higher Secondary,High,1,5.6,44.8,56.0,Pass
2020,16,Male,28,60,0,Primary,Medium,1,4.7,68.4,77.5,Pass
2021,17,Male,21,96,1,Graduate,Low,1,5.1,70.2,73.8,Pass
2022,15,Female,27,75,0,Secondary,Medium,1,4.1,68.4,76.3,Pass
2023,15,Male,15,73,0,Primary,Medium,1,5.1,57.3,49.7,Pass
2024,18,Male,14,62,1,No Schooling,Medium,0,5.7,37.9,46.1,Pass
2025,17,Male,1,81,1,Secondary,High,1,4.2,44.8,41.1,Pass
2026,18,Male,16,86,1,Higher Secondary,High,0,7.0,40.8,38.7,Fail
2027,14,Female,10,53,1,Primary,Low,1,6.8,35.9,39.3,Fail
2028,17,Male,19,62,1,Graduate,High,1,4.5,58.3,54.6,Pass
2029,16,Male,22,58,0,Primary,Low,0,7.0,31.2,29.7,Fail
2030,14,Male,3,98,1,Primary,Medium,1,9.0,36.9,37.9,Fail
2031,14,Female,5,83,0,Secondary,Medium,1,8.7,44.5,35.4,Fail
2032,16,Female,9,86,0,Higher Secondary,High,0,4.0,35.0,41.4,Pass
2033,14,Male,18,97,1,Higher Secondary,High,1,8.0,45.9,45.4,Pass
2034,17,Male,11,56,1,Primary,Low,1,5.8,32.4,37.8,Fail
2035,18,Female,16,50,0,Higher Secondary,High,0,4.3,25.5,34.2,Fail
2036,14,Male,2,61,1,Secondary,High,0,5.5,29.3,12.0,Fail
2037,17,Male,12,70,0,Secondary,High,1,5.6,45.2,40.9,Pass
2038,15,Female,22,60,1,Graduate,Medium,1,6.6,43.4,54.4,Pass
2039,17,Male,6,93,1,Higher Secondary,High,1,7.3,28.5,38.8,Fail
2040,18,Male,11,100,0,Graduate,High,0,7.7,39.3,41.8,Pass
2041,17,Female,27,93,0,No Schooling,Medium,0,5.2,68.7,76.3,Pass
2042,16,Female,8,93,1,Secondary,Medium,1,5.6,41.2,42.1,Pass
2043,18,Male,12,63,1,Primary,Medium,1,5.5,48.4,49.8,Pass
2044,15,Female,29,83,1,Secondary,Medium,1,5.8,79.6,82.8,Pass
2045,16,Male,27,83,0,No Schooling,High,0,9.0,70.7,72.6,Pass
2046,17,Male,2,74,1,Primary,High,0,7.9,14.1,11.6,Fail
2047,18,Male,9,53,1,Higher Secondary,High,0,8.9,29.6,48.2,Pass
2048,15,Female,15,75,1,Higher Secondary,Low,1,7.5,63.8,65.4,Pass
2049,16,Female,2,65,1,Secondary,Medium,1,6.0,23.8,22.5,Fail
2050,15,Male,29,59,0,Primary,High,1,5.9,58.1,70.1,Pass
2051,17,Male,1,94,0,Primary,High,0,6.4,24.8,26.5,Fail
2052,15,Female,10,51,0,Graduate,High,1,6.1,30.2,26.6,Fail
2053,14,Female,2,84,1,No Schooling,Medium,0,8.1,32.4,28.1,Fail
2054,16,Female,12,68,1,Higher Secondary,Medium,1,6.3,40.6,52.1,Pass
2055,15,Male,23,55,1,Secondary,Medium,0,5.5,33.8,45.2,Pass
2056,17,Female,8,68,0,Primary,High,1,7.9,49.3,48.5,Pass
2057,17,Female,5,100,0,Higher Secondary,Medium,1,8.3,47.6,52.6,Pass
2058,15,Male,22,57,0,Secondary,High,0,6.1,51.6,55.8,Pass
2059,17,Male,28,63,0,Higher Secondary,Low,1,7.3,65.0,62.7,Pass
2060,18,Male,1,59,1,Secondary,Medium,0,4.3,19.0,18.3,Fail
2061,18,Female,15,52,0,Higher Secondary,Medium,1,6.6,35.1,36.5,Fail
2062,18,Male,6,87,0,Graduate,High,1,4.2,21.3,11.5,Fail
2063,14,Male,12,78,1,No Schooling,Medium,1,4.1,65.7,60.4,Pass
2064,15,Male,8,64,0,Higher Secondary,Medium,0,7.1,31.4,31.7,Fail
2065,14,Male,13,72,1,No Schooling,High,1,5.5,33.0,12.9,Fail
2066,17,Female,19,72,1,Higher Secondary,High,0,7.7,42.8,52.1,Pass
2067,14,Male,27,67,1,Primary,High,1,8.5,71.6,76.9,Pass
2068,17,Female,1,95,1,Graduate,Low,1,4.7,40.8,46.5,Pass
2069,17,Female,11,68,1,Graduate,High,0,7.6,32.4,37.3,Fail
2070,16,Female,20,77,0,No Schooling,Medium,1,6.6,47.3,60.8,Pass
2071,18,Male,1,75,0,Primary,Low,1,4.6,23.3,25.5,Fail
2072,17,Female,8,59,1,Secondary,High,0,7.3,13.4,18.5,Fail
2073,16,Male,5,96,0,Graduate,Low,0,7.0,31.5,34.1,Fail
2074,18,Male,17,53,1,Primary,Low,1,6.6,44.7,47.0,Pass
2075,17,Male,8,51,0,Primary,Medium,0,8.6,42.6,36.8,Fail
2076,17,Female,25,52,0,No Schooling,Low,0,6.6,48.6,52.9,Pass
2077,14,Male,10,56,0,Primary,High,1,9.0,39.3,37.2,Fail
2078,14,Male,2,65,0,Primary,Low,0,6.5,38.5,32.4,Fail
2079,18,Male,9,80,0,Secondary,Low,0,4.6,26.8,28.8,Fail
2080,17,Female,24,59,0,No Schooling,Medium,1,6.4,52.5,54.0,Pass
2081,15,Female,23,68,0,No Schooling,Medium,0,4.9,49.5,52.3,Pass
2082,14,Female,3,77,1,Primary,High,0,7.0,13.9,4.1,Fail
2083,18,Male,18,66,1,Secondary,Medium,1,7.5,52.2,46.7,Pass
2084,17,Female,7,77,1,Higher Secondary,High,1,6.3,53.2,42.7,Pass
2085,17,Male,15,68,0,Graduate,High,0,4.5,51.4,61.6,Pass
2086,15,Male,21,86,0,No Schooling,Medium,1,6.3,74.1,73.9,Pass
2087,18,Female,22,72,1,Secondary,Low,0,4.4,51.3,45.8,Pass
2088,17,Male,20,69,1,Secondary,Medium,0,7.4,42.4,63.2,Pass
2089,14,Female,18,62,0,Primary,Low,0,8.0,68.2,64.9,Pass
2090,15,Male,25,62,1,Graduate,Low,0,8.8,61.2,58.2,Pass
2091,18,Female,3,92,1,No Schooling,High,1,4.7,24.0,21.8,Fail
2092,15,Male,28,60,1,Higher Secondary,High,1,6.7,93.6,94.5,Pass
2093,14,Male,23,97,1,Primary,Medium,0,6.8,65.7,56.9,Pass
2094,18,Male,14,64,0,No Schooling,Low,1,8.6,15.7,22.7,Fail
2095,15,Male,24,66,1,No Schooling,Medium,0,7.1,73.3,86.2,Pass
2096,16,Male,2,99,1,Secondary,High,0,4.7,12.6,17.2,Fail
2097,14,Female,14,77,1,Graduate,Low,1,6.2,55.0,47.9,Pass
2098,14,Male,22,68,1,Higher Secondary,Medium,1,7.3,69.8,67.4,Pass
2099,14,Female,11,53,0,Graduate,Medium,0,7.5,39.2,43.6,Pass
2100,16,Female,16,71,1,Secondary,High,1,8.3,68.9,62.6,Pass
2101,16,Female,8,71,1,Higher Secondary,High,0,4.9,46.5,51.0,Pass
2102,17,Male,7,86,1,Higher Secondary,High,1,8.8,62.9,54.7,Pass
2103,15,Male,11,88,1,Primary,High,1,4.3,50.0,49.3,Pass
2104,17,Male,3,83,1,Higher Secondary,Medium,0,8.9,28.3,30.7,Fail
2105,15,Female,17,82,0,No Schooling,High,1,8.3,51.6,54.2,Pass
2106,16,Male,14,93,1,Graduate,High,1,7.3,70.6,69.5,Pass
2107,16,Male,6,91,1,Graduate,Medium,0,7.7,32.9,41.1,Pass
2108,17,Female,8,89,0,Primary,Medium,0,4.4,47.2,26.9,Fail
2109,18,Female,22,82,1,Higher Secondary,Low,0,4.2,52.0,53.7,Pass
2110,17,Female,5,61,0,Secondary,Medium,0,4.5,17.4,36.2,Fail
2111,15,Female,27,51,1,No Schooling,Low,0,4.4,70.6,65.7,Pass
2112,17,Female,28,77,0,Primary,High,0,6.7,69.5,75.8,Pass
2113,14,Female,8,59,0,Higher Secondary,Low,1,5.1,13.1,30.4,Fail
2114,15,Male,2,71,1,Secondary,Low,0,8.3,18.8,14.0,Fail
2115,15,Female,15,66,0,Higher Secondary,High,0,6.2,16.6,26.4,Fail
2116,18,Male,12,75,1,Primary,High,0,7.5,39.7,29.8,Fail
2117,16,Male,17,52,0,Secondary,High,1,7.3,43.4,49.2,Pass
2118,15,Male,1,56,0,Secondary,Low,0,5.6,13.6,18.8,Fail
2119,16,Female,15,93,1,Secondary,Medium,0,5.2,65.5,62.7,Pass
2120,17,Male,14,57,0,Secondary,Medium,1,5.7,47.2,59.0,Pass
2121,14,Female,20,69,1,Higher Secondary,Medium,1,8.0,83.4,76.1,Pass
2122,18,Female,22,61,0,Secondary,High,0,6.9,56.6,50.6,Pass
2123,16,Male,16,84,0,Higher Secondary,High,1,5.3,59.7,47.9,Pass
2124,15,Female,29,66,1,Secondary,Medium,1,8.1,74.0,71.2,Pass
2125,16,Male,9,77,1,Secondary,High,0,4.3,36.9,36.2,Fail
2126,15,Male,1,90,0,Primary,Low,0,7.5,22.0,41.8,Pass
2127,16,Female,28,59,1,Higher Secondary,Low,0,6.2,60.4,65.5,Pass
2128,15,Male,17,71,1,Higher Secondary,High,1,7.7,52.9,65.6,Pass
2129,17,Male,29,87,0,Graduate,Medium,0,8.6,68.7,73.8,Pass
2130,15,Male,13,82,0,Primary,Medium,1,7.8,55.5,43.8,Pass
2131,15,Female,21,71,1,Higher Secondary,Low,0,6.2,58.8,53.0,Pass
2132,14,Male,26,93,0,Primary,High,1,4.8,66.7,60.7,Pass
2133,15,Female,21,86,1,Primary,Medium,0,8.0,52.9,57.2,Pass
2134,14,Female,5,62,1,Primary,Medium,1,6.3,36.3,36.6,Fail
2135,18,Male,10,76,1,No Schooling,High,0,4.4,31.5,26.9,Fail
2136,14,Male,6,64,1,Higher Secondary,High,0,7.6,26.9,36.4,Fail
2137,17,Female,24,71,1,Primary,Medium,0,5.5,55.0,67.2,Pass
2138,14,Female,19,79,1,No Schooling,High,1,4.2,84.5,68.8,Pass
2139,18,Male,25,92,0,No Schooling,High,1,8.5,57.4,72.0,Pass
2140,17,Male,13,89,1,Secondary,High,0,6.4,41.3,27.3,Fail
2141,16,Female,1,86,0,Secondary,Medium,1,5.4,26.7,4.4,Fail
2142,16,Female,20,83,1,Higher Secondary,Low,0,7.6,53.4,63.8,Pass
2143,14,Female,25,93,0,Secondary,High,1,8.4,80.4,74.9,Pass
2144,14,Female,15,83,0,Higher Secondary,Medium,0,4.0,44.9,61.4,Pass
2145,18,Female,14,97,0,No Schooling,Low,1,7.4,41.9,44.5,Pass
2146,18,Male,8,84,1,No Schooling,Medium,1,7.8,59.5,43.5,Pass
2147,15,Female,10,91,0,Higher Secondary,Medium,1,5.0,49.9,57.4,Pass
2148,18,Female,9,68,0,Secondary,Medium,1,6.4,43.1,46.0,Pass
2149,15,Male,17,57,1,Secondary,Low,1,4.4,57.1,65.5,Pass
2150,17,Male,9,88,0,Higher Secondary,Medium,0,7.7,27.6,28.3,Fail
2151,14,Female,3,82,0,Graduate,Low,1,8.2,34.0,35.6,Fail
2152,17,Female,11,93,1,Secondary,High,1,4.5,60.6,43.6,Pass
2153,18,Male,12,77,0,Primary,Low,1,8.1,39.7,29.2,Fail
2154,17,Female,10,86,0,Secondary,Medium,1,7.9,48.9,52.8,Pass
2155,17,Female,25,97,1,Graduate,Low,0,5.7,75.0,68.2,Pass
2156,17,Male,17,74,0,No Schooling,Medium,1,7.5,38.1,37.5,Fail
2157,18,Female,17,85,0,No Schooling,High,1,4.0,45.7,34.7,Fail
2158,17,Male,25,66,0,No Schooling,Low,0,8.7,34.5,52.6,Pass
2159,15,Male,11,73,0,Secondary,High,0,6.8,40.7,41.9,Pass
2160,18,Male,22,70,1,No Schooling,Low,1,7.1,80.8,70.7,Pass
2161,17,Male,4,51,1,Graduate,Medium,0,7.3,17.4,17.0,Fail
2162,18,Female,7,80,1,Graduate,Low,1,6.8,40.6,44.2,Pass
2163,16,Male,21,93,1,Secondary,High,1,8.3,77.5,53.4,Pass
2164,15,Female,26,82,0,Primary,Low,0,7.0,66.3,74.0,Pass
2165,17,Female,14,79,1,Secondary,High,1,8.5,43.0,50.9,Pass
2166,16,Female,7,61,1,No Schooling,High,0,6.9,47.1,32.3,Fail
2167,16,Female,24,93,0,Secondary,Medium,0,4.9,65.9,49.1,Pass
2168,18,Female,8,61,0,Graduate,Low,1,8.6,33.0,41.2,Pass
2169,16,Male,1,100,0,Secondary,High,1,7.4,35.0,21.3,Fail
2170,15,Male,24,98,1,Secondary,Medium,0,7.5,74.3,85.4,Pass
2171,15,Male,22,73,0,Primary,Medium,1,8.9,53.8,77.5,Pass
2172,14,Male,4,73,0,Graduate,Medium,0,4.4,43.6,38.1,Fail
2173,15,Female,29,60,0,Higher Secondary,High,0,6.1,74.1,74.2,Pass
2174,16,Male,12,62,1,Higher Secondary,Low,0,5.2,39.7,37.9,Fail
2175,15,Female,24,76,1,Graduate,High,0,7.2,62.4,51.6,Pass
2176,18,Female,3,57,1,Higher Secondary,Medium,1,8.0,21.1,22.4,Fail
2177,14,Male,13,59,1,No Schooling,High,1,8.8,38.8,40.6,Pass
2178,16,Male,20,57,1,Higher Secondary,High,1,6.3,43.7,44.7,Pass
2179,14,Male,6,69,1,No Schooling,Medium,1,7.9,35.7,38.8,Fail
2180,16,Male,11,57,1,Graduate,Low,1,8.6,42.2,45.5,Pass
2181,18,Female,23,58,0,Higher Secondary,Medium,1,7.4,41.0,58.2,Pass
2182,14,Female,4,56,0,Higher Secondary,Medium,0,5.2,29.7,23.7,Fail
2183,17,Male,20,63,0,No Schooling,High,1,7.0,45.2,56.3,Pass
2184,16,Female,16,77,1,No Schooling,Medium,0,8.8,54.2,55.9,Pass
2185,17,Female,7,51,1,Secondary,High,0,8.9,36.9,43.2,Pass
2186,14,Female,22,92,0,Primary,Medium,0,7.2,73.7,69.8,Pass
2187,17,Male,29,57,0,Higher Secondary,Medium,1,8.4,76.6,93.5,Pass
2188,17,Female,11,62,1,Primary,Low,0,5.0,54.7,28.1,Fail
2189,14,Male,24,70,1,Primary,Medium,1,5.2,73.2,74.4,Pass
2190,18,Male,1,96,1,Higher Secondary,Low,0,8.8,35.0,39.2,Fail
2191,17,Female,26,77,1,No Schooling,Medium,1,4.7,65.4,55.5,Pass
2192,17,Female,29,84,1,Secondary,Medium,1,5.0,75.5,89.1,Pass
2193,18,Male,27,72,1,Graduate,Medium,1,6.1,86.4,80.9,Pass
2194,17,Female,7,95,1,Higher Secondary,Low,1,6.9,45.0,39.9,Fail
2195,17,Female,12,64,1,Higher Secondary,High,1,7.0,45.1,48.0,Pass
2196,17,Male,7,51,0,Graduate,Low,0,5.5,40.6,43.7,Pass
2197,15,Male,27,100,1,Primary,Medium,1,8.6,76.2,78.7,Pass
2198,18,Male,23,61,1,Secondary,High,1,8.6,52.9,61.3,Pass
2199,17,Male,7,85,1,Primary,Medium,0,6.0,50.3,49.7,Pass
2200,18,Female,10,52,0,Graduate,Low,1,6.2,27.3,39.6,Fail
2201,16,Female,16,54,0,Graduate,Low,1,7.5,49.2,54.0,Pass
2202,16,Male,26,52,1,Secondary,High,1,7.3,64.9,56.1,Pass
2203,17,Male,8,96,0,Graduate,Low,1,5.9,49.0,34.7,Fail
2204,18,Male,9,68,0,Graduate,Medium,1,6.1,14.7,32.0,Fail
2205,18,Female,9,51,0,Secondary,High,0,5.7,36.6,33.8,Fail
2206,18,Male,2,93,1,Higher Secondary,Medium,1,5.2,38.3,26.0,Fail
2207,15,Female,13,86,1,Primary,High,0,6.3,54.5,54.2,Pass
2208,16,Male,13,66,1,Higher Secondary,High,1,7.4,52.3,53.2,Pass
2209,18,Male,23,63,1,Higher Secondary,Medium,0,7.7,59.6,61.7,Pass
2210,18,Male,23,77,1,Primary,Low,0,7.9,56.6,67.8,Pass
2211,15,Female,4,76,1,Higher Secondary,Medium,0,5.9,27.9,16.9,Fail
2212,15,Female,25,59,1,Secondary,Low,1,7.8,62.7,53.1,Pass
2213,18,Female,24,52,0,Primary,Low,1,4.0,58.3,71.0,Pass
2214,14,Male,12,85,1,No Schooling,Medium,0,6.4,42.3,33.7,Fail
2215,18,Female,17,87,1,Higher Secondary,High,1,8.0,69.0,52.8,Pass
2216,18,Female,2,74,1,Graduate,Medium,1,7.2,29.9,25.6,Fail
2217,15,Male,13,71,1,Primary,High,0,6.4,34.0,38.2,Fail
2218,15,Male,29,97,1,No Schooling,Low,1,7.2,86.6,80.0,Pass
2219,18,Female,18,88,1,Graduate,High,0,8.5,75.2,67.9,Pass
2220,18,Female,28,96,1,No Schooling,Medium,1,6.8,67.1,59.4,Pass
2221,18,Female,28,79,1,Higher Secondary,High,0,8.0,67.4,78.2,Pass
2222,15,Female,27,70,0,Graduate,Low,1,8.9,77.1,66.3,Pass
2223,18,Male,15,79,0,Higher Secondary,Low,1,7.5,56.9,55.3,Pass
2224,18,Male,8,77,1,Graduate,High,0,6.9,44.3,43.1,Pass
2225,17,Male,15,80,1,Primary,Low,0,4.2,49.8,52.1,Pass
2226,14,Female,1,75,0,Secondary,Low,1,5.9,2.4,11.1,Fail
2227,16,Female,20,92,1,Secondary,High,0,6.8,63.2,53.4,Pass
2228,14,Male,10,71,1,No Schooling,Low,0,8.0,43.0,40.1,Pass
2229,17,Male,12,70,0,Graduate,High,0,6.2,50.3,41.6,Pass
2230,16,Female,5,50,1,Higher Secondary,High,0,8.8,18.0,12.8,Fail
2231,18,Female,9,86,1,Primary,Low,0,5.4,59.1,52.6,Pass
2232,17,Male,23,62,1,Primary,High,1,7.7,58.0,56.4,Pass
2233,18,Male,8,70,0,Primary,Low,0,6.1,28.2,31.8,Fail
2234,15,Male,16,95,0,Secondary,Low,0,6.4,45.3,46.8,Pass
2235,17,Female,14,58,1,Higher Secondary,Low,0,8.0,51.9,42.9,Pass
2236,15,Female,27,66,0,Primary,Medium,0,5.5,49.3,48.2,Pass
2237,17,Female,25,96,0,Primary,Low,1,4.5,77.6,69.3,Pass
2238,17,Female,13,70,0,No Schooling,High,0,6.6,32.4,27.3,Fail
2239,15,Female,23,80,1,Graduate,High,1,6.6,66.1,73.9,Pass
2240,16,Female,21,88,0,Graduate,High,1,8.0,47.7,65.8,Pass
2241,14,Male,13,71,0,Graduate,Medium,0,8.8,48.7,56.4,Pass
2242,18,Male,5,61,0,No Schooling,Medium,0,4.3,24.3,26.5,Fail
2243,17,Female,16,55,1,Secondary,High,1,7.0,54.1,54.2,Pass
2244,18,Male,26,65,0,No Schooling,High,1,7.4,61.7,58.3,Pass
2245,15,Female,11,75,0,Primary,Medium,1,8.9,49.3,55.7,Pass
2246,18,Male,22,54,1,Higher Secondary,High,0,8.7,51.7,70.0,Pass
2247,15,Female,5,58,0,Primary,Low,1,7.6,37.3,32.8,Fail
2248,18,Male,13,95,0,Primary,Low,0,6.6,53.3,50.0,Pass
2249,14,Male,28,89,0,Higher Secondary,High,1,4.8,75.7,67.1,Pass
2250,14,Female,11,63,1,Graduate,Low,1,5.9,34.4,33.9,Fail
2251,14,Female,25,93,1,No Schooling,High,0,6.9,64.0,56.6,Pass
2252,14,Male,19,91,0,Secondary,Medium,0,7.6,48.1,50.9,Pass
2253,14,Male,3,79,0,Primary,High,1,7.2,47.5,43.0,Pass
2254,14,Female,15,75,0,Primary,Medium,0,7.6,52.8,55.4,Pass
2255,15,Male,7,94,0,Secondary,Low,0,6.1,39.1,38.4,Fail
2256,17,Female,7,78,0,No Schooling,Low,1,7.6,33.3,15.2,Fail
2257,18,Female,6,68,0,Primary,Low,0,4.7,21.5,23.7,Fail
2258,14,Male,3,96,1,Secondary,High,0,4.8,37.5,35.6,Fail
2259,15,Female,13,57,0,Primary,Medium,1,4.8,60.0,52.1,Pass
2260,15,Male,7,72,0,Graduate,Medium,1,8.5,37.2,47.2,Pass
2261,15,Male,5,91,0,Graduate,Low,0,4.4,46.8,36.6,Fail
2262,17,Female,23,84,1,Primary,Low,0,8.0,65.5,70.5,Pass
2263,18,Male,18,80,0,Primary,Medium,0,5.2,56.6,46.6,Pass
2264,17,Female,22,84,1,Graduate,High,1,6.3,61.4,66.7,Pass
2265,16,Female,8,81,0,Primary,Low,1,8.6,39.3,46.6,Pass
2266,15,Female,17,54,0,No Schooling,High,0,6.9,33.4,36.2,Fail
2267,16,Male,20,65,0,No Schooling,Low,0,5.1,52.5,42.2,Pass
2268,14,Female,27,66,0,Higher Secondary,Low,0,5.4,57.9,59.2,Pass
2269,14,Male,1,81,0,No Schooling,High,1,8.6,34.4,23.8,Fail
2270,17,Female,14,87,0,Primary,High,1,6.1,42.2,48.6,Pass
2271,18,Female,17,81,1,Primary,High,0,6.9,57.4,52.4,Pass
2272,16,Female,10,69,0,Secondary,High,0,6.3,37.4,43.7,Pass
2273,18,Male,12,97,0,No Schooling,Medium,0,5.9,48.5,33.3,Fail
2274,17,Male,16,51,0,Graduate,Medium,0,5.1,43.2,38.2,Fail
2275,14,Female,14,69,1,Graduate,Low,1,7.4,47.3,42.3,Pass
2276,18,Female,27,96,0,Higher Secondary,Low,0,7.6,100.0,92.9,Pass
2277,18,Male,16,67,1,Secondary,Low,0,5.4,51.8,33.7,Fail
2278,14,Male,8,50,0,Graduate,Medium,1,7.9,33.1,33.5,Fail
2279,16,Male,23,78,0,Higher Secondary,High,0,8.3,65.3,64.6,Pass
2280,14,Female,28,78,1,No Schooling,Low,0,8.6,63.2,73.5,Pass
2281,18,Male,10,68,1,Secondary,Medium,0,4.8,32.9,33.9,Fail
2282,16,Female,29,93,0,Secondary,Low,0,5.5,79.4,69.8,Pass
2283,16,Male,17,89,1,Primary,Medium,0,8.3,64.1,44.0,Pass
2284,14,Female,27,55,1,No Schooling,High,0,5.0,71.9,64.6,Pass
2285,18,Female,29,93,0,Secondary,Medium,1,4.0,62.1,55.1,Pass
2286,17,Female,18,88,0,Higher Secondary,High,0,8.4,52.1,46.1,Pass
2287,18,Male,20,99,0,Graduate,Low,1,5.6,68.0,57.6,Pass
2288,15,Male,16,95,1,No Schooling,High,1,6.1,67.7,67.3,Pass
2289,17,Male,17,57,0,No Schooling,Medium,1,6.2,52.9,42.6,Pass
2290,16,Female,16,73,0,Secondary,Low,1,8.2,42.4,33.2,Fail
2291,17,Female,19,69,1,Secondary,Low,0,5.7,57.3,51.8,Pass
2292,16,Male,24,63,1,Secondary,Medium,0,8.5,61.1,63.8,Pass
2293,16,Female,24,54,0,Higher Secondary,High,0,7.1,55.4,58.2,Pass
2294,17,Female,8,90,1,Primary,Medium,0,6.6,31.0,27.6,Fail
2295,16,Female,6,89,1,Secondary,High,1,5.6,34.4,30.2,Fail
2296,16,Male,6,83,1,Primary,High,1,5.2,60.0,48.8,Pass
2297,15,Female,21,65,0,Primary,Low,1,7.1,65.9,57.9,Pass
2298,18,Male,29,94,0,No Schooling,High,0,6.2,71.1,81.3,Pass
2299,18,Male,9,56,0,Graduate,Low,1,8.6,34.8,36.9,Fail
2300,15,Male,4,65,1,Graduate,Medium,0,6.5,50.7,49.3,Pass
2301,17,Male,26,56,0,Higher Secondary,Medium,1,6.6,61.3,67.6,Pass
2302,14,Male,12,76,0,Higher Secondary,Low,0,6.1,39.6,30.6,Fail
2303,14,Female,28,63,1,Graduate,Low,1,7.9,61.0,52.8,Pass
2304,14,Male,12,63,1,Graduate,High,1,6.1,42.6,51.0,Pass
2305,15,Male,23,93,0,No Schooling,Low,0,5.3,45.6,44.8,Pass
2306,15,Male,17,82,1,No Schooling,Medium,1,8.3,63.3,60.8,Pass
2307,16,Female,15,82,0,Graduate,Low,1,7.0,64.7,54.4,Pass
2308,14,Female,9,93,0,Secondary,Low,0,7.0,54.1,58.8,Pass
2309,17,Female,7,69,0,Secondary,Low,1,7.1,29.2,31.0,Fail
2310,17,Female,10,96,1,No Schooling,High,1,7.6,28.9,23.4,Fail
2311,14,Male,16,85,1,Primary,Low,1,5.6,60.9,53.9,Pass
2312,14,Male,12,56,0,Graduate,High,1,4.2,53.0,55.4,Pass
2313,14,Female,25,81,0,Higher Secondary,High,0,8.1,45.8,50.2,Pass
2314,15,Female,7,97,0,Secondary,Low,0,4.6,35.9,20.2,Fail
2315,15,Female,18,52,0,Primary,High,1,7.6,51.2,60.1,Pass
2316,15,Female,15,88,1,Secondary,Low,0,4.4,43.5,35.5,Fail
2317,18,Male,6,78,0,Primary,Medium,1,5.9,20.1,10.3,Fail
2318,17,Female,26,73,0,Graduate,Medium,0,4.3,53.5,50.5,Pass
2319,17,Female,12,71,1,Graduate,High,1,6.6,41.6,44.3,Pass
2320,16,Female,11,55,0,Graduate,Medium,1,7.3,19.1,32.1,Fail
2321,15,Female,20,97,0,No Schooling,Low,0,4.9,69.8,66.5,Pass
2322,18,Female,3,73,0,Primary,High,1,5.9,46.9,29.0,Fail
2323,18,Female,2,89,0,Higher Secondary,Low,1,8.7,35.0,39.8,Fail
2324,17,Female,6,72,0,Higher Secondary,High,1,6.2,42.9,43.4,Pass
2325,15,Male,24,87,1,Graduate,High,1,8.0,55.3,65.4,Pass
2326,16,Male,22,59,1,Higher Secondary,High,0,8.6,52.3,50.5,Pass
2327,15,Male,25,65,1,Secondary,High,0,8.9,54.2,58.0,Pass
2328,14,Male,5,60,1,Primary,Medium,0,8.5,32.6,36.0,Fail
2329,15,Male,18,81,0,Primary,Medium,0,5.6,24.3,40.1,Pass
2330,14,Male,16,94,1,Primary,Medium,1,8.8,57.2,49.3,Pass
2331,14,Female,8,55,1,Secondary,High,1,8.1,42.8,55.5,Pass
2332,16,Female,25,73,1,No Schooling,Medium,1,8.2,69.8,70.4,Pass
2333,17,Male,26,82,1,Secondary,High,1,4.1,79.4,80.7,Pass
2334,15,Female,20,100,1,Primary,Medium,0,8.8,57.0,50.6,Pass
2335,14,Male,22,61,1,Primary,High,0,7.9,26.1,44.1,Pass
2336,15,Female,11,76,1,Primary,Medium,0,7.8,53.3,39.8,Fail
2337,17,Female,10,87,1,Higher Secondary,Medium,1,4.4,56.7,48.3,Pass
2338,17,Female,24,67,0,No Schooling,Medium,1,5.2,76.8,75.0,Pass
2339,18,Female,25,94,1,Secondary,High,1,8.8,74.4,79.1,Pass
2340,17,Female,12,88,0,Primary,High,1,6.5,53.6,43.4,Pass
2341,16,Female,21,62,1,Graduate,Medium,0,6.0,76.4,55.0,Pass
2342,14,Male,28,89,1,No Schooling,High,0,8.2,53.2,66.5,Pass
2343,18,Male,6,79,1,Graduate,Low,0,4.4,40.1,30.7,Fail
2344,16,Female,27,98,0,No Schooling,Medium,1,6.1,87.1,77.7,Pass
2345,15,Male,20,90,0,Primary,Medium,0,5.9,59.1,50.9,Pass
2346,14,Female,5,62,1,No Schooling,Low,1,5.7,34.8,31.1,Fail
2347,17,Male,23,83,0,No Schooling,High,0,5.5,44.6,51.5,Pass
2348,14,Female,9,85,1,Primary,High,0,5.1,56.7,55.5,Pass
2349,15,Male,26,79,0,Graduate,High,1,4.9,78.4,57.3,Pass
2350,18,Female,27,74,0,Graduate,Medium,1,7.2,80.5,67.7,Pass
2351,18,Male,29,51,0,Higher Secondary,Medium,1,8.6,63.6,75.1,Pass
2352,18,Female,16,85,1,Graduate,Medium,0,6.5,49.3,32.3,Fail
2353,17,Male,22,67,0,Graduate,Medium,0,5.5,53.0,50.0,Pass
2354,16,Female,14,54,0,No Schooling,Medium,0,4.8,54.2,68.2,Pass
2355,16,Female,22,68,1,Higher Secondary,High,0,8.2,53.8,57.3,Pass
2356,14,Female,8,91,0,Primary,Low,1,8.9,59.1,57.9,Pass
2357,17,Male,27,67,1,Primary,High,0,5.7,62.1,52.0,Pass
2358,18,Male,20,81,1,Secondary,High,1,5.5,53.7,60.2,Pass
2359,18,Male,19,70,0,Higher Secondary,Medium,0,7.0,28.7,37.6,Fail
2360,15,Female,14,59,1,No Schooling,Low,1,7.9,52.4,54.2,Pass
2361,15,Male,7,86,0,Secondary,Low,1,6.3,49.0,46.8,Pass
2362,18,Female,5,98,0,Secondary,High,0,7.2,25.4,23.5,Fail
2363,18,Male,18,71,1,Primary,Low,0,7.6,66.1,66.8,Pass
2364,17,Male,2,62,0,Graduate,High,1,8.8,12.8,10.6,Fail
2365,16,Male,11,66,0,No Schooling,High,0,4.8,43.4,40.8,Pass
2366,15,Male,22,58,1,Higher Secondary,High,1,9.0,66.0,71.9,Pass
2367,16,Female,8,73,1,Secondary,High,0,6.0,47.6,37.6,Fail
2368,17,Male,1,93,0,No Schooling,Medium,0,7.6,9.7,7.8,Fail
2369,18,Male,27,63,1,Primary,Low,0,6.9,73.1,69.9,Pass
2370,16,Female,22,95,1,Secondary,Medium,0,6.4,63.1,71.6,Pass
2371,18,Female,12,57,1,Secondary,Medium,0,7.5,34.7,46.7,Pass
2372,18,Male,2,86,1,Primary,Medium,1,6.0,45.1,41.7,Pass
2373,14,Male,18,68,0,Primary,High,0,4.6,57.0,66.2,Pass
2374,16,Female,7,77,0,Primary,High,1,6.4,18.7,24.6,Fail
2375,16,Female,26,95,1,No Schooling,Medium,1,6.6,62.6,67.7,Pass
2376,18,Female,17,90,0,No Schooling,Medium,1,5.0,69.5,45.4,Pass
2377,17,Male,22,79,1,No Schooling,Low,0,8.7,64.4,59.4,Pass
2378,14,Male,23,56,1,Graduate,Medium,1,5.1,61.1,65.3,Pass
2379,18,Male,14,75,0,Secondary,High,1,6.0,38.6,48.5,Pass
2380,15,Female,24,89,0,No Schooling,Medium,1,4.8,72.1,57.9,Pass
2381,15,Female,7,95,0,Graduate,Low,1,6.7,56.2,46.6,Pass
2382,14,Female,22,95,0,Secondary,Low,1,5.5,89.7,95.3,Pass
2383,17,Male,25,60,1,No Schooling,Medium,1,6.4,60.0,63.0,Pass
2384,18,Female,29,63,1,Primary,Low,0,5.1,74.2,85.4,Pass
2385,16,Male,3,70,0,Higher Secondary,Low,1,4.3,49.0,39.7,Fail
2386,14,Female,27,57,1,No Schooling,High,1,7.9,51.1,66.2,Pass
2387,17,Male,6,52,0,Higher Secondary,Low,0,7.2,42.6,31.7,Fail
2388,16,Male,20,77,0,No Schooling,Low,1,5.7,60.1,46.0,Pass
2389,15,Female,2,78,0,Primary,Medium,0,4.2,27.1,28.7,Fail
2390,15,Male,17,72,1,Higher Secondary,High,0,8.3,44.7,52.8,Pass
2391,16,Female,12,67,1,Graduate,Low,1,4.8,42.5,41.3,Pass
2392,14,Male,12,84,0,Primary,Medium,1,8.7,40.7,33.8,Fail
2393,15,Female,17,62,0,Higher Secondary,Medium,0,6.4,34.6,39.2,Fail
2394,18,Female,27,61,0,Higher Secondary,Medium,0,5.7,63.3,61.5,Pass
2395,16,Male,10,96,0,Primary,Medium,0,7.7,54.9,46.0,Pass
2396,16,Female,3,99,1,Primary,Medium,0,8.4,26.7,30.3,Fail
2397,15,Male,20,54,1,Primary,Medium,1,5.9,47.2,57.0,Pass
2398,14,Female,18,88,0,Secondary,Low,0,6.0,56.0,57.5,Pass
2399,18,Female,13,60,0,Graduate,High,0,6.2,26.4,35.2,Fail
2400,14,Female,12,60,1,No Schooling,High,0,8.6,41.4,45.7,Pass
2401,17,Female,27,96,0,Higher Secondary,Medium,1,7.5,71.6,72.2,Pass
2402,17,Male,27,91,1,No Schooling,Medium,0,5.2,54.4,53.8,Pass
2403,15,Female,27,96,1,Primary,High,0,4.9,77.0,74.1,Pass
2404,15,Female,17,80,0,Graduate,Low,1,5.2,48.9,55.2,Pass
2405,15,Male,4,80,1,Graduate,Medium,1,5.3,48.3,37.6,Fail
2406,17,Male,23,62,1,Secondary,High,0,5.2,54.1,49.7,Pass
2407,14,Male,10,63,1,Primary,High,0,7.3,29.8,25.1,Fail
2408,14,Male,11,98,1,Higher Secondary,Medium,0,4.6,48.6,35.8,Fail
2409,15,Male,6,94,0,Secondary,High,1,5.9,54.6,35.5,Fail
2410,18,Male,6,91,1,Primary,Low,1,7.1,62.7,74.1,Pass
2411,14,Female,27,74,1,Secondary,High,0,5.5,71.6,64.1,Pass
2412,17,Male,9,82,1,No Schooling,Medium,0,4.3,35.2,33.2,Fail
2413,16,Female,15,82,0,Primary,Medium,0,4.4,47.4,45.0,Pass
2414,16,Male,2,64,0,Higher Secondary,High,1,4.6,26.2,34.1,Fail
2415,16,Female,4,65,0,Higher Secondary,High,0,8.2,24.0,30.9,Fail
2416,18,Female,5,93,1,Primary,Medium,0,7.3,35.9,37.7,Fail
2417,15,Female,17,87,0,Secondary,Low,1,4.3,46.9,48.3,Pass
2418,17,Male,8,55,0,Graduate,High,0,6.0,38.3,38.8,Fail
2419,18,Male,8,93,0,Primary,Low,1,5.4,53.5,47.6,Pass
2420,17,Male,22,74,1,Higher Secondary,Low,1,6.9,63.4,58.9,Pass
2421,17,Male,12,64,0,No Schooling,Medium,0,6.6,49.8,40.1,Pass
2422,15,Female,21,53,0,Higher Secondary,Medium,1,6.4,58.3,59.9,Pass
2423,16,Male,8,53,0,Graduate,Medium,1,5.6,21.7,21.8,Fail
2424,15,Female,19,79,1,Higher Secondary,Low,0,4.7,51.7,53.3,Pass
2425,18,Female,3,83,1,Graduate,Medium,1,7.7,52.2,34.3,Fail
2426,18,Male,18,76,0,Primary,Medium,1,8.4,51.2,43.4,Pass
2427,18,Male,21,80,0,Higher Secondary,Low,0,8.7,48.6,46.2,Pass
2428,15,Male,19,81,0,Secondary,Low,0,4.3,60.0,55.8,Pass
2429,17,Female,19,93,1,Secondary,Low,0,7.7,56.6,45.5,Pass
2430,17,Male,15,88,1,Higher Secondary,Low,0,7.6,57.5,71.2,Pass
2431,14,Female,6,58,0,Higher Secondary,High,0,8.7,26.0,46.5,Pass
2432,18,Male,16,90,1,No Schooling,Medium,1,5.3,51.0,56.8,Pass
2433,17,Female,8,57,0,Higher Secondary,High,1,7.7,27.2,29.0,Fail
2434,14,Male,16,63,1,No Schooling,Low,1,4.3,34.0,34.5,Fail
2435,17,Male,18,82,0,No Schooling,Low,1,7.2,45.5,52.7,Pass
2436,18,Female,20,72,1,No Schooling,Low,1,5.8,65.9,67.3,Pass
2437,16,Male,16,70,0,No Schooling,Low,0,7.8,57.1,58.8,Pass
2438,18,Male,11,61,1,Primary,Low,0,8.3,31.7,27.3,Fail
2439,15,Male,7,51,0,Secondary,Medium,0,5.8,12.1,18.3,Fail
2440,17,Male,17,62,0,No Schooling,High,0,6.6,55.5,59.1,Pass
2441,17,Male,17,53,0,Secondary,High,1,4.6,58.1,35.1,Fail
2442,15,Male,12,69,0,No Schooling,Medium,0,6.1,45.9,35.6,Fail
2443,15,Male,13,99,1,Secondary,Medium,0,5.8,37.7,44.2,Pass
2444,16,Female,10,100,0,Higher Secondary,Medium,1,4.9,55.2,44.5,Pass
2445,17,Female,7,97,1,Higher Secondary,High,1,8.5,53.1,45.2,Pass
2446,17,Male,14,63,1,Secondary,High,0,4.7,51.9,56.8,Pass
2447,16,Male,23,79,0,No Schooling,Low,1,7.2,64.7,65.4,Pass
2448,14,Male,1,78,0,Primary,High,1,8.5,22.4,20.7,Fail
2449,16,Female,17,57,0,Secondary,High,0,8.6,38.6,44.6,Pass
2450,18,Female,4,61,0,Graduate,Medium,1,8.0,41.1,35.3,Fail
2451,17,Male,21,90,1,Primary,High,0,4.9,65.3,55.2,Pass
2452,15,Female,5,87,1,Graduate,Low,1,8.1,28.5,29.0,Fail
2453,18,Male,20,75,1,Secondary,High,1,5.4,77.6,59.9,Pass
2454,17,Male,24,99,1,No Schooling,Medium,1,8.6,85.3,78.0,Pass
2455,16,Male,23,51,0,Graduate,Medium,1,7.5,71.4,66.1,Pass
2456,18,Male,25,89,1,Secondary,Low,0,7.9,78.5,78.4,Pass
2457,17,Female,7,63,0,Primary,Low,1,4.4,25.1,38.1,Fail
2458,14,Female,10,55,0,No Schooling,High,0,6.9,34.8,39.2,Fail
2459,14,Male,17,91,1,Graduate,Low,0,8.1,61.8,61.2,Pass
2460,15,Female,29,89,1,Secondary,Low,1,8.3,64.8,73.9,Pass
2461,17,Female,7,80,1,No Schooling,Medium,1,4.1,30.8,22.1,Fail
2462,14,Male,1,66,1,No Schooling,Medium,0,8.7,31.7,35.9,Fail
2463,16,Female,7,74,1,Higher Secondary,High,1,4.2,48.9,43.2,Pass
2464,17,Male,26,81,1,No Schooling,High,1,7.1,95.0,86.0,Pass
2465,16,Male,24,61,0,Secondary,High,0,7.5,51.7,62.1,Pass
2466,16,Male,11,98,0,Primary,High,1,4.5,34.1,37.3,Fail
2467,14,Male,9,62,0,Higher Secondary,Medium,0,4.2,30.6,33.2,Fail
2468,17,Female,12,68,1,Secondary,High,1,7.9,54.8,59.9,Pass
2469,18,Male,3,93,0,Secondary,High,1,5.9,33.8,23.7,Fail
2470,14,Female,4,97,0,Secondary,Low,1,4.5,41.1,43.7,Pass
2471,14,Male,4,74,0,Graduate,High,1,7.8,26.8,15.8,Fail
2472,17,Male,28,80,0,Graduate,Low,1,8.2,82.9,87.3,Pass
2473,17,Female,25,86,0,Primary,Medium,1,6.9,75.7,75.0,Pass
2474,16,Male,13,74,0,Secondary,High,0,4.8,33.5,28.6,Fail
2475,17,Female,23,65,1,Graduate,Low,0,4.1,51.8,62.6,Pass
2476,16,Female,19,87,1,Graduate,High,1,7.5,55.8,43.2,Pass
2477,14,Male,10,92,1,Graduate,Low,1,6.8,32.0,48.4,Pass
2478,15,Male,5,98,0,Primary,High,0,7.3,29.3,48.4,Pass
2479,18,Male,7,72,1,Primary,Medium,0,8.1,17.4,24.5,Fail
2480,14,Male,24,63,1,Secondary,Medium,0,6.2,67.2,58.7,Pass
2481,17,Male,16,55,0,Higher Secondary,Low,1,4.6,55.6,47.1,Pass
2482,18,Male,1,74,1,Secondary,Low,1,8.7,28.7,36.3,Fail
2483,15,Female,12,72,0,Graduate,Medium,1,6.7,46.6,43.0,Pass
2484,15,Female,2,92,1,Graduate,High,0,7.1,44.3,13.2,Fail
2485,16,Male,7,61,0,No Schooling,Low,0,8.7,36.6,41.1,Pass
2486,18,Female,11,62,0,Secondary,Medium,1,8.7,60.1,62.5,Pass
2487,16,Female,29,85,1,Graduate,Low,0,6.9,74.6,80.4,Pass
2488,14,Male,13,88,0,Graduate,Medium,1,5.5,65.4,61.6,Pass
2489,18,Male,2,83,1,Higher Secondary,Medium,1,9.0,36.9,47.4,Pass
2490,14,Female,7,55,0,No Schooling,Low,0,7.4,25.8,28.3,Fail
2491,16,Male,15,87,1,Secondary,Low,1,6.0,63.4,71.0,Pass
2492,18,Female,25,99,1,Primary,Medium,0,6.8,75.7,72.3,Pass
2493,16,Male,11,89,0,Secondary,High,0,6.1,37.1,47.4,Pass
2494,18,Female,2,57,1,Secondary,Medium,1,8.4,19.9,22.5,Fail
2495,16,Female,7,57,1,Higher Secondary,High,1,6.4,36.3,51.4,Pass
2496,15,Female,4,89,1,Secondary,High,0,8.1,16.8,28.2,Fail
2497,16,Female,11,82,0,Higher Secondary,High,1,8.2,43.0,43.7,Pass
2498,15,Male,29,83,0,Higher Secondary,Low,0,8.1,58.6,58.5,Pass
2499,16,Male,2,93,1,Graduate,Medium,1,7.6,33.1,32.2,Fail
2500,18,Female,29,64,1,Primary,Medium,0,8.3,57.9,61.3,Pass
2501,18,Female,16,85,0,Higher Secondary,High,0,5.9,57.2,57.7,Pass
2502,18,Male,7,84,0,No Schooling,High,1,4.6,45.2,43.5,Pass
2503,17,Male,13,95,1,No Schooling,High,1,8.2,56.5,62.5,Pass
2504,14,Female,5,71,0,Primary,Medium,0,6.5,25.0,31.1,Fail
2505,18,Female,17,72,0,Higher Secondary,High,0,4.6,57.4,54.2,Pass
2506,15,Female,21,89,1,Primary,Medium,0,4.6,70.2,75.0,Pass
2507,18,Female,12,94,0,Graduate,Medium,0,4.8,45.1,53.9,Pass
2508,17,Female,28,100,0,No Schooling,Low,1,7.8,90.5,77.6,Pass
2509,15,Male,19,71,0,Secondary,High,1,7.6,52.9,70.2,Pass
2510,17,Female,7,54,1,No Schooling,High,1,5.0,36.7,43.5,Pass
2511,15,Male,6,80,0,Higher Secondary,High,0,8.2,27.3,24.2,Fail
2512,16,Male,8,62,1,Primary,Low,1,5.4,34.7,18.7,Fail
2513,14,Male,13,77,0,No Schooling,High,0,8.0,36.3,51.4,Pass
2514,14,Female,5,69,0,Secondary,Medium,0,6.4,35.1,34.4,Fail
2515,17,Male,2,82,1,Secondary,High,1,7.7,39.4,30.8,Fail
2516,14,Male,9,65,1,Primary,Medium,1,5.9,30.5,35.1,Fail
2517,17,Male,11,78,1,Primary,Medium,0,5.7,48.6,54.3,Pass
2518,17,Male,24,72,1,No Schooling,Medium,0,8.2,78.5,59.9,Pass
2519,17,Female,6,73,0,Higher Secondary,Medium,1,4.2,29.3,28.4,Fail
2520,14,Female,29,83,1,Graduate,High,0,8.9,64.2,72.9,Pass
2521,17,Male,26,56,1,Secondary,Low,1,7.2,63.9,79.8,Pass
2522,14,Male,7,87,1,Primary,Low,1,6.2,58.4,54.7,Pass
2523,17,Female,25,86,0,Graduate,Medium,0,7.1,58.9,70.4,Pass
2524,18,Female,7,53,0,Graduate,High,0,4.6,44.8,34.4,Fail
2525,17,Female,19,83,1,Graduate,Low,0,6.6,45.8,56.0,Pass
2526,15,Male,6,91,1,Higher Secondary,High,0,8.9,41.2,36.3,Fail
2527,17,Female,11,71,1,Primary,Low,0,5.2,23.8,28.5,Fail
2528,16,Male,29,54,1,Secondary,Medium,1,7.6,58.3,71.9,Pass
2529,17,Male,11,99,0,Primary,Medium,1,6.2,49.1,46.4,Pass
2530,15,Female,7,91,1,No Schooling,Medium,1,7.3,48.5,46.0,Pass
2531,15,Male,2,72,0,Secondary,Low,1,5.0,42.0,43.3,Pass
2532,14,Female,19,64,1,Primary,High,0,6.4,43.7,46.2,Pass
2533,18,Male,4,80,1,Secondary,Medium,1,8.9,42.2,30.9,Fail
2534,17,Female,26,58,0,No Schooling,High,0,5.0,43.0,45.3,Pass
2535,14,Male,6,92,1,Secondary,High,0,7.2,49.7,34.3,Fail
2536,18,Male,17,74,1,Graduate,Medium,0,6.9,63.8,73.0,Pass
2537,17,Female,25,74,1,Higher Secondary,Low,0,6.8,73.1,77.3,Pass
2538,16,Female,5,98,1,No Schooling,Medium,0,7.1,50.3,51.3,Pass
2539,17,Female,29,70,0,Secondary,Medium,1,6.5,68.6,79.3,Pass
2540,15,Female,28,58,1,No Schooling,Low,0,4.1,65.2,64.9,Pass
2541,15,Male,7,97,1,Graduate,High,0,8.5,41.6,53.8,Pass
2542,16,Female,9,87,0,Higher Secondary,Low,1,8.1,44.1,37.9,Fail
2543,14,Female,25,71,1,No Schooling,Low,1,4.9,59.4,77.6,Pass
2544,18,Male,1,92,0,Graduate,Medium,1,6.1,36.9,31.2,Fail
2545,17,Female,1,72,1,Graduate,Low,0,7.9,30.3,42.8,Pass
2546,15,Female,19,98,1,Graduate,Low,0,8.9,70.8,60.0,Pass
2547,14,Male,6,53,1,Secondary,Low,0,8.8,31.8,31.0,Fail
2548,16,Female,18,78,0,Primary,High,0,8.5,59.2,47.3,Pass
2549,15,Female,10,64,0,No Schooling,High,1,4.8,31.8,41.2,Pass
2550,16,Female,28,50,1,Primary,Medium,1,8.6,79.2,82.3,Pass
2551,17,Female,11,79,0,Graduate,Medium,1,8.4,42.8,60.7,Pass
2552,18,Female,1,78,1,Primary,High,1,5.9,12.4,11.4,Fail
2553,15,Female,1,69,0,Graduate,Low,1,6.0,23.3,32.7,Fail
2554,15,Male,13,82,1,Graduate,Medium,1,6.3,57.9,53.3,Pass
2555,17,Female,5,90,0,Higher Secondary,Medium,0,7.3,35.3,33.2,Fail
2556,14,Male,20,93,1,Higher Secondary,Low,0,5.3,41.5,44.9,Pass
2557,18,Male,1,85,0,Primary,Low,1,4.1,34.2,19.5,Fail
2558,15,Male,20,71,0,No Schooling,Low,1,4.7,57.6,59.2,Pass
2559,18,Male,3,62,0,Primary,Low,1,6.2,18.4,22.6,Fail
2560,15,Female,18,56,0,No Schooling,Low,1,5.4,54.4,40.9,Pass
2561,18,Female,9,57,1,Primary,High,0,7.8,32.3,15.9,Fail
2562,16,Female,14,77,1,Secondary,Low,0,4.5,27.6,30.7,Fail
2563,15,Male,27,94,0,Secondary,Medium,0,8.6,75.7,86.6,Pass
2564,18,Female,17,92,1,No Schooling,High,1,8.5,62.8,63.3,Pass
2565,14,Female,23,58,0,Higher Secondary,Medium,1,8.5,72.0,61.4,Pass
2566,16,Female,14,74,1,No Schooling,Low,1,7.7,42.6,31.8,Fail
2567,16,Male,29,65,0,Primary,Medium,0,4.5,60.7,74.3,Pass
2568,14,Male,4,59,1,Graduate,Low,0,6.2,37.4,19.9,Fail
2569,18,Female,5,60,1,Secondary,Medium,0,4.7,19.3,27.3,Fail
2570,17,Male,26,80,0,Graduate,Medium,1,8.9,78.3,83.0,Pass
2571,14,Male,21,61,0,Secondary,Low,0,5.7,60.4,73.0,Pass
2572,18,Female,17,80,0,Primary,Medium,0,6.9,52.6,48.4,Pass
2573,14,Male,22,63,0,Secondary,High,1,7.9,55.2,67.7,Pass
2574,14,Male,29,100,0,No Schooling,Medium,0,8.6,67.0,84.9,Pass
2575,15,Female,25,93,1,Graduate,High,1,7.8,66.2,58.4,Pass
2576,18,Male,2,81,0,Graduate,High,1,7.4,35.4,32.8,Fail
2577,17,Male,23,99,1,Primary,Medium,1,6.3,43.4,51.7,Pass
2578,15,Male,22,66,0,Graduate,High,0,7.0,47.2,45.8,Pass
2579,14,Male,5,84,1,Primary,High,0,4.5,28.8,28.8,Fail
2580,14,Male,4,50,1,Higher Secondary,Medium,1,8.4,19.1,15.4,Fail
2581,14,Male,4,78,0,No Schooling,Low,0,6.7,31.3,33.1,Fail
2582,18,Male,6,100,0,Secondary,Low,1,4.2,29.3,44.8,Pass
2583,18,Male,20,53,1,Secondary,High,0,8.6,60.9,61.2,Pass
2584,15,Female,21,72,1,Secondary,High,1,6.4,70.2,65.8,Pass
2585,17,Female,13,77,0,Higher Secondary,Low,1,8.3,61.2,68.4,Pass
2586,15,Female,22,65,1,No Schooling,High,0,8.3,50.2,67.8,Pass
2587,16,Female,5,61,1,Graduate,Low,1,8.1,35.9,30.3,Fail
2588,14,Male,23,70,1,Graduate,Medium,1,4.3,71.7,72.1,Pass
2589,14,Female,25,94,1,No Schooling,High,1,5.2,72.4,46.1,Pass
2590,14,Female,26,66,1,No Schooling,Medium,1,8.4,61.1,59.5,Pass
2591,15,Male,23,89,1,Secondary,Low,1,8.5,70.4,79.4,Pass
2592,15,Male,7,62,0,Graduate,Low,0,6.3,27.0,25.3,Fail
2593,14,Male,20,81,0,No Schooling,Medium,0,6.2,43.6,48.0,Pass
2594,15,Male,1,86,0,Graduate,High,1,4.9,8.5,4.4,Fail
2595,18,Male,14,99,0,No Schooling,Medium,0,8.8,41.5,38.0,Fail
2596,18,Female,24,64,1,Primary,Medium,1,5.1,39.6,29.1,Fail
2597,15,Male,4,61,0,Secondary,High,1,5.0,20.6,18.7,Fail
2598,14,Female,17,98,1,No Schooling,Low,1,7.3,77.1,72.3,Pass
2599,15,Female,21,64,1,Higher Secondary,Medium,1,5.2,40.2,49.1,Pass
2600,15,Male,14,83,0,No Schooling,Medium,1,8.7,55.4,48.2,Pass
2601,15,Female,16,55,0,Primary,Low,0,4.1,52.7,37.9,Fail
2602,16,Female,14,66,1,Higher Secondary,Medium,0,4.0,28.1,29.9,Fail
2603,18,Male,16,97,0,Higher Secondary,Low,0,6.5,71.0,52.6,Pass
2604,17,Female,24,98,0,No Schooling,High,0,6.4,64.6,59.5,Pass
2605,17,Female,20,69,1,Primary,Low,0,4.8,67.3,63.2,Pass
2606,16,Female,29,58,1,Higher Secondary,Low,0,6.5,66.6,64.0,Pass
2607,15,Male,28,54,1,Secondary,Medium,1,6.1,61.6,77.0,Pass
2608,16,Male,8,72,1,Secondary,Low,0,8.5,7.5,12.7,Fail
2609,16,Male,24,82,1,Graduate,Low,1,4.0,57.5,53.7,Pass
2610,14,Female,3,87,1,Graduate,Medium,1,8.9,45.4,47.1,Pass
2611,18,Male,25,63,0,Primary,Low,0,7.1,71.8,77.1,Pass
2612,17,Female,19,66,0,Higher Secondary,Medium,0,4.8,34.3,45.7,Pass
2613,15,Male,1,68,0,Secondary,High,1,4.2,26.3,16.5,Fail
2614,17,Female,2,82,1,Secondary,Low,1,6.7,31.1,33.0,Fail
2615,17,Male,15,50,1,Primary,High,1,5.2,49.7,54.4,Pass
2616,18,Male,22,62,0,Higher Secondary,Low,1,5.5,57.5,62.2,Pass
2617,17,Female,28,95,0,Primary,Low,1,5.2,71.8,71.5,Pass
2618,17,Male,10,76,0,No Schooling,High,0,7.3,44.2,47.9,Pass
2619,16,Female,18,55,1,Secondary,High,0,6.8,39.6,45.7,Pass
2620,18,Male,22,55,0,Primary,Medium,1,4.4,54.6,58.9,Pass
2621,14,Male,14,82,0,Primary,Medium,1,6.6,58.3,54.7,Pass
2622,15,Female,17,79,0,No Schooling,High,1,8.0,46.9,39.3,Fail
2623,17,Female,27,95,1,Graduate,Low,1,4.4,73.4,66.3,Pass
2624,15,Female,13,84,0,Secondary,Medium,1,8.4,44.1,63.6,Pass
2625,14,Male,1,72,0,Primary,Low,1,6.9,32.6,13.1,Fail
2626,15,Female,5,59,1,Secondary,Medium,1,8.8,36.7,49.0,Pass
2627,14,Male,26,100,1,Graduate,Medium,1,4.7,71.8,74.5,Pass
2628,16,Female,13,68,1,Primary,Medium,0,9.0,46.3,49.3,Pass
2629,17,Female,27,100,1,No Schooling,High,1,7.2,50.4,47.0,Pass
2630,14,Female,25,77,1,Secondary,Low,1,6.8,77.0,74.4,Pass
2631,15,Female,14,72,0,No Schooling,High,0,6.6,51.6,44.1,Pass
2632,17,Female,24,53,0,Graduate,Medium,1,4.1,51.8,64.7,Pass
2633,16,Female,3,69,1,Graduate,High,1,8.7,26.1,23.2,Fail
2634,17,Male,15,68,1,Secondary,High,1,7.2,50.3,48.6,Pass
2635,14,Female,19,91,1,Graduate,High,1,4.5,54.7,55.4,Pass
2636,16,Male,17,76,1,Higher Secondary,Low,0,4.1,43.8,39.6,Fail
2637,15,Female,3,83,0,Secondary,High,1,4.3,37.5,37.7,Fail
2638,16,Female,16,53,0,Higher Secondary,High,1,7.0,53.0,50.6,Pass
2639,16,Female,14,87,1,Graduate,High,1,7.1,58.3,39.7,Fail
2640,18,Male,12,56,1,Secondary,High,0,6.5,66.7,58.6,Pass
2641,16,Male,28,97,1,Higher Secondary,High,1,5.5,91.6,90.4,Pass
2642,16,Female,12,56,1,Graduate,High,1,6.7,50.2,59.3,Pass
2643,17,Male,29,99,0,Primary,High,0,6.6,80.2,83.7,Pass
2644,15,Female,11,75,1,Primary,Medium,0,4.1,42.9,48.7,Pass
2645,17,Female,17,75,1,No Schooling,High,0,5.4,56.0,57.6,Pass
2646,17,Male,8,68,0,Primary,High,0,4.3,34.4,24.5,Fail
2647,14,Male,17,58,1,Higher Secondary,Low,1,8.5,61.4,54.4,Pass
2648,17,Male,21,69,0,Primary,Medium,0,7.6,49.4,37.2,Fail
2649,18,Male,25,91,1,Secondary,High,0,9.0,64.5,67.8,Pass
2650,18,Female,23,94,1,Secondary,Low,0,5.5,77.5,76.7,Pass
2651,14,Male,20,99,0,Secondary,High,1,8.4,60.1,49.5,Pass
2652,15,Male,11,65,1,Primary,High,0,7.0,29.6,45.3,Pass
2653,15,Female,25,66,0,Primary,High,1,6.3,54.8,59.6,Pass
2654,17,Male,25,71,0,No Schooling,High,1,5.1,71.3,61.7,Pass
2655,17,Male,2,62,0,Graduate,High,0,7.7,48.3,27.2,Fail
2656,17,Male,10,61,1,No Schooling,Low,1,8.5,32.4,50.9,Pass
2657,15,Male,10,59,1,Higher Secondary,High,0,5.2,42.2,49.0,Pass
2658,16,Female,11,50,0,Secondary,Low,0,4.9,33.0,31.3,Fail
2659,18,Female,28,81,1,Primary,High,1,7.5,85.6,90.2,Pass
2660,16,Male,6,79,1,Graduate,Low,1,8.9,47.1,42.1,Pass
2661,16,Male,4,57,1,Graduate,Medium,1,7.7,43.0,33.4,Fail
2662,15,Female,24,70,0,Primary,High,1,5.4,64.9,59.4,Pass
2663,16,Male,12,71,0,No Schooling,Medium,0,6.1,31.0,33.7,Fail
2664,14,Male,11,67,1,Graduate,Medium,1,5.9,37.8,35.4,Fail
2665,17,Male,23,51,0,No Schooling,Medium,1,8.3,56.9,63.0,Pass
2666,14,Male,23,97,1,Primary,High,1,7.9,76.3,86.5,Pass
2667,18,Male,27,93,1,No Schooling,Medium,1,6.9,72.6,91.7,Pass
2668,17,Male,26,58,1,Secondary,Low,0,5.4,79.6,65.4,Pass
2669,16,Male,25,52,0,Primary,High,0,8.7,62.5,71.6,Pass
2670,18,Male,13,75,0,Primary,Medium,1,7.3,26.2,36.6,Fail
2671,17,Male,5,70,1,Graduate,High,1,8.9,35.3,40.1,Pass
2672,16,Female,6,79,0,Graduate,Medium,0,6.9,22.4,22.9,Fail
2673,14,Female,1,77,1,Graduate,Low,0,8.1,46.7,42.9,Pass
2674,17,Female,6,85,0,Secondary,High,0,8.1,12.3,10.9,Fail
2675,16,Male,18,75,0,Secondary,High,0,5.7,53.7,80.5,Pass
2676,14,Male,22,83,0,Higher Secondary,Medium,1,8.8,64.1,68.9,Pass
2677,18,Female,9,57,1,Primary,Low,1,4.1,46.7,46.0,Pass
2678,18,Male,24,59,1,Graduate,High,0,7.8,59.9,55.6,Pass
2679,18,Female,25,97,1,Primary,Medium,0,8.8,90.3,79.2,Pass
2680,18,Male,29,92,0,No Schooling,Low,1,5.7,85.3,69.5,Pass
2681,15,Female,15,99,1,Secondary,Low,1,7.2,41.8,57.4,Pass
2682,17,Female,26,63,1,Higher Secondary,Low,0,6.8,74.9,65.0,Pass
2683,17,Female,8,89,1,No Schooling,Low,1,7.8,48.7,43.5,Pass
2684,15,Male,19,64,1,Primary,High,0,8.3,64.8,62.9,Pass
2685,16,Female,24,66,0,Secondary,High,1,7.0,57.6,65.9,Pass
2686,16,Male,16,67,0,Graduate,Low,1,8.1,38.5,35.3,Fail
2687,18,Male,6,81,1,No Schooling,Medium,0,5.6,23.8,32.7,Fail
2688,14,Male,29,87,0,Secondary,Medium,1,5.1,85.2,90.4,Pass
2689,16,Male,6,72,0,Primary,Low,0,6.2,38.6,30.1,Fail
2690,14,Male,22,95,0,Primary,Low,1,7.4,60.6,62.5,Pass
2691,17,Male,3,72,0,No Schooling,Medium,0,4.9,0.0,13.3,Fail
2692,14,Male,10,84,0,No Schooling,Low,0,7.4,51.2,49.6,Pass
2693,17,Female,1,88,1,No Schooling,Low,0,6.0,10.5,6.3,Fail
2694,15,Female,28,64,0,Higher Secondary,High,1,8.0,87.9,90.4,Pass
2695,15,Female,14,73,1,Graduate,High,0,4.2,31.4,47.2,Pass
2696,18,Male,4,77,1,Secondary,Low,0,7.3,32.2,43.4,Pass
2697,16,Male,26,65,1,Primary,Low,1,7.2,68.8,75.3,Pass
2698,18,Male,12,65,0,Primary,High,1,8.7,46.1,53.8,Pass
2699,17,Male,6,89,0,Graduate,Low,0,7.6,38.9,34.1,Fail
2700,18,Female,11,88,0,No Schooling,High,0,8.0,44.2,37.6,Fail
2701,14,Male,12,55,0,No Schooling,High,1,8.5,35.2,40.4,Pass
2702,17,Female,10,51,1,Primary,Medium,1,7.4,36.1,56.7,Pass
2703,15,Male,18,62,1,Graduate,High,1,5.5,47.1,45.0,Pass
2704,16,Female,7,93,1,Primary,Medium,0,8.3,42.6,44.6,Pass
2705,17,Male,7,96,0,No Schooling,Medium,1,7.7,26.8,33.9,Fail
2706,17,Female,11,58,1,Secondary,High,0,6.1,40.1,37.2,Fail
2707,14,Male,4,83,1,No Schooling,Low,0,7.6,32.9,43.9,Pass
2708,16,Female,20,66,1,Secondary,High,0,8.3,61.2,75.4,Pass
2709,15,Male,1,76,0,Higher Secondary,Medium,1,8.9,26.3,48.6,Pass
2710,17,Female,13,78,1,Graduate,High,1,8.8,56.9,48.7,Pass
2711,17,Female,18,86,1,Higher Secondary,High,1,5.6,66.3,64.2,Pass
2712,14,Male,9,92,0,No Schooling,Medium,0,6.1,39.7,39.0,Fail
2713,18,Female,26,71,1,Graduate,High,0,4.5,66.8,60.8,Pass
2714,15,Male,24,100,0,No Schooling,High,1,5.2,57.6,54.7,Pass
2715,16,Male,24,73,1,Graduate,Medium,1,8.4,79.3,78.2,Pass
2716,17,Male,9,56,0,Graduate,Low,0,5.8,24.8,25.3,Fail
2717,17,Female,23,83,0,No Schooling,Medium,0,7.1,57.6,53.6,Pass
2718,15,Female,29,97,0,No Schooling,Medium,0,7.3,62.1,70.2,Pass
2719,18,Male,9,61,1,Graduate,High,0,7.9,27.1,24.1,Fail
2720,17,Male,10,72,1,Graduate,Medium,1,4.9,61.0,46.7,Pass
2721,15,Female,28,64,0,No Schooling,High,0,5.5,62.6,69.5,Pass
2722,14,Female,2,82,0,No Schooling,High,0,6.2,24.6,22.7,Fail
2723,18,Female,6,62,0,Primary,High,1,5.8,29.6,27.5,Fail
2724,16,Male,15,72,0,Primary,Medium,1,8.9,49.1,66.6,Pass
2725,17,Male,3,87,0,Primary,Medium,1,8.2,42.8,49.1,Pass
2726,15,Male,11,81,0,Higher Secondary,High,1,6.4,47.7,45.8,Pass
2727,14,Male,6,94,0,Graduate,Low,0,8.4,39.4,30.4,Fail
2728,16,Male,3,99,0,Secondary,Low,0,5.7,25.0,30.7,Fail
2729,15,Female,24,84,0,Higher Secondary,Medium,0,7.9,58.3,83.9,Pass
2730,15,Male,11,50,0,Graduate,High,0,5.1,33.1,45.7,Pass
2731,16,Female,15,96,0,Secondary,High,0,7.9,51.0,41.7,Pass
2732,14,Female,13,94,0,Primary,Medium,1,6.3,48.5,45.5,Pass
2733,14,Male,20,54,1,Secondary,Low,1,4.5,49.1,45.0,Pass
2734,18,Female,28,62,0,No Schooling,Medium,0,5.4,65.0,60.5,Pass
2735,17,Male,10,54,1,No Schooling,Medium,1,6.0,43.8,50.6,Pass
2736,16,Female,6,81,1,Graduate,High,0,7.7,46.2,50.7,Pass
2737,16,Male,15,100,1,Higher Secondary,Medium,0,4.4,57.5,66.0,Pass
2738,16,Male,25,70,0,Primary,Low,0,7.3,37.7,56.8,Pass
2739,14,Female,18,73,1,Graduate,Medium,0,7.6,75.5,68.5,Pass
2740,17,Male,18,67,0,Primary,High,0,7.3,47.0,52.9,Pass
2741,18,Female,7,70,1,No Schooling,Low,1,7.8,35.4,29.0,Fail
2742,15,Male,15,59,0,Higher Secondary,High,1,4.9,44.6,55.6,Pass
2743,15,Male,18,73,0,Higher Secondary,Medium,0,6.9,44.9,43.7,Pass
2744,16,Male,18,89,1,No Schooling,Medium,0,8.7,48.5,50.7,Pass
2745,17,Female,20,96,1,Secondary,Medium,1,7.1,72.9,65.8,Pass
2746,14,Female,9,70,0,Higher Secondary,High,0,7.1,33.0,11.0,Fail
2747,17,Male,24,74,1,Secondary,Medium,0,7.7,60.3,71.6,Pass
2748,17,Female,2,72,0,Primary,Low,0,5.7,0.0,0.9,Fail
2749,14,Male,8,71,0,Higher Secondary,Low,1,7.5,36.0,42.5,Pass
2750,16,Female,20,53,0,No Schooling,High,0,8.6,35.1,43.8,Pass
2751,17,Female,2,83,1,Secondary,High,0,4.1,25.7,18.3,Fail
2752,15,Male,11,55,0,Primary,High,1,8.4,40.4,34.2,Fail
2753,14,Male,26,77,0,Primary,Medium,0,5.1,56.0,71.6,Pass
2754,18,Male,7,80,0,Higher Secondary,Low,0,6.3,29.7,43.9,Pass
2755,16,Male,6,84,0,Higher Secondary,Low,1,8.3,40.2,46.9,Pass
2756,14,Male,10,88,1,Graduate,Low,1,8.1,44.3,46.4,Pass
2757,18,Female,5,91,1,Graduate,High,0,8.5,27.2,31.6,Fail
2758,18,Female,11,72,1,Higher Secondary,High,1,8.7,28.9,45.3,Pass
2759,17,Male,1,55,1,Graduate,Medium,0,6.2,24.4,21.9,Fail
2760,17,Male,2,65,0,No Schooling,High,0,7.3,17.3,31.3,Fail
2761,17,Male,24,51,0,No Schooling,Low,1,6.0,39.6,42.5,Pass
2762,14,Female,1,73,0,Graduate,Medium,0,5.8,35.9,37.2,Fail
2763,14,Male,19,66,0,Higher Secondary,High,1,6.2,56.7,66.9,Pass
2764,16,Male,2,94,0,No Schooling,High,1,7.7,24.3,16.6,Fail
2765,17,Female,21,50,0,Primary,Low,1,6.5,44.5,44.6,Pass
2766,18,Female,20,55,1,Higher Secondary,Medium,0,8.1,60.0,61.4,Pass
2767,15,Female,29,54,0,Secondary,High,1,7.7,62.9,73.6,Pass
2768,16,Female,23,94,0,Secondary,High,0,4.1,58.5,53.5,Pass
2769,14,Male,21,99,0,Higher Secondary,Medium,1,7.2,73.7,70.4,Pass
2770,16,Female,24,78,1,Graduate,Medium,1,6.2,65.7,49.5,Pass
2771,16,Female,4,61,0,No Schooling,High,0,6.3,36.6,38.8,Fail
2772,16,Male,12,88,0,No Schooling,High,0,8.1,40.3,50.0,Pass
2773,16,Male,22,96,0,Higher Secondary,Low,1,6.7,61.1,74.5,Pass
2774,15,Male,20,52,1,Primary,Medium,0,8.4,48.8,60.0,Pass
2775,17,Female,18,97,0,Graduate,High,0,7.6,65.7,60.0,Pass
2776,18,Male,1,50,0,Primary,High,1,6.8,24.0,15.2,Fail
2777,16,Female,1,76,1,Higher Secondary,High,1,7.8,33.3,23.6,Fail
2778,16,Female,24,97,0,Higher Secondary,High,0,4.2,57.0,57.7,Pass
2779,16,Female,14,73,1,Primary,Low,1,4.1,41.4,34.2,Fail
2780,17,Male,4,93,0,Secondary,Medium,1,4.4,48.6,31.5,Fail
2781,14,Female,5,68,1,Higher Secondary,High,1,6.2,46.6,39.1,Fail
2782,14,Male,11,57,0,Graduate,Medium,0,5.2,44.0,28.5,Fail
2783,15,Male,24,93,0,Primary,Medium,0,8.9,71.8,65.0,Pass
2784,14,Male,28,96,1,Secondary,High,0,6.7,78.3,79.2,Pass
2785,16,Female,23,51,0,Primary,High,1,7.3,59.1,64.8,Pass
2786,16,Female,13,79,0,Secondary,High,0,5.4,44.5,50.5,Pass
2787,16,Female,16,79,1,Secondary,Low,1,5.6,61.3,57.5,Pass
2788,15,Male,24,98,0,Graduate,High,1,5.7,70.0,68.3,Pass
2789,16,Female,13,88,1,Higher Secondary,Medium,1,7.5,59.5,60.2,Pass
2790,14,Female,24,94,0,Secondary,Medium,1,6.4,78.4,75.4,Pass
2791,17,Female,22,81,1,Higher Secondary,Low,0,6.6,47.7,46.4,Pass
2792,17,Female,26,50,0,Graduate,High,1,7.0,70.0,64.8,Pass
2793,18,Female,2,87,0,Higher Secondary,High,1,7.8,33.5,44.5,Pass
2794,14,Male,16,62,1,No Schooling,Low,0,4.5,60.2,80.1,Pass
2795,16,Male,6,60,0,Secondary,Low,1,7.9,44.7,47.0,Pass
2796,17,Male,14,59,1,Graduate,High,0,6.8,31.4,30.1,Fail
2797,14,Male,1,97,1,Primary,High,0,7.3,33.6,44.9,Pass
2798,17,Female,17,75,1,Graduate,Medium,0,5.6,32.3,36.3,Fail
2799,16,Male,11,69,0,Secondary,High,1,6.0,38.3,42.4,Pass
2800,17,Female,19,66,0,Graduate,High,0,5.2,51.9,52.4,Pass
2801,18,Male,3,66,0,Primary,Medium,1,8.9,37.8,37.2,Fail
2802,18,Male,11,53,1,No Schooling,Medium,0,6.5,36.1,34.7,Fail
2803,17,Male,29,54,1,Secondary,Medium,0,9.0,67.1,84.6,Pass
2804,14,Female,5,72,1,Secondary,Medium,0,6.4,25.1,25.3,Fail
2805,14,Female,17,95,0,Graduate,Low,0,5.1,53.8,56.9,Pass
2806,14,Male,26,59,1,Higher Secondary,Medium,1,6.5,58.8,68.6,Pass
2807,17,Female,22,95,0,Higher Secondary,Low,1,4.2,69.3,63.3,Pass
2808,14,Male,7,77,0,Primary,Medium,0,8.5,47.5,32.3,Fail
2809,16,Male,10,82,0,No Schooling,Medium,0,8.1,39.0,34.5,Fail
2810,18,Male,28,92,0,No Schooling,Medium,0,7.6,55.9,70.8,Pass
2811,16,Female,29,75,0,Graduate,High,1,7.0,73.0,77.9,Pass
2812,14,Male,11,99,0,Graduate,Low,0,6.9,53.3,42.5,Pass
2813,16,Male,3,97,0,Higher Secondary,Medium,0,9.0,24.4,28.2,Fail
2814,14,Male,20,78,0,No Schooling,High,1,5.4,70.8,66.6,Pass
2815,17,Female,10,76,1,No Schooling,Low,0,7.9,34.8,43.0,Pass
2816,16,Male,27,67,0,No Schooling,Low,0,6.9,53.0,76.2,Pass
2817,17,Female,10,89,0,Primary,High,0,8.9,23.9,14.8,Fail
2818,17,Male,14,59,1,Primary,Low,0,8.1,44.4,57.2,Pass
2819,15,Female,12,91,1,Graduate,High,1,9.0,71.5,65.0,Pass
2820,14,Male,15,54,1,Higher Secondary,Medium,1,6.9,50.4,42.3,Pass
2821,18,Male,10,59,1,Secondary,High,1,5.0,33.4,35.4,Fail
2822,14,Female,10,99,0,Higher Secondary,Low,0,6.5,49.8,57.3,Pass
2823,18,Female,26,70,1,Primary,Low,0,7.6,71.0,86.5,Pass
2824,14,Male,19,73,1,Primary,Medium,1,7.9,70.0,58.5,Pass
2825,17,Female,1,87,1,Graduate,High,0,4.0,18.3,9.8,Fail
2826,16,Male,24,52,1,Secondary,Medium,0,6.5,70.1,58.7,Pass
2827,16,Male,29,89,0,No Schooling,High,1,5.2,77.3,77.7,Pass
2828,15,Male,26,80,1,Secondary,High,1,8.4,88.5,86.2,Pass
2829,18,Female,10,90,1,Secondary,High,0,4.8,46.6,49.6,Pass
2830,18,Male,2,86,1,Secondary,Medium,1,7.3,42.6,39.5,Fail
2831,18,Female,17,51,1,Graduate,Medium,0,5.3,34.3,47.7,Pass
2832,17,Male,24,51,0,Primary,Low,1,5.8,66.1,54.7,Pass
2833,18,Female,7,88,1,No Schooling,Medium,1,8.7,34.1,50.5,Pass
2834,16,Female,7,98,1,Secondary,High,0,5.2,45.6,49.6,Pass
2835,17,Male,20,91,1,No Schooling,High,0,4.5,56.0,50.8,Pass
2836,14,Female,27,93,0,Secondary,High,1,4.3,72.5,64.0,Pass
2837,18,Male,9,83,1,Primary,Medium,0,6.5,52.3,52.3,Pass
2838,18,Male,22,91,1,No Schooling,Low,0,7.2,59.7,49.6,Pass
2839,14,Male,2,69,0,Higher Secondary,Medium,0,5.6,34.8,23.3,Fail
2840,18,Male,14,82,1,Primary,Low,1,7.5,49.5,41.7,Pass
2841,14,Male,17,53,0,No Schooling,Medium,0,4.3,42.7,43.6,Pass
2842,17,Female,1,94,0,Secondary,High,0,8.3,51.2,37.9,Fail
2843,16,Male,9,93,1,Secondary,Low,1,8.1,50.6,41.0,Pass
2844,14,Female,20,60,1,Primary,Medium,1,8.9,55.2,52.7,Pass
2845,15,Female,21,91,0,Primary,High,1,8.7,65.2,61.2,Pass
2846,14,Male,19,96,0,Secondary,Low,1,5.8,59.0,48.0,Pass
2847,18,Female,4,54,1,No Schooling,Low,0,6.0,15.2,23.9,Fail
2848,17,Male,28,74,0,Higher Secondary,High,0,7.7,84.8,91.5,Pass
2849,17,Female,8,98,0,Graduate,High,1,4.7,42.3,40.6,Pass
2850,14,Female,13,86,1,Primary,Medium,1,5.6,38.1,51.0,Pass
2851,16,Female,4,83,0,Secondary,Medium,0,4.6,29.3,19.6,Fail
2852,15,Male,9,58,0,No Schooling,High,0,6.3,34.5,29.5,Fail
2853,17,Female,9,55,0,Primary,Medium,1,6.8,32.9,38.6,Fail
2854,18,Male,22,67,0,No Schooling,High,0,5.1,52.6,59.9,Pass
2855,18,Female,18,63,0,Primary,High,0,4.1,44.3,46.0,Pass
2856,16,Female,12,68,0,Secondary,Medium,1,7.6,47.7,47.1,Pass
2857,17,Female,10,63,1,No Schooling,Medium,1,4.1,50.1,34.5,Fail
2858,14,Female,11,89,0,Secondary,Low,1,8.9,46.3,26.0,Fail
2859,18,Male,7,66,1,No Schooling,Low,1,5.1,64.2,54.7,Pass
2860,16,Male,9,84,1,Primary,Medium,0,7.3,52.1,55.1,Pass
2861,17,Female,6,78,1,Graduate,Medium,1,6.2,40.3,32.9,Fail
2862,17,Female,19,91,1,Graduate,Medium,0,4.3,45.6,43.3,Pass
2863,17,Male,16,66,1,Higher Secondary,Low,0,6.4,47.9,43.9,Pass
2864,17,Male,15,92,1,Higher Secondary,Medium,0,6.6,61.2,53.6,Pass
2865,17,Male,7,57,1,Secondary,Low,1,8.3,43.8,49.9,Pass
2866,18,Male,16,50,1,No Schooling,Low,0,7.7,23.5,28.7,Fail
2867,16,Female,5,94,0,Higher Secondary,Low,1,4.4,41.9,39.6,Fail
2868,17,Female,16,85,1,Primary,Low,1,5.0,52.7,46.4,Pass
2869,15,Male,1,56,1,Graduate,High,1,5.6,41.3,16.3,Fail
2870,15,Male,19,95,1,No Schooling,Medium,0,4.6,61.2,54.7,Pass
2871,16,Male,5,54,0,Graduate,Medium,1,6.3,5.9,28.2,Fail
2872,14,Male,7,73,1,No Schooling,High,1,8.9,44.1,37.3,Fail
2873,14,Male,19,77,0,Higher Secondary,Medium,0,6.6,32.1,40.5,Pass
2874,14,Male,22,92,1,Higher Secondary,Low,1,7.7,73.1,70.8,Pass
2875,15,Female,5,66,1,Secondary,High,0,7.4,56.2,48.2,Pass
2876,14,Female,29,86,0,No Schooling,Low,0,8.2,82.9,95.1,Pass
2877,18,Female,17,69,1,Primary,High,1,5.1,56.8,47.5,Pass
2878,17,Male,26,52,0,Higher Secondary,Low,1,7.8,53.0,62.0,Pass
2879,15,Male,22,86,0,Secondary,Medium,1,8.4,76.5,79.6,Pass
2880,16,Male,8,75,1,Higher Secondary,Medium,1,4.9,48.9,35.9,Fail
2881,16,Female,29,64,1,Graduate,Medium,0,5.7,63.0,68.4,Pass
2882,17,Male,29,100,0,Higher Secondary,High,1,8.9,73.1,85.6,Pass
2883,15,Male,1,97,0,No Schooling,Medium,1,7.9,26.5,22.0,Fail
2884,14,Female,2,57,1,Secondary,High,0,5.4,26.8,22.8,Fail
2885,14,Male,15,62,1,No Schooling,Low,1,6.8,44.9,37.9,Fail
2886,18,Female,20,97,1,Primary,Medium,1,6.0,68.8,72.1,Pass
2887,18,Female,28,52,0,Primary,Low,1,6.4,71.9,74.5,Pass
2888,14,Male,18,50,1,Higher Secondary,Medium,1,5.8,45.6,45.3,Pass
2889,16,Female,11,58,0,Secondary,Low,1,5.4,45.4,40.1,Pass
2890,16,Male,25,80,1,Secondary,High,0,7.4,76.7,74.8,Pass
2891,18,Female,10,90,0,Secondary,Medium,1,7.9,51.0,50.8,Pass
2892,17,Male,24,75,0,Secondary,High,0,8.4,65.5,63.4,Pass
2893,14,Female,24,66,1,Higher Secondary,High,0,4.8,62.8,58.0,Pass
2894,18,Male,4,83,0,No Schooling,Low,0,8.1,31.1,29.5,Fail
2895,18,Female,5,58,0,Higher Secondary,Medium,0,5.3,33.3,31.5,Fail
2896,14,Female,4,100,0,No Schooling,High,1,6.1,57.1,57.6,Pass
2897,14,Female,13,62,0,Graduate,Low,1,8.5,51.6,45.1,Pass
2898,16,Male,25,54,0,Graduate,Low,0,6.3,51.8,45.4,Pass
2899,17,Male,13,90,1,No Schooling,Low,1,5.0,52.8,59.3,Pass
2900,17,Female,18,62,1,Higher Secondary,Medium,1,4.8,52.3,44.5,Pass
2901,14,Male,29,50,0,Primary,Medium,0,6.4,68.0,83.4,Pass
2902,15,Female,27,74,1,Higher Secondary,Low,1,7.8,65.4,80.1,Pass
2903,18,Male,24,96,0,Primary,Medium,0,9.0,54.6,67.1,Pass
2904,18,Female,2,53,0,Higher Secondary,Low,0,7.9,23.6,35.0,Fail
2905,14,Male,16,85,1,Secondary,Medium,1,8.4,57.7,42.8,Pass
2906,15,Female,1,59,0,Secondary,Medium,1,7.7,39.0,22.6,Fail
2907,16,Female,26,77,0,Graduate,Low,1,8.5,44.5,60.0,Pass
2908,14,Female,19,55,0,Graduate,Low,0,4.4,47.1,45.6,Pass
2909,14,Female,9,76,1,No Schooling,Medium,0,8.6,35.3,32.4,Fail
2910,18,Male,28,61,1,Primary,Low,1,6.0,76.4,81.9,Pass
2911,14,Female,3,97,0,Secondary,Low,0,8.6,30.8,33.3,Fail
2912,14,Male,25,52,0,Higher Secondary,Low,1,4.4,52.3,65.1,Pass
2913,14,Male,7,95,0,No Schooling,Low,1,7.6,53.4,43.8,Pass
2914,18,Female,29,82,0,Higher Secondary,Medium,1,7.7,85.9,83.8,Pass
2915,16,Male,10,59,0,Secondary,High,1,9.0,36.7,53.1,Pass
2916,16,Male,1,80,1,Secondary,Medium,0,7.8,27.7,16.5,Fail
2917,14,Male,10,64,1,Secondary,Low,1,5.9,54.9,47.3,Pass
2918,18,Female,21,56,1,Secondary,Low,0,6.8,62.9,55.7,Pass
2919,16,Male,9,85,1,Higher Secondary,Medium,0,5.8,52.3,59.1,Pass
2920,16,Male,28,63,0,No Schooling,Low,0,5.0,56.9,81.8,Pass
2921,16,Female,15,97,0,Secondary,Medium,0,5.2,45.0,46.9,Pass
2922,18,Female,15,63,1,Graduate,High,0,5.1,60.8,58.5,Pass
2923,18,Male,3,52,1,No Schooling,Low,0,6.7,29.2,27.1,Fail
2924,14,Female,25,98,0,Graduate,High,1,8.5,64.5,67.8,Pass
2925,17,Male,5,95,1,Higher Secondary,High,0,8.6,37.9,37.7,Fail
2926,16,Male,9,99,0,Secondary,Low,1,4.3,49.0,31.0,Fail
2927,17,Male,26,52,0,No Schooling,Low,0,4.4,53.5,63.5,Pass
2928,18,Female,22,71,0,Secondary,Medium,1,5.2,56.4,49.8,Pass
2929,18,Male,9,68,1,Secondary,Medium,1,5.3,54.2,43.2,Pass
2930,18,Female,23,84,1,No Schooling,Low,0,4.5,68.0,64.9,Pass
2931,17,Female,7,61,1,Secondary,Medium,1,5.9,59.3,42.2,Pass
2932,18,Male,24,54,1,Secondary,High,1,6.9,73.1,76.1,Pass
2933,14,Female,23,59,1,Primary,High,0,6.9,56.6,56.8,Pass
2934,18,Female,12,90,0,Primary,Low,0,6.7,59.2,61.7,Pass
2935,15,Female,25,82,1,No Schooling,Medium,0,5.7,68.6,61.0,Pass
2936,17,Female,27,62,0,No Schooling,Low,0,7.5,83.3,79.2,Pass
2937,15,Female,9,84,0,Secondary,High,0,8.1,35.6,29.7,Fail
2938,18,Male,6,100,0,Graduate,Low,0,5.7,43.5,45.6,Pass
2939,14,Female,23,81,1,No Schooling,Low,0,4.4,55.8,54.7,Pass
2940,16,Male,2,60,1,Secondary,Low,0,5.5,20.2,15.9,Fail
2941,18,Male,9,97,1,Graduate,Low,1,4.7,47.2,39.6,Fail
2942,14,Male,28,87,1,Primary,High,0,6.3,83.5,79.2,Pass
2943,17,Male,29,73,1,No Schooling,Low,1,4.8,75.5,77.5,Pass
2944,15,Male,17,84,1,Secondary,Low,0,6.3,29.1,42.9,Pass
2945,15,Male,1,68,1,Primary,Medium,0,5.1,25.8,21.2,Fail
2946,15,Female,19,55,1,Higher Secondary,Low,0,7.7,38.3,47.1,Pass
2947,17,Female,28,89,0,Primary,Medium,0,4.1,64.3,41.0,Pass
2948,14,Female,6,94,1,Secondary,Low,1,6.8,56.7,43.4,Pass
2949,17,Male,5,93,0,Graduate,Medium,1,4.8,27.0,37.4,Fail
2950,15,Female,2,91,0,Higher Secondary,Low,0,4.0,18.0,20.8,Fail
2951,18,Female,9,84,0,Higher Secondary,Medium,1,8.3,27.1,24.8,Fail
2952,16,Female,29,53,0,Higher Secondary,Low,0,7.4,55.5,62.3,Pass
2953,17,Male,26,82,1,No Schooling,Low,1,4.5,54.7,54.2,Pass
2954,17,Female,14,62,1,Secondary,Medium,0,7.3,26.5,44.4,Pass
2955,14,Male,4,85,0,Higher Secondary,Low,1,7.1,34.2,40.0,Pass
2956,14,Female,4,92,0,Primary,Low,1,6.4,41.7,29.7,Fail
2957,17,Male,21,68,0,Graduate,Low,1,6.1,47.8,52.9,Pass
2958,15,Male,15,92,1,Secondary,Low,0,8.4,56.7,47.0,Pass
2959,16,Male,8,61,0,Primary,High,1,5.2,36.4,29.5,Fail
2960,14,Female,26,60,0,No Schooling,Low,0,6.0,62.4,60.7,Pass
2961,15,Female,4,55,1,Higher Secondary,High,1,5.6,20.1,16.4,Fail
2962,18,Male,16,61,0,Primary,High,0,7.9,62.1,62.5,Pass
2963,14,Female,21,76,1,Secondary,Low,0,8.6,45.9,65.5,Pass
2964,15,Male,28,90,1,Primary,Medium,0,8.2,65.7,71.2,Pass
2965,15,Male,4,74,0,No Schooling,Medium,1,8.0,38.3,27.3,Fail
2966,16,Female,16,91,0,Graduate,Low,1,8.9,57.5,59.6,Pass
2967,16,Female,22,52,0,Higher Secondary,High,0,7.5,57.1,62.5,Pass
2968,18,Female,12,52,1,Secondary,Medium,0,7.8,33.5,37.6,Fail
2969,15,Male,16,69,1,Higher Secondary,Low,0,8.9,35.4,59.6,Pass
2970,15,Male,19,77,1,Higher Secondary,Low,1,4.0,44.3,48.5,Pass
2971,16,Female,8,72,0,Higher Secondary,High,1,7.2,56.4,53.5,Pass
2972,14,Male,6,97,0,Primary,Medium,1,7.7,40.1,20.2,Fail
2973,14,Female,10,52,0,Primary,Low,1,8.6,33.9,31.0,Fail
2974,17,Male,5,91,0,Graduate,Medium,1,8.4,57.8,52.9,Pass
2975,16,Female,29,73,0,No Schooling,Low,0,8.2,60.5,71.6,Pass
2976,17,Female,18,92,0,Secondary,Low,0,8.7,54.8,54.7,Pass
2977,16,Male,10,89,1,Primary,Low,0,6.7,34.4,40.3,Pass
2978,18,Female,10,55,1,Higher Secondary,High,0,4.0,21.4,33.1,Fail
2979,15,Female,7,69,1,No Schooling,High,1,4.1,58.1,41.6,Pass
2980,18,Male,18,60,0,Secondary,High,1,6.7,69.0,58.9,Pass
2981,16,Female,1,81,1,Secondary,Medium,0,6.2,39.0,29.6,Fail
2982,15,Male,7,76,1,Secondary,High,1,6.3,51.2,47.9,Pass
2983,14,Female,21,70,1,Secondary,High,0,6.0,63.0,57.2,Pass
2984,14,Male,1,93,0,Graduate,Medium,1,8.6,27.0,34.1,Fail
2985,17,Female,15,97,0,Secondary,Medium,1,5.8,59.5,50.8,Pass
2986,16,Female,4,99,1,No Schooling,Medium,0,8.3,33.7,28.9,Fail
2987,16,Female,28,62,0,Primary,Medium,0,8.5,34.7,72.2,Pass
2988,14,Female,29,71,0,No Schooling,High,0,6.5,76.0,66.7,Pass
2989,18,Male,20,84,0,Higher Secondary,High,1,6.2,65.7,69.1,Pass
2990,15,Male,10,96,0,Graduate,Medium,1,7.8,35.6,24.3,Fail
2991,18,Male,23,71,1,Graduate,High,1,7.5,60.2,68.8,Pass
2992,18,Male,9,77,0,Higher Secondary,Low,0,5.6,47.1,63.7,Pass
2993,14,Male,2,70,1,No Schooling,High,0,4.5,28.3,32.4,Fail
2994,14,Male,28,95,1,No Schooling,Low,0,5.3,56.5,73.4,Pass
2995,14,Male,14,67,0,Higher Secondary,Medium,1,4.7,34.0,36.5,Fail
2996,17,Female,16,80,0,Secondary,Medium,1,5.5,71.6,69.9,Pass
2997,18,Female,1,95,0,Secondary,High,0,5.3,30.7,27.6,Fail
2998,16,Female,2,86,1,Primary,Medium,0,7.2,42.4,51.9,Pass
2999,15,Female,7,70,1,No Schooling,High,0,8.8,52.9,39.0,Fail
3000,17,Male,29,63,1,No Schooling,High,1,7.4,65.8,81.1,Pass
3001,16,Male,10,74,1,Higher Secondary,High,1,8.6,48.7,51.0,Pass
3002,18,Male,22,76,1,Higher Secondary,High,0,7.9,39.1,43.2,Pass
3003,14,Female,20,89,1,Secondary,Low,0,7.6,53.6,55.1,Pass
3004,18,Male,1,72,1,No Schooling,Low,0,6.1,31.9,14.5,Fail
3005,15,Female,13,80,0,No Schooling,Medium,1,5.6,46.6,19.0,Fail
3006,17,Male,1,96,1,Graduate,Low,1,8.2,42.8,26.7,Fail
3007,17,Male,5,78,1,Primary,Medium,1,8.5,48.2,40.0,Pass
3008,15,Male,16,96,1,Primary,Medium,0,6.3,61.4,57.8,Pass
3009,16,Male,15,79,1,Secondary,High,0,4.0,52.5,37.8,Fail
3010,16,Female,17,100,0,No Schooling,High,0,8.0,57.4,55.1,Pass
3011,17,Female,28,75,1,Graduate,High,0,5.4,61.8,67.9,Pass
3012,17,Male,23,69,1,No Schooling,High,0,4.0,49.0,48.0,Pass
3013,14,Female,16,87,0,Higher Secondary,High,0,8.0,63.7,52.0,Pass
3014,16,Male,13,68,0,Secondary,High,0,6.6,47.8,41.1,Pass
3015,15,Male,11,76,1,Primary,Low,0,7.4,34.4,49.0,Pass
3016,16,Male,17,74,1,No Schooling,Medium,0,8.6,51.3,40.9,Pass
3017,14,Male,17,89,1,Secondary,Medium,0,6.7,41.3,55.7,Pass
3018,17,Female,2,87,1,Primary,High,0,6.5,27.3,36.7,Fail
3019,17,Male,13,72,1,No Schooling,Low,1,5.5,54.5,46.9,Pass
3020,14,Male,14,78,1,Graduate,High,0,5.5,50.0,51.5,Pass
3021,15,Female,11,64,0,Secondary,Low,0,8.0,36.9,34.3,Fail
3022,17,Male,28,52,0,No Schooling,Low,1,6.2,53.8,64.3,Pass
3023,18,Female,10,59,1,Primary,Medium,0,4.8,24.8,46.5,Pass
3024,17,Male,3,64,1,Primary,Medium,1,4.5,41.2,42.7,Pass
3025,18,Male,29,65,1,Graduate,Low,1,6.4,87.9,79.6,Pass
3026,14,Male,27,66,0,Secondary,Medium,0,6.3,65.8,58.1,Pass
3027,14,Male,17,68,1,Secondary,Low,0,7.3,47.2,48.3,Pass
3028,17,Male,15,60,0,No Schooling,Low,1,6.4,57.8,56.5,Pass
3029,16,Male,9,97,0,Primary,Low,0,4.7,34.2,39.1,Fail
3030,18,Female,10,54,1,Primary,Medium,0,6.5,44.7,41.7,Pass
3031,15,Male,8,54,0,Graduate,High,0,8.5,22.2,44.2,Pass
3032,17,Female,21,63,1,Graduate,Medium,1,4.8,52.9,54.6,Pass
3033,15,Female,13,99,0,Secondary,High,1,7.4,50.9,46.0,Pass
3034,17,Male,27,75,1,Primary,Medium,0,7.0,65.0,73.2,Pass
3035,16,Female,18,57,1,No Schooling,Medium,0,7.7,56.2,63.0,Pass
3036,16,Male,5,54,0,Higher Secondary,High,1,4.8,15.7,13.1,Fail
3037,16,Female,6,56,0,No Schooling,Low,1,8.7,24.8,22.6,Fail
3038,16,Male,17,65,0,Graduate,High,0,7.1,47.1,37.2,Fail
3039,14,Female,11,63,1,No Schooling,Low,0,8.2,44.0,42.7,Pass
3040,14,Female,20,86,0,Primary,Low,0,5.2,38.8,55.3,Pass
3041,18,Male,16,90,0,Secondary,Medium,1,7.7,48.1,56.2,Pass
3042,15,Female,9,53,1,Higher Secondary,Medium,1,7.9,19.9,37.6,Fail
3043,17,Male,2,85,1,Secondary,Medium,0,6.0,24.5,18.3,Fail
3044,17,Male,5,97,0,Higher Secondary,Medium,1,5.9,37.2,32.1,Fail
3045,14,Male,1,66,0,Higher Secondary,Medium,0,7.3,26.3,10.1,Fail
3046,17,Male,4,96,0,Primary,High,0,4.5,11.9,23.8,Fail
3047,14,Male,4,85,1,Primary,High,0,7.7,41.0,47.8,Pass
3048,18,Female,22,55,1,Graduate,High,0,4.2,47.4,42.5,Pass
3049,15,Female,26,65,0,Graduate,High,0,5.0,55.1,72.9,Pass
3050,18,Female,25,78,1,Higher Secondary,Medium,1,7.3,78.6,74.0,Pass
3051,16,Male,3,85,0,Graduate,High,1,4.5,48.4,28.2,Fail
3052,16,Female,9,87,0,Primary,High,0,8.9,33.0,35.2,Fail
3053,16,Female,22,86,1,Graduate,Low,1,8.3,60.2,68.7,Pass
3054,18,Female,23,97,0,Higher Secondary,Medium,0,7.1,60.1,62.5,Pass
3055,17,Female,12,97,0,Secondary,High,1,8.1,45.4,41.9,Pass
3056,15,Female,10,59,1,No Schooling,High,1,8.4,26.3,38.6,Fail
3057,16,Male,2,90,0,Graduate,High,1,5.3,34.7,34.3,Fail
3058,16,Male,11,85,0,Primary,Medium,1,8.2,40.4,41.5,Pass
3059,16,Female,10,78,1,Secondary,High,0,5.0,42.4,36.6,Fail
3060,15,Male,22,63,0,Primary,Low,1,6.1,74.0,65.0,Pass
3061,16,Male,6,53,0,Graduate,Medium,1,6.8,28.8,34.1,Fail
3062,15,Female,18,93,1,Higher Secondary,Low,1,7.6,55.3,43.9,Pass
3063,16,Female,2,91,1,No Schooling,Medium,1,4.2,35.6,21.9,Fail
3064,18,Male,2,85,1,No Schooling,High,1,5.5,37.8,29.6,Fail
3065,18,Female,10,99,0,Secondary,Medium,1,7.0,48.0,38.9,Fail
3066,15,Male,16,94,1,No Schooling,Medium,1,5.8,54.6,54.6,Pass
3067,18,Male,12,62,0,Higher Secondary,Medium,1,7.9,25.0,35.4,Fail
3068,15,Female,1,95,1,Primary,Low,0,7.3,39.3,53.0,Pass
3069,18,Male,21,67,0,Higher Secondary,Medium,0,5.2,42.7,42.6,Pass
3070,18,Male,8,82,0,Secondary,High,0,4.7,51.2,42.7,Pass
3071,15,Male,16,70,1,Secondary,Medium,1,7.1,49.3,43.2,Pass
3072,17,Female,18,65,0,No Schooling,Medium,0,6.3,41.3,62.3,Pass
3073,18,Female,13,64,0,Higher Secondary,High,0,4.8,34.0,50.2,Pass
3074,16,Female,15,54,1,Primary,High,0,5.6,43.2,32.1,Fail
3075,17,Female,21,55,0,Higher Secondary,Low,1,5.5,44.3,48.7,Pass
3076,15,Male,12,87,0,Primary,High,0,4.5,37.3,37.7,Fail
3077,17,Female,8,52,0,Primary,High,0,6.7,33.8,32.0,Fail
3078,14,Female,10,97,1,Higher Secondary,High,0,7.8,36.9,35.6,Fail
3079,14,Female,14,61,1,Graduate,Medium,0,6.9,47.8,54.3,Pass
3080,18,Female,5,85,1,Higher Secondary,Low,0,8.1,44.3,54.6,Pass
3081,18,Male,18,82,1,Primary,High,0,4.6,61.3,63.2,Pass
3082,16,Male,19,85,1,Secondary,High,0,6.2,59.3,65.1,Pass
3083,17,Male,15,82,1,Secondary,High,1,7.0,37.1,39.8,Fail
3084,14,Female,6,80,1,No Schooling,Medium,0,7.4,23.9,36.2,Fail
3085,18,Female,27,70,1,Secondary,Medium,0,7.5,50.9,69.3,Pass
3086,17,Male,11,76,0,Graduate,Low,1,7.6,40.5,38.4,Fail
3087,18,Female,21,76,0,Primary,Low,1,7.3,59.6,59.5,Pass
3088,18,Female,11,57,0,Higher Secondary,Medium,1,4.5,26.7,17.6,Fail
3089,14,Male,20,86,0,Higher Secondary,High,1,7.5,59.1,49.6,Pass
3090,14,Male,20,81,1,Graduate,High,1,7.6,69.1,63.1,Pass
3091,18,Female,21,75,0,Secondary,Low,0,9.0,44.0,45.4,Pass
3092,15,Female,18,51,0,Primary,High,0,7.5,34.1,50.3,Pass
3093,18,Female,25,61,0,Secondary,Medium,0,7.4,67.6,68.2,Pass
3094,18,Male,18,71,0,No Schooling,Low,1,6.6,44.0,53.0,Pass
3095,16,Male,10,66,0,Secondary,Medium,0,8.3,38.2,31.1,Fail
3096,16,Male,2,56,1,No Schooling,Medium,0,9.0,35.2,43.9,Pass
3097,16,Male,26,92,1,Higher Secondary,High,1,7.9,62.8,71.9,Pass
3098,15,Female,9,53,0,Primary,Medium,1,7.1,23.3,32.9,Fail
3099,15,Male,14,86,0,No Schooling,Medium,0,4.4,44.5,50.8,Pass
3100,18,Male,19,87,0,Secondary,High,1,7.6,60.3,63.1,Pass
3101,16,Female,10,81,0,Secondary,Medium,0,7.5,32.9,28.6,Fail
3102,15,Female,23,60,1,Higher Secondary,High,1,7.9,80.2,81.0,Pass
3103,14,Female,4,50,0,Graduate,Medium,0,4.6,26.4,18.3,Fail
3104,18,Male,29,74,1,Graduate,High,0,7.3,60.7,70.1,Pass
3105,17,Female,29,91,0,Secondary,High,0,5.5,57.1,57.9,Pass
3106,18,Female,6,73,1,Graduate,Low,1,7.8,38.3,50.4,Pass
3107,17,Male,14,92,1,Primary,Medium,1,5.2,61.0,59.4,Pass
3108,16,Male,4,66,1,Graduate,Medium,1,7.4,52.2,51.5,Pass
3109,17,Female,26,57,0,Primary,Low,1,5.5,61.9,58.5,Pass
3110,16,Male,15,94,0,Secondary,High,0,4.0,48.3,48.2,Pass
3111,14,Female,16,76,1,Secondary,High,0,7.2,40.0,47.0,Pass
3112,17,Female,7,67,0,Secondary,Low,0,4.6,34.3,32.6,Fail
3113,18,Male,17,76,0,Higher Secondary,Low,0,7.3,58.5,42.0,Pass
3114,16,Female,19,71,1,Graduate,High,1,8.6,39.9,65.2,Pass
3115,18,Male,29,65,0,No Schooling,High,1,8.8,68.7,74.7,Pass
3116,15,Male,19,51,1,No Schooling,Low,1,5.2,41.6,50.4,Pass
3117,16,Male,17,54,0,Secondary,Medium,1,8.0,33.1,32.5,Fail
3118,17,Female,6,67,0,Graduate,High,0,5.8,46.0,51.1,Pass
3119,16,Male,29,52,1,Primary,Low,1,8.5,76.0,90.0,Pass
3120,18,Male,11,76,1,No Schooling,Medium,1,7.9,41.2,49.8,Pass
3121,14,Female,16,66,1,Secondary,Medium,1,4.4,50.2,50.4,Pass
3122,16,Female,25,65,1,No Schooling,Medium,0,6.0,56.8,80.0,Pass
3123,17,Female,8,55,0,No Schooling,Medium,0,5.7,17.2,31.4,Fail
3124,15,Female,11,100,0,No Schooling,Low,0,7.9,41.1,32.0,Fail
3125,14,Male,7,56,0,Secondary,High,1,6.1,40.1,38.8,Fail
3126,15,Male,26,99,1,Secondary,Medium,0,7.4,66.0,74.0,Pass
3127,16,Male,24,63,0,Higher Secondary,Medium,0,7.0,59.5,64.1,Pass
3128,18,Female,22,87,0,Higher Secondary,Low,0,8.9,53.5,65.0,Pass
3129,18,Female,25,89,0,Higher Secondary,Medium,0,8.7,52.4,73.4,Pass
3130,17,Male,19,64,1,No Schooling,Low,0,6.1,62.6,58.6,Pass
3131,18,Female,26,96,1,Graduate,Low,0,7.6,49.5,56.6,Pass
3132,14,Female,10,96,0,Secondary,High,1,8.1,66.6,49.0,Pass
3133,18,Male,9,97,0,Higher Secondary,Medium,1,8.5,57.6,37.0,Fail
3134,17,Male,4,82,1,Graduate,High,0,4.3,35.4,27.1,Fail
3135,16,Female,23,92,1,Higher Secondary,Low,1,5.5,65.6,58.9,Pass
3136,16,Female,15,76,1,Higher Secondary,Medium,0,5.6,44.6,43.8,Pass
3137,18,Female,13,78,1,Graduate,Low,1,6.2,52.9,44.9,Pass
3138,15,Male,25,86,0,Higher Secondary,Low,0,4.8,65.1,56.2,Pass
3139,16,Male,2,54,1,No Schooling,Low,1,6.5,17.6,15.6,Fail
3140,18,Male,2,78,0,No Schooling,Medium,0,7.3,27.1,30.7,Fail
3141,17,Male,16,81,1,No Schooling,Low,0,6.5,53.9,48.7,Pass
3142,18,Male,9,55,0,Primary,Low,1,7.3,32.0,33.7,Fail
3143,16,Female,28,51,0,Higher Secondary,Medium,0,4.3,79.7,92.1,Pass
3144,17,Female,13,55,1,Primary,High,1,8.4,42.7,54.7,Pass
3145,18,Female,3,95,0,Secondary,Low,0,8.7,15.4,23.9,Fail
3146,14,Male,9,92,0,Graduate,High,0,7.1,31.0,36.4,Fail
3147,17,Male,13,53,0,Secondary,High,0,8.4,42.4,40.2,Pass
3148,14,Male,21,78,1,Primary,High,0,4.7,50.7,49.5,Pass
3149,15,Female,22,74,1,No Schooling,High,1,8.0,53.3,57.0,Pass
3150,17,Male,2,58,1,Higher Secondary,High,1,4.6,42.4,33.4,Fail
3151,14,Male,8,52,0,Higher Secondary,High,1,6.0,34.3,33.8,Fail
3152,16,Female,27,75,0,No Schooling,Medium,1,5.6,62.0,56.5,Pass
3153,16,Male,9,97,0,Higher Secondary,Medium,1,6.9,19.9,32.2,Fail
3154,15,Female,16,92,0,Graduate,High,0,5.5,57.8,49.5,Pass
3155,17,Male,2,76,1,Graduate,Medium,0,7.2,29.0,43.0,Pass
3156,17,Male,6,85,0,Graduate,Medium,1,5.8,52.5,53.3,Pass
3157,17,Female,22,81,0,Secondary,High,0,8.3,46.4,42.1,Pass
3158,15,Female,8,50,0,No Schooling,High,1,7.2,28.3,30.0,Fail
3159,17,Female,26,65,1,Graduate,Low,0,5.1,64.5,78.5,Pass
3160,16,Female,28,100,0,Primary,Medium,1,5.7,89.6,88.3,Pass
3161,14,Female,5,97,1,Graduate,High,0,8.2,42.2,39.9,Fail
3162,16,Female,9,60,1,Secondary,Medium,0,5.9,27.4,12.1,Fail
3163,16,Male,1,75,0,Primary,Medium,1,6.7,42.0,32.3,Fail
3164,14,Male,9,89,0,No Schooling,Medium,0,7.2,37.1,39.8,Fail
3165,16,Female,10,50,0,No Schooling,Low,1,5.7,36.8,20.5,Fail
3166,15,Male,23,75,0,Graduate,High,0,5.5,64.5,68.6,Pass
3167,14,Female,4,77,1,Primary,Medium,1,6.4,52.7,36.9,Fail
3168,16,Male,3,58,1,Primary,High,0,5.1,28.6,28.1,Fail
3169,18,Female,10,93,1,Graduate,Medium,1,5.4,76.8,61.6,Pass
3170,16,Male,15,71,1,Graduate,High,0,4.3,45.9,42.7,Pass
3171,15,Male,11,57,1,Higher Secondary,High,0,5.5,39.5,45.4,Pass
3172,17,Male,14,98,1,Higher Secondary,High,1,5.6,52.2,51.5,Pass
3173,16,Male,6,91,1,Graduate,Medium,1,8.8,47.5,65.6,Pass
3174,17,Male,12,76,1,Secondary,Low,1,6.9,51.8,63.2,Pass
3175,18,Female,13,88,1,Higher Secondary,High,1,7.9,64.4,50.4,Pass
3176,16,Female,17,68,1,Graduate,Low,0,4.2,53.3,60.1,Pass
3177,14,Female,16,74,0,Primary,High,0,4.5,40.9,36.8,Fail
3178,17,Male,3,87,0,Higher Secondary,Low,0,8.1,33.2,22.6,Fail
3179,18,Female,2,70,0,Secondary,High,0,7.1,17.3,8.7,Fail
3180,14,Male,11,73,1,No Schooling,Low,0,5.0,46.9,40.1,Pass
3181,14,Male,29,73,0,Primary,High,1,6.0,64.8,77.3,Pass
3182,14,Male,9,68,1,Secondary,High,1,6.7,27.9,33.2,Fail
3183,14,Female,3,99,1,Secondary,Low,1,8.2,30.9,34.8,Fail
3184,16,Male,29,96,0,Secondary,High,1,4.3,65.6,41.9,Pass
3185,16,Female,18,51,1,Primary,Medium,1,7.0,45.0,48.0,Pass
3186,16,Female,20,63,0,Secondary,High,0,7.6,40.4,40.9,Pass
3187,18,Male,15,81,1,No Schooling,High,0,8.9,49.6,39.8,Fail
3188,18,Male,14,91,1,Higher Secondary,Medium,1,8.0,52.4,42.6,Pass
3189,18,Female,2,81,0,Primary,Medium,1,5.4,37.5,31.1,Fail
3190,15,Female,17,77,0,Secondary,Medium,1,7.5,57.4,62.3,Pass
3191,18,Female,22,97,0,Graduate,Low,0,7.8,58.9,55.0,Pass
3192,16,Female,26,88,0,Higher Secondary,Medium,1,7.6,82.8,84.3,Pass
3193,16,Female,8,89,0,Primary,Low,1,8.1,34.4,43.3,Pass
3194,15,Female,10,91,0,Graduate,Medium,1,8.5,57.4,55.3,Pass
3195,15,Male,26,96,1,Graduate,Low,0,4.5,72.4,62.8,Pass
3196,18,Female,18,89,1,Secondary,Medium,1,4.5,57.8,50.5,Pass
3197,17,Female,25,62,1,Primary,Medium,0,8.0,70.4,74.5,Pass
3198,15,Female,29,61,1,Secondary,High,1,5.3,75.4,69.1,Pass
3199,14,Female,19,57,0,No Schooling,Medium,1,4.3,39.8,49.4,Pass
3200,16,Male,8,64,1,Graduate,High,0,6.0,37.8,27.4,Fail
3201,14,Male,28,75,1,No Schooling,Medium,0,8.1,71.1,77.8,Pass
3202,16,Female,8,61,0,Secondary,Medium,1,4.6,45.4,46.4,Pass
3203,16,Female,3,92,1,Higher Secondary,High,1,7.4,46.0,40.4,Pass
3204,15,Female,3,100,0,Graduate,High,0,4.0,41.1,23.9,Fail
3205,15,Male,12,95,0,Higher Secondary,Low,0,4.5,42.1,27.2,Fail
3206,14,Male,22,76,0,Primary,High,1,5.8,58.7,50.9,Pass
3207,16,Male,17,67,1,Graduate,Low,0,4.4,46.1,50.4,Pass
3208,14,Male,4,94,0,No Schooling,Medium,0,8.2,18.2,22.3,Fail
3209,17,Male,17,85,1,Higher Secondary,High,1,8.3,71.9,61.9,Pass
3210,14,Male,14,98,1,Primary,High,1,7.8,47.2,52.1,Pass
3211,18,Female,19,100,1,Graduate,Medium,1,5.2,69.2,47.1,Pass
3212,14,Male,9,76,0,Primary,Medium,0,6.6,33.0,32.8,Fail
3213,18,Male,21,58,0,No Schooling,Medium,1,4.9,51.5,44.7,Pass
3214,18,Female,12,88,0,Graduate,Medium,1,5.4,56.2,39.0,Fail
3215,18,Male,5,50,1,Primary,High,0,6.6,17.7,18.4,Fail
3216,17,Female,11,56,1,Secondary,Medium,1,7.7,45.9,65.4,Pass
3217,14,Male,20,75,0,Graduate,Medium,0,4.5,57.2,60.8,Pass
3218,14,Female,3,56,1,Graduate,High,0,5.5,16.5,9.9,Fail
3219,17,Female,21,56,0,Graduate,Low,1,8.6,62.4,74.2,Pass
3220,16,Female,15,57,0,Graduate,High,1,6.1,58.3,43.8,Pass
3221,15,Female,14,65,1,Secondary,Low,0,8.7,63.7,72.0,Pass
3222,14,Female,11,52,1,No Schooling,Medium,1,9.0,37.5,35.0,Fail
3223,15,Male,20,94,0,Secondary,High,0,6.6,60.1,60.9,Pass
3224,17,Male,8,59,1,Secondary,Medium,0,5.4,35.2,50.7,Pass
3225,16,Female,4,99,0,Primary,High,1,8.0,47.4,38.4,Fail
3226,16,Female,27,56,0,Higher Secondary,Low,1,4.8,79.8,89.9,Pass
3227,16,Female,12,70,1,Higher Secondary,High,0,5.3,46.9,43.5,Pass
3228,17,Male,8,86,0,Primary,Medium,0,7.9,42.9,40.9,Pass
3229,18,Female,6,80,1,Secondary,High,1,6.2,30.1,23.2,Fail
3230,18,Female,15,72,0,Primary,Medium,0,5.0,64.6,68.1,Pass
3231,15,Female,12,76,1,Graduate,High,0,7.3,39.0,37.8,Fail
3232,18,Female,16,71,1,Primary,Low,0,7.7,21.7,50.3,Pass
3233,18,Male,16,88,0,Primary,High,1,4.6,32.6,32.9,Fail
3234,16,Female,27,76,1,Graduate,High,0,5.4,69.6,66.2,Pass
3235,16,Female,21,98,1,Higher Secondary,High,0,5.1,51.2,61.7,Pass
3236,15,Male,20,53,0,Graduate,High,1,5.9,51.4,53.1,Pass
3237,14,Female,20,73,1,No Schooling,Low,0,7.8,40.0,51.7,Pass
3238,15,Female,28,72,0,Primary,Medium,0,7.6,66.7,61.1,Pass
3239,15,Male,4,97,1,Primary,High,1,7.3,48.7,42.1,Pass
3240,17,Male,11,68,0,Higher Secondary,High,1,4.0,43.7,42.8,Pass
3241,17,Male,13,91,0,Secondary,High,1,4.7,44.8,56.7,Pass
3242,15,Female,29,52,0,Graduate,Low,1,5.1,72.9,69.2,Pass
3243,15,Female,9,76,0,Secondary,Medium,1,5.4,37.3,38.8,Fail
3244,15,Male,4,52,1,No Schooling,Medium,0,4.7,22.7,32.1,Fail
3245,18,Male,12,77,0,Graduate,High,0,6.1,36.0,38.9,Fail
3246,17,Male,9,66,1,No Schooling,High,1,4.4,38.6,44.3,Pass
3247,15,Female,13,80,0,No Schooling,Medium,0,7.8,62.2,77.1,Pass
3248,16,Female,16,59,1,No Schooling,High,1,7.9,49.7,52.3,Pass
3249,16,Male,26,98,0,Graduate,High,0,6.9,55.7,73.1,Pass
3250,18,Female,6,71,1,Graduate,High,0,4.4,23.7,28.4,Fail
3251,18,Male,10,79,1,Higher Secondary,Low,0,8.5,38.9,48.4,Pass
3252,14,Female,13,98,0,Primary,Low,1,8.8,46.0,54.2,Pass
3253,14,Female,7,70,0,Secondary,Medium,1,5.0,46.0,47.7,Pass
3254,14,Female,28,85,0,Secondary,Low,1,7.5,58.3,74.4,Pass
3255,18,Female,26,72,1,No Schooling,Low,0,8.2,62.4,67.5,Pass
3256,18,Male,19,87,1,Graduate,Medium,1,6.7,72.7,62.4,Pass
3257,18,Female,24,61,1,Graduate,Low,0,5.6,51.0,59.9,Pass
3258,16,Female,19,74,1,No Schooling,Medium,0,6.4,58.1,46.1,Pass
3259,18,Male,17,69,0,Primary,High,1,6.6,50.8,56.9,Pass
3260,16,Female,13,98,0,Secondary,Medium,0,6.0,48.6,52.7,Pass
3261,14,Male,13,98,0,Higher Secondary,Medium,0,8.6,54.0,51.7,Pass
3262,14,Male,26,91,0,Primary,Medium,0,7.7,47.7,59.0,Pass
3263,14,Female,28,56,1,Graduate,High,1,5.2,78.8,83.2,Pass
3264,15,Female,21,78,1,No Schooling,High,1,6.9,43.9,57.4,Pass
3265,15,Male,2,97,0,Secondary,High,1,7.4,48.5,47.0,Pass
3266,17,Male,10,78,1,No Schooling,Medium,0,4.7,45.7,47.3,Pass
3267,17,Male,22,62,0,Graduate,Medium,0,5.8,56.3,59.2,Pass
3268,17,Female,13,52,1,No Schooling,Medium,1,8.5,59.2,56.0,Pass
3269,15,Male,26,51,1,Secondary,Medium,0,6.8,69.1,73.8,Pass
3270,15,Male,9,65,1,No Schooling,Medium,1,5.1,49.1,54.4,Pass
3271,17,Male,1,79,1,Secondary,Medium,1,4.6,30.3,26.6,Fail
3272,17,Female,14,87,1,No Schooling,Medium,1,6.6,51.5,60.5,Pass
3273,18,Male,29,55,1,No Schooling,Low,1,6.7,76.4,60.8,Pass
3274,17,Female,16,94,0,Secondary,High,0,5.7,56.7,56.2,Pass
3275,18,Female,20,56,1,No Schooling,Low,0,7.2,52.8,57.0,Pass
3276,16,Male,15,54,0,Primary,High,0,4.3,38.1,26.7,Fail
3277,15,Female,1,56,0,Higher Secondary,Medium,1,4.7,19.2,5.8,Fail
3278,17,Male,17,83,0,Primary,Low,0,6.7,36.5,47.2,Pass
3279,15,Female,24,81,0,Higher Secondary,Medium,1,4.3,71.7,68.2,Pass
3280,15,Female,13,98,0,Primary,Low,1,8.4,52.1,58.1,Pass
3281,15,Male,27,62,0,Higher Secondary,Low,1,4.7,61.6,43.4,Pass
3282,16,Male,15,79,1,No Schooling,Medium,0,7.4,31.1,48.1,Pass
3283,14,Male,16,74,1,Secondary,Low,1,6.0,55.1,61.7,Pass
3284,17,Female,16,70,1,Secondary,Low,0,6.0,34.4,29.6,Fail
3285,14,Female,2,70,0,Graduate,High,0,7.8,19.7,34.0,Fail
3286,14,Male,17,77,0,Higher Secondary,Medium,0,6.5,56.5,69.6,Pass
3287,14,Male,11,97,0,Graduate,Medium,0,7.6,46.2,35.0,Fail
3288,15,Female,8,69,1,Graduate,Low,0,6.5,34.6,35.8,Fail
3289,18,Female,20,83,1,Higher Secondary,Medium,0,7.0,50.6,56.3,Pass
3290,15,Female,3,54,1,Secondary,High,0,7.8,18.2,8.3,Fail
3291,15,Male,29,67,0,Higher Secondary,High,0,7.0,79.5,76.7,Pass
3292,14,Female,12,88,0,No Schooling,Medium,1,7.1,57.2,63.7,Pass
3293,15,Male,20,92,0,Graduate,Medium,1,7.9,58.0,53.4,Pass
3294,14,Female,16,60,1,Graduate,High,0,8.7,43.9,64.2,Pass
3295,18,Female,14,66,0,Higher Secondary,Medium,0,5.9,43.3,47.2,Pass
3296,17,Male,16,97,0,Graduate,Low,0,6.9,57.5,49.2,Pass
3297,14,Male,27,94,0,Secondary,Medium,0,4.4,68.5,68.3,Pass
3298,18,Male,21,71,0,Graduate,Low,0,5.8,35.1,33.1,Fail
3299,17,Female,17,86,1,Higher Secondary,High,1,6.1,59.0,59.7,Pass
3300,16,Female,11,69,1,Secondary,Medium,0,8.2,39.3,40.7,Pass
3301,14,Female,17,97,0,Secondary,High,0,6.6,75.2,63.2,Pass
3302,14,Male,19,97,0,Graduate,Medium,0,7.7,84.5,63.6,Pass
3303,16,Female,22,97,1,Higher Secondary,Low,1,4.1,76.5,67.8,Pass
3304,16,Male,1,95,1,Graduate,Medium,1,6.3,31.2,28.7,Fail
3305,14,Male,27,55,0,No Schooling,High,0,8.5,63.8,59.1,Pass
3306,16,Male,12,83,1,No Schooling,Low,1,5.1,33.9,44.7,Pass
3307,15,Female,15,63,1,Secondary,Medium,1,4.2,44.1,45.7,Pass
3308,17,Female,18,97,0,Graduate,High,1,6.2,44.8,41.9,Pass
3309,17,Male,28,72,1,No Schooling,High,1,7.5,77.1,76.9,Pass
3310,17,Female,23,69,1,Primary,Medium,1,6.3,51.1,63.3,Pass
3311,15,Male,14,62,1,No Schooling,High,1,6.3,44.7,56.5,Pass
3312,16,Male,1,96,1,Graduate,Low,1,7.3,37.9,45.0,Pass
3313,18,Female,13,93,0,Graduate,Medium,1,5.3,52.1,62.4,Pass
3314,16,Male,15,90,1,No Schooling,Low,0,7.8,47.8,39.4,Fail
3315,14,Male,7,81,1,Graduate,High,0,4.8,41.2,30.4,Fail
3316,17,Female,15,75,0,Graduate,High,1,6.0,37.5,30.5,Fail
3317,16,Male,20,99,1,Primary,High,1,7.3,85.1,84.5,Pass
3318,18,Male,10,63,0,Secondary,Low,0,8.1,23.6,30.5,Fail
3319,14,Male,14,85,0,Graduate,High,0,8.0,46.9,59.0,Pass
3320,15,Male,6,57,1,Higher Secondary,Medium,1,7.6,40.3,26.8,Fail
3321,15,Male,14,89,1,Secondary,Medium,0,5.8,57.5,47.1,Pass
3322,18,Male,24,71,1,Secondary,High,1,4.6,73.1,62.2,Pass
3323,14,Male,25,71,1,Higher Secondary,Medium,0,5.1,45.9,63.6,Pass
3324,17,Female,22,65,1,No Schooling,Low,1,8.3,51.3,63.9,Pass
3325,16,Female,12,76,0,Primary,Low,0,8.3,42.2,28.6,Fail
3326,14,Male,11,59,1,Graduate,High,1,8.8,47.0,43.8,Pass
3327,15,Male,29,74,0,No Schooling,Medium,0,4.4,78.3,83.1,Pass
3328,18,Female,25,80,1,Higher Secondary,Medium,0,6.7,59.4,72.6,Pass
3329,18,Female,20,70,0,Primary,High,1,7.2,47.0,56.1,Pass
3330,16,Female,22,76,1,Primary,Low,1,7.6,58.3,63.1,Pass
3331,18,Female,24,66,1,Primary,High,0,7.2,81.4,69.2,Pass
3332,18,Female,25,82,1,Higher Secondary,Medium,0,7.9,80.1,86.1,Pass
3333,14,Male,19,80,1,No Schooling,Medium,1,5.8,58.8,47.9,Pass
3334,17,Female,2,99,1,Graduate,High,0,4.9,48.5,23.7,Fail
3335,16,Female,22,91,0,Primary,Low,0,5.0,54.6,58.0,Pass
3336,14,Female,20,75,1,Primary,Low,0,4.1,65.0,56.4,Pass
3337,17,Male,1,70,1,No Schooling,High,0,5.8,11.7,20.6,Fail
3338,14,Male,8,85,1,Primary,Medium,0,4.5,44.1,42.1,Pass
3339,14,Male,25,50,0,Primary,Low,1,5.6,67.7,81.0,Pass
3340,18,Male,14,53,1,Higher Secondary,High,0,7.1,36.6,44.9,Pass
3341,17,Male,9,53,0,Secondary,Medium,0,8.5,35.5,47.2,Pass
3342,16,Male,2,75,1,No Schooling,Low,1,8.2,27.9,21.4,Fail
3343,16,Female,25,53,0,No Schooling,Low,1,5.3,61.4,68.9,Pass
3344,17,Male,23,98,1,No Schooling,High,1,4.7,67.1,62.1,Pass
3345,18,Male,5,58,1,Higher Secondary,Medium,1,5.0,41.1,30.7,Fail
3346,15,Female,23,79,0,Higher Secondary,Low,1,8.9,50.6,52.2,Pass
3347,14,Male,29,100,1,Graduate,High,0,6.7,66.3,83.4,Pass
3348,18,Female,25,94,0,Higher Secondary,Low,0,4.9,78.8,73.1,Pass
3349,17,Female,8,53,1,No Schooling,Medium,0,8.2,6.3,13.7,Fail
3350,14,Male,16,54,1,Graduate,Low,1,6.0,41.8,50.5,Pass
3351,16,Female,22,94,0,Secondary,Medium,1,8.5,64.8,63.2,Pass
3352,15,Female,16,72,1,Primary,Low,1,5.3,57.1,47.0,Pass
3353,16,Female,13,65,0,Primary,Low,0,6.0,34.2,61.3,Pass
3354,17,Female,20,71,0,Graduate,High,0,6.5,40.0,38.1,Fail
3355,14,Male,29,86,1,Secondary,Low,0,8.5,84.6,99.1,Pass
3356,17,Female,15,57,1,Primary,Medium,0,8.3,53.1,47.3,Pass
3357,14,Male,1,97,1,Graduate,High,0,6.9,29.8,32.0,Fail
3358,18,Female,22,82,0,Higher Secondary,Medium,0,5.1,39.7,46.7,Pass
3359,15,Female,3,87,0,No Schooling,Medium,1,6.0,38.7,38.7,Fail
3360,18,Female,6,92,1,Secondary,High,0,8.9,41.4,29.3,Fail
3361,18,Male,22,65,0,Primary,Medium,0,7.0,45.8,41.4,Pass
3362,17,Male,14,54,0,No Schooling,Low,0,7.9,17.6,37.4,Fail
3363,15,Male,4,65,0,Graduate,High,0,6.2,22.8,10.1,Fail
3364,14,Female,18,56,0,Primary,Low,0,6.7,51.5,44.0,Pass
3365,14,Female,15,100,1,No Schooling,Low,1,6.1,69.7,60.4,Pass
3366,16,Female,9,50,1,Higher Secondary,Medium,0,7.5,31.1,24.5,Fail
3367,14,Female,18,58,1,Secondary,Medium,0,8.3,41.2,39.7,Fail
3368,17,Male,3,67,0,Graduate,Low,1,6.5,36.9,29.1,Fail
3369,18,Female,10,94,0,Primary,High,1,6.4,36.8,20.3,Fail
3370,18,Male,17,96,0,Higher Secondary,Low,0,5.7,40.8,33.7,Fail
3371,18,Female,7,52,0,Secondary,Low,0,4.9,25.2,37.3,Fail
3372,15,Male,15,73,1,Secondary,Medium,0,8.7,62.9,67.8,Pass
3373,14,Male,1,77,0,Higher Secondary,Medium,0,5.6,40.4,49.9,Pass
3374,17,Female,27,59,0,Primary,Low,0,8.0,45.0,63.0,Pass
3375,15,Female,25,58,1,Secondary,Low,1,7.6,58.5,74.6,Pass
3376,16,Male,27,62,1,Graduate,Medium,1,8.0,91.4,82.7,Pass
3377,17,Female,11,97,1,No Schooling,Low,0,8.7,41.7,42.8,Pass
3378,17,Female,17,84,0,Graduate,Medium,0,7.1,66.9,65.6,Pass
3379,17,Male,5,72,0,Secondary,Low,1,8.5,43.9,25.4,Fail
3380,18,Male,7,96,0,No Schooling,High,1,4.8,56.2,49.4,Pass
3381,17,Male,19,66,0,Higher Secondary,High,0,7.1,43.8,45.0,Pass
3382,14,Male,25,95,0,No Schooling,Low,0,7.9,61.8,62.9,Pass
3383,17,Female,24,56,0,No Schooling,Medium,0,5.4,43.7,59.9,Pass
3384,18,Male,29,65,1,No Schooling,Low,0,7.7,74.0,64.4,Pass
3385,17,Male,15,89,0,Secondary,Low,0,7.9,32.8,41.6,Pass
3386,16,Male,3,85,1,Primary,Medium,0,8.2,31.4,34.7,Fail
3387,16,Female,15,69,1,Secondary,Low,1,5.6,67.5,55.0,Pass
3388,18,Male,5,73,1,Primary,Medium,1,7.4,43.3,39.2,Fail
3389,14,Female,23,96,0,Higher Secondary,Low,1,5.5,78.3,72.7,Pass
3390,14,Male,12,54,0,Higher Secondary,Medium,1,7.7,22.8,39.7,Fail
3391,15,Male,20,94,1,Higher Secondary,Low,0,6.3,51.3,52.9,Pass
3392,18,Female,5,55,0,Higher Secondary,High,1,7.0,40.8,26.9,Fail
3393,17,Male,3,77,0,Higher Secondary,Medium,1,6.1,33.9,25.4,Fail
3394,18,Male,9,54,1,Graduate,High,0,4.8,22.3,23.5,Fail
3395,15,Female,26,98,0,Secondary,Medium,1,4.9,79.7,68.1,Pass
3396,18,Male,9,88,0,Primary,Medium,0,4.4,34.6,34.8,Fail
3397,18,Male,7,87,0,Higher Secondary,Medium,0,7.1,62.0,52.5,Pass
3398,15,Male,26,51,0,Graduate,Medium,1,8.2,65.3,70.5,Pass
3399,14,Male,2,92,1,Graduate,Low,1,4.1,29.4,17.0,Fail
3400,17,Female,23,88,1,Graduate,Low,1,4.3,77.7,71.2,Pass
3401,15,Male,23,70,0,Secondary,Medium,0,6.3,71.6,79.2,Pass
3402,16,Female,27,89,0,Higher Secondary,Low,1,7.7,72.1,76.5,Pass
3403,14,Male,21,86,0,Graduate,Medium,0,4.8,49.6,60.9,Pass
3404,16,Female,16,67,1,Graduate,Medium,1,5.4,52.5,51.7,Pass
3405,14,Male,9,97,0,Higher Secondary,High,0,5.2,36.5,30.2,Fail
3406,17,Female,13,95,0,Secondary,Medium,1,6.0,50.4,54.7,Pass
3407,17,Male,28,61,1,Graduate,Medium,1,5.1,54.4,49.9,Pass
3408,18,Female,27,66,0,Primary,Low,0,5.8,69.1,65.6,Pass
3409,16,Female,19,86,1,No Schooling,Medium,1,7.6,50.8,53.7,Pass
3410,14,Male,20,95,0,No Schooling,Medium,1,7.1,69.6,71.5,Pass
3411,17,Female,17,87,1,No Schooling,High,0,4.4,51.6,60.0,Pass
3412,15,Male,6,64,0,Secondary,Low,1,7.2,35.4,41.5,Pass
3413,17,Male,4,56,0,Graduate,Low,1,6.4,23.1,30.7,Fail
3414,15,Male,1,63,1,No Schooling,High,0,8.7,25.4,33.4,Fail
3415,14,Male,18,99,1,No Schooling,Medium,1,5.4,69.0,70.3,Pass
3416,17,Male,19,50,1,Higher Secondary,High,0,7.6,43.0,41.0,Pass
3417,17,Female,9,87,1,Graduate,Low,1,7.7,30.3,52.3,Pass
3418,14,Male,13,52,1,Graduate,High,1,5.1,46.5,53.3,Pass
3419,17,Male,8,86,0,Higher Secondary,Low,0,8.5,41.7,40.2,Pass
3420,15,Male,23,93,1,Graduate,High,1,6.5,56.1,62.8,Pass
3421,17,Male,13,80,1,Primary,Medium,0,7.4,36.7,30.8,Fail
3422,16,Male,15,92,1,Secondary,Medium,0,4.7,49.6,45.3,Pass
3423,18,Male,11,62,1,Higher Secondary,Low,1,5.3,20.2,24.5,Fail
3424,15,Female,12,97,0,No Schooling,High,0,6.9,54.2,47.0,Pass
3425,16,Female,14,67,0,Graduate,Low,1,5.6,41.2,49.2,Pass
3426,14,Male,4,66,0,Primary,Medium,0,6.5,28.7,29.1,Fail
3427,15,Female,1,66,0,Primary,Low,1,5.9,15.7,7.7,Fail
3428,18,Male,24,60,0,Secondary,Medium,1,7.2,79.2,66.0,Pass
3429,18,Male,4,69,1,Primary,Low,0,6.4,15.5,4.5,Fail
3430,14,Male,19,59,0,Graduate,High,1,4.0,46.2,54.8,Pass
3431,14,Male,9,78,0,Graduate,Medium,1,7.2,53.9,46.4,Pass
3432,15,Male,10,97,1,Primary,Low,1,6.1,40.6,45.7,Pass
3433,17,Female,4,83,1,Graduate,Medium,0,5.7,34.8,56.0,Pass
3434,14,Female,20,66,0,Graduate,High,1,4.5,61.1,50.9,Pass
3435,17,Female,9,91,0,No Schooling,Medium,1,5.1,30.7,34.4,Fail
3436,16,Female,13,62,1,Higher Secondary,High,0,5.1,34.4,48.7,Pass
3437,18,Male,12,93,0,Graduate,Medium,1,8.7,52.8,47.8,Pass
3438,17,Female,11,96,1,Graduate,High,0,6.2,52.8,45.2,Pass
3439,18,Male,12,88,1,Secondary,Medium,0,4.2,39.2,42.4,Pass
3440,17,Female,18,76,0,Higher Secondary,High,1,4.7,73.2,84.3,Pass
3441,16,Female,12,75,0,Higher Secondary,Low,0,4.4,45.3,47.2,Pass
3442,14,Female,16,77,0,Higher Secondary,Low,1,6.9,59.9,50.3,Pass
3443,16,Female,5,62,1,Primary,Medium,1,4.9,41.3,28.9,Fail
3444,14,Male,20,61,1,No Schooling,High,1,6.5,40.7,44.3,Pass
3445,14,Female,25,93,0,No Schooling,Low,0,5.9,64.3,51.1,Pass
3446,18,Female,12,77,0,Secondary,Medium,0,8.0,40.9,42.5,Pass
3447,16,Male,21,51,0,Higher Secondary,Low,1,5.6,49.3,53.2,Pass
3448,17,Male,25,86,1,Higher Secondary,High,1,6.3,73.4,72.0,Pass
3449,16,Female,11,83,1,Graduate,Medium,0,7.6,23.3,20.3,Fail
3450,18,Male,9,72,1,Primary,High,1,6.2,44.4,44.0,Pass
3451,14,Male,18,94,0,Primary,High,0,8.0,52.2,47.4,Pass
3452,18,Male,25,78,1,Secondary,High,0,7.3,42.7,52.5,Pass
3453,15,Female,3,84,1,No Schooling,Low,1,6.1,41.9,28.9,Fail
3454,15,Male,20,60,0,Higher Secondary,Medium,1,6.5,41.2,57.8,Pass
3455,17,Female,17,97,1,Secondary,High,1,8.8,58.8,54.0,Pass
3456,18,Female,14,82,0,Primary,Low,0,7.3,43.1,56.6,Pass
3457,17,Female,1,100,1,Primary,High,0,8.5,16.0,21.7,Fail
3458,17,Female,17,60,0,Primary,Low,0,4.9,26.2,38.6,Fail
3459,15,Male,25,58,0,Higher Secondary,Medium,0,6.4,60.4,64.6,Pass
3460,17,Female,27,63,1,Higher Secondary,Medium,1,8.5,61.4,61.8,Pass
3461,15,Male,8,58,0,Higher Secondary,Medium,0,5.6,25.5,31.7,Fail
3462,14,Female,5,88,1,Graduate,Medium,1,8.8,42.6,36.7,Fail
3463,18,Male,5,97,0,No Schooling,High,0,4.5,19.0,23.3,Fail
3464,17,Female,9,52,0,Primary,Low,0,8.5,25.0,37.2,Fail
3465,15,Male,3,78,0,Primary,Medium,1,6.2,31.8,44.2,Pass
3466,16,Female,19,68,1,Graduate,High,0,4.4,69.5,65.9,Pass
3467,17,Female,23,85,0,Primary,Medium,1,8.4,55.8,69.6,Pass
3468,14,Male,9,81,0,Primary,Medium,0,5.3,45.7,46.3,Pass
3469,14,Female,22,56,1,Higher Secondary,Medium,1,4.1,57.8,55.4,Pass
3470,16,Female,18,77,0,Higher Secondary,Low,0,4.7,38.7,48.7,Pass
3471,15,Female,16,93,0,No Schooling,Low,0,7.3,45.6,47.9,Pass
3472,17,Male,1,67,0,Primary,Low,1,8.9,35.3,29.4,Fail
3473,15,Female,2,54,0,Secondary,Medium,1,4.6,32.0,17.6,Fail
3474,14,Female,14,72,1,Primary,High,1,6.3,45.4,51.2,Pass
3475,15,Male,14,71,0,Primary,High,0,4.9,45.7,40.0,Pass
3476,14,Male,1,75,0,No Schooling,High,0,7.7,13.6,23.2,Fail
3477,15,Male,26,91,1,Secondary,Medium,0,4.6,67.5,66.9,Pass
3478,16,Male,26,61,0,Primary,Low,0,5.2,53.0,56.6,Pass
3479,18,Male,25,89,0,Secondary,High,0,5.0,73.5,63.2,Pass
3480,16,Female,16,68,1,Higher Secondary,Medium,0,6.8,52.0,62.6,Pass
3481,16,Female,15,96,1,Higher Secondary,Medium,1,8.4,52.5,50.4,Pass
3482,18,Female,26,50,1,Secondary,High,0,6.6,51.2,72.1,Pass
3483,18,Male,15,52,1,Primary,High,0,4.3,40.8,35.1,Fail
3484,17,Female,12,76,0,Secondary,Medium,1,6.8,44.2,56.3,Pass
3485,17,Male,16,67,1,Secondary,High,1,8.0,49.3,52.7,Pass
3486,16,Male,14,99,0,Higher Secondary,Medium,1,4.7,52.2,55.0,Pass
3487,16,Female,29,79,1,Secondary,High,1,4.4,89.0,71.5,Pass
3488,14,Male,24,51,0,Graduate,Low,1,4.9,51.8,45.7,Pass
3489,14,Male,15,54,1,Graduate,Medium,0,7.7,44.7,50.1,Pass
3490,17,Female,23,78,1,Higher Secondary,Low,0,7.0,85.1,69.7,Pass
3491,17,Male,15,82,0,Primary,High,1,6.7,43.6,56.8,Pass
3492,14,Male,19,91,1,Primary,Medium,1,5.2,65.7,63.8,Pass
3493,14,Female,8,69,1,Higher Secondary,High,0,5.7,38.1,30.9,Fail
3494,15,Male,2,79,1,Primary,Medium,1,8.8,34.6,25.6,Fail
3495,15,Male,2,91,0,No Schooling,High,0,5.2,30.7,24.0,Fail
3496,14,Female,27,54,1,Graduate,Low,0,8.5,50.9,57.8,Pass
3497,15,Female,10,99,1,No Schooling,Low,1,6.9,56.3,54.0,Pass
3498,18,Female,3,70,0,No Schooling,High,0,4.6,7.1,11.6,Fail
3499,17,Female,23,64,0,No Schooling,Low,0,6.3,71.7,78.3,Pass
3500,17,Male,17,69,1,Higher Secondary,Low,0,8.7,66.3,68.9,Pass
3501,14,Male,8,57,0,No Schooling,High,0,6.1,25.8,22.3,Fail
3502,16,Female,28,98,0,Secondary,Medium,1,8.3,86.9,81.1,Pass
3503,14,Male,23,80,0,Primary,High,1,5.3,60.6,54.2,Pass
3504,15,Male,4,61,1,Higher Secondary,Medium,1,6.9,32.4,24.0,Fail
3505,16,Female,14,70,1,Secondary,Low,1,8.2,43.2,32.6,Fail
3506,15,Female,21,79,0,Secondary,Low,1,8.6,68.4,75.7,Pass
3507,18,Male,10,76,1,Graduate,Low,0,6.4,35.0,47.0,Pass
3508,15,Female,29,93,0,Graduate,Low,0,7.2,79.3,71.5,Pass
3509,18,Female,1,75,1,Secondary,Low,0,4.0,26.6,12.9,Fail
3510,18,Female,4,82,0,Graduate,Medium,0,5.3,30.4,32.3,Fail
3511,15,Male,1,75,1,Primary,Medium,1,5.4,17.1,11.0,Fail
3512,15,Female,17,75,0,Primary,Medium,1,4.5,53.6,61.4,Pass
3513,18,Male,26,85,1,Graduate,High,0,5.4,56.0,55.1,Pass
3514,16,Male,17,89,1,No Schooling,Low,1,5.6,60.8,39.7,Fail
3515,18,Male,7,50,0,Secondary,Low,0,8.8,44.9,42.1,Pass
3516,17,Female,23,64,1,Primary,Low,0,7.3,42.8,48.1,Pass
3517,18,Female,20,99,1,Graduate,High,1,6.1,66.2,64.2,Pass
3518,16,Female,15,50,1,Graduate,High,1,8.9,39.1,43.3,Pass
3519,17,Female,13,60,1,Primary,High,1,4.8,35.1,41.8,Pass
3520,14,Female,28,51,1,Primary,Low,0,6.4,52.4,64.9,Pass
3521,14,Male,2,50,1,No Schooling,Medium,1,7.2,40.7,37.3,Fail
3522,16,Male,28,80,1,Graduate,High,0,4.3,86.4,80.9,Pass
3523,18,Male,19,93,1,Graduate,High,1,7.6,53.9,56.7,Pass
3524,15,Female,24,65,0,Higher Secondary,Medium,0,4.5,59.5,49.1,Pass
3525,16,Male,13,71,1,No Schooling,High,1,4.7,39.6,42.9,Pass
3526,17,Male,24,91,0,Primary,Medium,0,4.8,56.5,64.7,Pass
3527,17,Female,11,67,1,Primary,Low,0,8.6,19.1,33.4,Fail
3528,14,Female,27,96,0,Secondary,Medium,1,7.4,95.6,86.2,Pass
3529,17,Male,22,66,1,Primary,Medium,0,7.3,66.8,71.2,Pass
3530,16,Male,15,79,0,Graduate,Low,1,6.8,44.7,48.9,Pass
3531,17,Female,10,59,0,Primary,High,1,5.5,40.5,44.6,Pass
3532,16,Female,9,84,1,Graduate,Low,1,7.1,42.7,40.6,Pass
3533,15,Female,27,70,0,Graduate,High,0,6.1,71.0,60.1,Pass
3534,14,Female,28,65,1,No Schooling,High,1,4.7,66.1,66.3,Pass
3535,17,Male,9,55,1,Primary,Medium,0,7.4,31.1,27.2,Fail
3536,16,Male,20,52,0,No Schooling,Low,1,4.6,44.0,44.2,Pass
3537,18,Female,28,90,1,Graduate,Medium,1,5.0,83.0,78.9,Pass
3538,14,Male,1,92,0,Primary,Low,0,8.1,51.2,49.2,Pass
3539,15,Male,17,70,0,Primary,Low,0,7.3,43.7,53.9,Pass
3540,16,Female,12,62,1,No Schooling,Medium,1,7.2,41.6,44.9,Pass
3541,15,Male,10,67,1,No Schooling,High,0,6.1,37.8,48.0,Pass
3542,15,Male,5,73,1,Graduate,High,1,6.0,40.0,35.6,Fail
3543,17,Male,29,76,1,Graduate,Low,0,7.5,66.3,73.6,Pass
3544,17,Female,18,53,1,Primary,High,0,7.7,42.0,45.8,Pass
3545,16,Female,15,71,0,Primary,Medium,1,6.6,49.6,41.1,Pass
3546,18,Male,6,73,0,Higher Secondary,Medium,0,8.8,13.4,27.9,Fail
3547,16,Female,7,89,1,Higher Secondary,Medium,1,8.8,39.7,27.4,Fail
3548,18,Female,17,94,1,Secondary,Low,1,6.1,41.7,38.5,Fail
3549,15,Female,6,59,1,Graduate,Low,0,8.1,24.8,30.8,Fail
3550,14,Male,8,51,0,Secondary,High,1,6.7,22.8,21.3,Fail
3551,16,Male,12,89,0,Secondary,Medium,0,6.6,51.0,48.3,Pass
3552,16,Female,21,55,0,No Schooling,Medium,0,4.3,40.6,47.5,Pass
3553,18,Male,14,97,1,No Schooling,Low,1,6.9,54.4,47.6,Pass
3554,15,Male,12,67,1,Higher Secondary,Low,0,8.5,19.6,32.0,Fail
3555,15,Male,23,66,0,Secondary,Low,1,7.9,69.5,69.9,Pass
3556,18,Male,10,87,1,Higher Secondary,Medium,1,7.9,38.2,31.3,Fail
3557,15,Male,22,94,1,Graduate,Medium,0,4.8,59.4,63.4,Pass
3558,17,Female,20,72,0,Primary,High,0,5.8,59.4,42.4,Pass
3559,14,Male,15,95,0,No Schooling,Medium,1,5.2,63.8,71.5,Pass
3560,16,Male,7,79,1,Graduate,High,1,5.6,31.1,35.3,Fail
3561,14,Male,26,70,0,Graduate,High,1,6.9,70.3,79.4,Pass
3562,16,Female,9,59,1,No Schooling,Medium,0,5.8,22.7,33.1,Fail
3563,17,Female,10,92,0,No Schooling,High,0,6.8,44.9,42.8,Pass
3564,15,Female,10,62,0,Secondary,High,1,6.2,30.8,27.7,Fail
3565,18,Male,16,61,1,Higher Secondary,Low,0,5.4,35.1,40.1,Pass
3566,17,Female,29,58,1,Graduate,Medium,1,4.5,69.3,76.9,Pass
3567,14,Female,7,53,0,Secondary,High,0,8.5,19.2,20.7,Fail
3568,18,Female,28,88,1,Secondary,High,1,4.1,96.6,86.5,Pass
3569,15,Female,5,73,0,Graduate,High,1,4.0,28.2,11.2,Fail
3570,17,Male,23,83,1,Graduate,Medium,1,8.1,55.5,55.0,Pass
3571,18,Female,3,88,0,Primary,Low,1,9.0,26.9,22.5,Fail
3572,17,Female,18,90,0,Higher Secondary,Low,1,7.6,58.8,72.2,Pass
3573,17,Male,11,54,0,Graduate,Medium,1,4.1,38.8,26.3,Fail
3574,15,Male,15,64,1,No Schooling,Medium,0,5.1,47.8,50.0,Pass
3575,16,Female,21,99,0,Primary,Medium,1,8.9,75.3,85.4,Pass
3576,18,Male,20,53,0,Higher Secondary,Medium,1,8.0,34.2,54.2,Pass
3577,15,Female,5,100,0,No Schooling,Low,1,6.8,52.1,55.6,Pass
3578,17,Male,24,88,0,No Schooling,High,1,5.2,58.3,73.8,Pass
3579,15,Male,12,57,1,Higher Secondary,High,1,4.1,47.1,43.2,Pass
3580,16,Female,4,98,1,Primary,Medium,0,4.1,55.6,45.3,Pass
3581,18,Male,15,94,0,No Schooling,Medium,1,7.1,47.7,50.7,Pass
3582,16,Female,9,73,0,Secondary,High,1,4.1,32.0,35.2,Fail
3583,14,Male,7,77,1,Higher Secondary,Low,1,9.0,31.4,38.6,Fail
3584,18,Female,10,92,0,Higher Secondary,Medium,1,4.9,44.2,54.1,Pass
3585,16,Male,29,76,1,Graduate,Medium,0,7.6,82.0,83.9,Pass
3586,17,Male,28,50,0,Primary,Low,0,4.8,45.9,48.1,Pass
3587,18,Male,23,83,1,Secondary,Low,1,6.7,62.5,68.7,Pass
3588,18,Male,13,66,0,Secondary,Low,1,4.4,54.1,54.0,Pass
3589,15,Male,29,86,1,Graduate,Medium,0,7.8,78.5,73.1,Pass
3590,17,Female,8,87,1,No Schooling,Low,1,6.9,41.1,32.4,Fail
3591,14,Male,12,75,1,No Schooling,Medium,0,4.4,41.4,47.3,Pass
3592,16,Female,22,73,0,Secondary,Medium,1,8.2,69.1,64.6,Pass
3593,15,Female,24,88,1,Primary,Low,0,6.7,81.2,72.7,Pass
3594,16,Female,19,70,1,No Schooling,High,0,8.6,69.5,63.5,Pass
3595,14,Male,26,79,0,Higher Secondary,Low,1,8.6,81.5,82.0,Pass
3596,14,Female,26,96,0,Graduate,High,1,8.6,66.1,79.6,Pass
3597,18,Male,1,100,0,Primary,Low,1,4.4,54.7,44.2,Pass
3598,14,Female,16,97,0,No Schooling,Low,1,4.6,50.7,45.0,Pass
3599,16,Female,22,62,1,Secondary,Medium,0,8.9,38.1,61.8,Pass
3600,17,Female,17,86,0,Graduate,Medium,0,6.4,52.4,59.7,Pass
3601,17,Female,25,52,0,No Schooling,Medium,1,5.2,72.9,77.9,Pass
3602,18,Female,18,81,0,Secondary,Medium,0,7.8,57.9,66.2,Pass
3603,16,Male,11,84,0,No Schooling,Medium,1,5.3,46.0,38.6,Fail
3604,16,Female,18,68,0,Graduate,Medium,1,7.6,55.3,49.3,Pass
3605,14,Female,7,63,0,Higher Secondary,Medium,1,8.2,39.7,36.6,Fail
3606,16,Male,18,97,0,Higher Secondary,High,0,7.9,57.6,66.4,Pass
3607,15,Male,26,71,1,Secondary,High,1,5.4,65.3,57.0,Pass
3608,14,Male,8,66,1,Higher Secondary,Medium,0,6.0,27.4,19.5,Fail
3609,15,Female,6,53,1,Graduate,High,1,6.1,34.0,18.0,Fail
3610,18,Female,7,94,1,Secondary,Low,0,6.5,40.5,27.7,Fail
3611,17,Female,23,89,1,No Schooling,High,0,4.8,64.2,56.4,Pass
3612,18,Female,22,68,0,Primary,Medium,0,6.3,63.9,64.5,Pass
3613,17,Female,10,86,0,No Schooling,High,0,6.6,38.3,29.7,Fail
3614,18,Female,11,51,0,Graduate,Low,1,6.7,34.7,43.0,Pass
3615,16,Male,25,64,0,Secondary,High,0,8.1,58.6,65.2,Pass
3616,15,Male,13,51,1,No Schooling,Medium,0,6.6,64.1,40.4,Pass
3617,17,Female,9,60,1,Secondary,Low,1,5.2,28.6,30.5,Fail
3618,14,Female,7,94,0,Higher Secondary,Low,0,7.3,49.6,45.3,Pass
3619,15,Female,9,72,0,Primary,High,1,8.0,37.1,54.4,Pass
3620,14,Female,13,59,1,Graduate,Low,0,5.6,39.6,42.8,Pass
3621,15,Female,26,52,1,No Schooling,Low,1,7.2,49.5,45.0,Pass
3622,15,Male,3,54,1,Primary,Low,0,4.7,42.5,35.4,Fail
3623,18,Male,3,52,0,Graduate,Medium,0,5.7,22.3,24.0,Fail
3624,17,Female,1,87,0,Graduate,Low,0,8.5,34.2,36.4,Fail
3625,17,Male,21,62,1,Higher Secondary,High,0,8.6,38.1,71.1,Pass
3626,15,Female,20,91,1,Secondary,High,1,6.9,58.9,55.3,Pass
3627,16,Female,2,68,0,Secondary,Low,0,7.5,27.5,21.9,Fail
3628,16,Female,25,89,0,Primary,High,1,8.3,67.6,74.3,Pass
3629,14,Male,3,99,0,Higher Secondary,Low,1,8.8,43.7,53.8,Pass
3630,14,Male,15,84,0,Graduate,High,1,6.4,73.7,69.3,Pass
3631,18,Female,24,73,1,Higher Secondary,Low,1,6.8,70.9,67.2,Pass
3632,15,Male,6,73,1,Higher Secondary,Low,0,6.1,29.4,37.6,Fail
3633,14,Male,13,66,1,Primary,Low,0,4.4,35.8,51.5,Pass
3634,14,Female,21,89,0,Secondary,Medium,0,6.1,50.5,48.3,Pass
3635,15,Male,1,59,0,Higher Secondary,High,0,8.0,14.9,11.3,Fail
3636,18,Male,20,51,0,Higher Secondary,Low,0,8.0,41.4,50.9,Pass
3637,14,Female,19,93,1,Higher Secondary,Medium,0,8.5,60.6,64.2,Pass
3638,18,Female,1,72,1,No Schooling,Medium,1,4.3,36.4,38.9,Fail
3639,17,Male,28,55,1,Higher Secondary,Low,1,6.6,70.9,69.1,Pass
3640,18,Female,21,51,0,Higher Secondary,Low,0,4.5,48.1,54.3,Pass
3641,16,Male,22,70,0,Graduate,Low,0,5.0,56.0,69.7,Pass
3642,16,Female,2,84,1,No Schooling,Low,0,8.5,56.6,47.6,Pass
3643,18,Female,15,98,0,Higher Secondary,Low,1,6.5,49.7,46.5,Pass
3644,16,Female,14,78,1,Higher Secondary,High,0,7.8,47.0,53.3,Pass
3645,17,Female,19,56,1,Primary,Low,0,4.3,30.4,36.0,Fail
3646,15,Male,11,78,1,Primary,Low,0,6.1,39.1,42.3,Pass
3647,16,Female,15,86,1,No Schooling,High,1,7.4,47.3,47.8,Pass
3648,16,Female,6,72,0,Graduate,Medium,1,4.7,28.3,26.3,Fail
3649,18,Female,20,82,0,No Schooling,High,0,5.6,42.7,45.1,Pass
3650,17,Male,9,57,0,No Schooling,Medium,1,4.3,22.1,21.0,Fail
3651,15,Male,5,61,0,Primary,Medium,1,7.3,32.0,39.9,Fail
3652,18,Female,20,95,0,Primary,High,1,8.9,70.6,70.6,Pass
3653,18,Female,2,97,0,Graduate,Low,0,8.1,24.4,36.2,Fail
3654,17,Female,6,59,1,Higher Secondary,Medium,0,8.9,9.4,3.1,Fail
3655,15,Female,26,64,0,Graduate,Low,1,8.2,64.3,65.1,Pass
3656,17,Female,18,73,0,Higher Secondary,High,1,8.3,58.6,53.6,Pass
3657,15,Female,28,75,0,Secondary,Medium,1,6.9,76.2,74.4,Pass
3658,17,Male,29,96,1,Primary,Low,0,6.6,65.1,61.9,Pass
3659,18,Female,23,91,0,Secondary,Medium,1,6.0,60.7,49.2,Pass
3660,18,Female,19,88,1,Secondary,Medium,1,8.1,51.8,61.4,Pass
3661,14,Female,9,52,0,Primary,High,0,4.9,21.7,21.4,Fail
3662,16,Female,27,51,0,Secondary,Low,1,4.3,52.9,62.9,Pass
3663,17,Female,21,55,0,No Schooling,Low,1,8.7,47.9,46.6,Pass
3664,14,Female,24,70,1,Higher Secondary,Medium,0,4.0,57.5,45.4,Pass
3665,16,Male,27,58,1,Graduate,Low,1,8.9,67.0,74.4,Pass
3666,17,Male,6,59,0,Primary,Medium,1,7.6,23.2,32.9,Fail
3667,15,Male,14,85,0,No Schooling,High,1,5.6,50.1,43.1,Pass
3668,16,Male,28,52,0,Graduate,High,1,7.5,53.5,55.4,Pass
3669,18,Male,26,90,1,Graduate,Low,0,8.1,51.4,71.4,Pass
3670,14,Male,24,73,1,Graduate,High,0,5.2,66.3,64.8,Pass
3671,16,Female,29,71,0,Secondary,High,0,7.9,58.2,59.6,Pass
3672,16,Female,13,98,1,Secondary,Low,1,8.0,39.6,31.8,Fail
3673,18,Female,11,63,1,Secondary,Medium,0,5.2,44.0,35.9,Fail
3674,17,Female,12,91,1,Secondary,High,0,4.2,45.8,39.0,Fail
3675,15,Female,19,94,1,No Schooling,Low,1,5.0,69.2,68.8,Pass
3676,18,Female,19,93,0,Secondary,Low,0,5.0,60.6,57.4,Pass
3677,15,Male,21,76,0,Primary,Low,1,4.3,48.4,49.9,Pass
3678,17,Female,27,82,1,Graduate,High,1,7.6,82.4,72.8,Pass
3679,16,Male,26,71,1,No Schooling,High,1,5.9,50.0,68.9,Pass
3680,15,Male,19,78,1,Secondary,Medium,0,8.4,50.9,63.6,Pass
3681,14,Female,24,68,0,Graduate,Medium,0,5.3,51.8,63.8,Pass
3682,14,Female,26,68,0,No Schooling,Medium,1,6.3,56.6,61.8,Pass
3683,18,Female,13,55,1,Graduate,Medium,0,7.2,51.3,53.0,Pass
3684,17,Female,28,94,1,No Schooling,Medium,1,8.4,81.2,60.6,Pass
3685,18,Female,14,68,1,Higher Secondary,Medium,0,6.6,30.3,38.9,Fail
3686,18,Female,24,62,1,No Schooling,Low,0,5.9,45.0,68.7,Pass
3687,18,Female,18,75,0,Secondary,Medium,0,8.3,71.0,62.3,Pass
3688,14,Male,12,71,0,Graduate,High,0,5.6,34.5,29.1,Fail
3689,14,Female,4,70,0,Graduate,Medium,0,4.4,19.0,18.7,Fail
3690,18,Female,10,85,0,Graduate,High,1,6.2,57.1,42.8,Pass
3691,14,Male,29,51,0,Primary,Medium,0,7.9,41.0,49.9,Pass
3692,17,Female,17,96,0,Primary,Low,0,4.2,68.2,61.7,Pass
3693,18,Female,4,93,1,Secondary,Low,0,6.9,28.9,35.4,Fail
3694,14,Male,12,79,1,Higher Secondary,High,0,7.0,49.8,50.1,Pass
3695,15,Female,13,76,0,Primary,Medium,0,8.6,37.5,34.0,Fail
3696,18,Female,29,56,0,No Schooling,Low,1,5.4,49.6,54.1,Pass
3697,18,Female,27,69,0,Secondary,Low,1,5.4,68.0,71.4,Pass
3698,17,Female,29,99,1,Higher Secondary,Medium,1,6.2,90.7,90.3,Pass
3699,16,Female,4,80,1,No Schooling,High,0,5.8,9.5,14.2,Fail
3700,16,Female,10,72,1,Graduate,High,0,7.7,28.0,26.9,Fail
3701,17,Male,25,62,1,Primary,High,1,7.2,76.5,80.7,Pass
3702,17,Female,3,66,0,No Schooling,Low,1,7.8,33.3,46.2,Pass
3703,17,Female,15,53,1,Higher Secondary,Medium,1,8.1,51.0,61.3,Pass
3704,16,Male,2,63,0,Secondary,Low,1,8.6,36.2,49.5,Pass
3705,17,Male,25,69,1,No Schooling,Low,0,6.2,65.9,62.0,Pass
3706,14,Female,25,62,1,Secondary,Low,1,8.9,65.6,78.3,Pass
3707,18,Male,17,52,1,Graduate,Low,0,5.1,55.3,63.2,Pass
3708,18,Female,6,75,1,Higher Secondary,Medium,1,7.6,35.6,31.4,Fail
3709,15,Female,26,75,0,Higher Secondary,Low,0,6.7,61.3,59.0,Pass
3710,15,Male,8,67,0,Primary,Low,0,8.1,40.4,32.7,Fail
3711,18,Female,3,81,0,Higher Secondary,High,0,6.4,21.2,22.1,Fail
3712,14,Female,27,63,0,No Schooling,Low,1,7.9,78.6,66.2,Pass
3713,16,Male,25,96,0,No Schooling,Medium,0,8.7,69.2,85.5,Pass
3714,16,Male,18,52,0,No Schooling,Low,0,7.7,31.1,32.0,Fail
3715,14,Male,22,50,0,Graduate,Medium,1,7.9,51.1,61.1,Pass
3716,16,Male,1,75,1,Higher Secondary,Medium,1,4.3,18.1,0.0,Fail
3717,17,Female,29,73,0,Higher Secondary,Medium,1,5.0,71.3,88.3,Pass
3718,18,Male,16,98,1,No Schooling,High,1,8.9,57.6,68.0,Pass
3719,18,Male,7,84,0,Primary,High,1,7.5,32.1,21.1,Fail
3720,14,Male,3,63,1,Primary,Low,1,6.8,13.6,21.2,Fail
3721,16,Male,23,52,0,Higher Secondary,Low,0,5.8,42.2,48.7,Pass
3722,15,Male,4,62,1,Higher Secondary,Low,0,4.2,25.8,25.0,Fail
3723,15,Female,9,96,0,Secondary,Medium,1,5.8,43.6,45.4,Pass
3724,16,Male,5,99,0,Higher Secondary,Medium,1,6.5,28.0,22.2,Fail
3725,15,Female,19,63,0,No Schooling,Medium,0,5.1,47.6,49.5,Pass
3726,14,Male,15,70,0,Graduate,Low,0,4.9,33.6,23.6,Fail
3727,14,Male,8,75,1,Higher Secondary,Low,0,6.5,46.7,42.9,Pass
3728,16,Male,6,52,0,Higher Secondary,Low,1,6.9,40.3,20.8,Fail
3729,15,Male,18,100,0,No Schooling,Low,0,5.2,54.4,63.7,Pass
3730,14,Male,19,89,1,Secondary,High,0,6.9,74.0,56.2,Pass
3731,14,Male,24,53,0,Higher Secondary,High,1,8.5,55.5,65.1,Pass
3732,17,Male,15,85,1,Primary,High,1,6.4,43.0,52.1,Pass
3733,17,Male,26,100,1,Primary,Low,1,8.3,88.9,99.0,Pass
3734,14,Female,7,92,0,Primary,High,0,8.6,54.2,62.6,Pass
3735,16,Male,10,50,0,Graduate,High,1,4.5,44.9,51.5,Pass
3736,18,Female,6,89,1,Graduate,Low,0,4.5,31.1,28.7,Fail
3737,18,Male,14,96,0,Higher Secondary,High,0,6.4,37.4,50.2,Pass
3738,14,Female,17,82,1,Higher Secondary,Low,1,6.9,54.6,56.8,Pass
3739,14,Male,9,56,0,Higher Secondary,Low,0,6.1,55.1,50.5,Pass
3740,14,Male,19,60,0,Graduate,Low,1,5.6,39.7,40.8,Pass
3741,16,Male,5,76,1,Higher Secondary,Medium,1,7.2,46.5,54.5,Pass
3742,17,Female,23,63,0,No Schooling,Low,1,4.0,57.5,51.3,Pass
3743,14,Female,7,71,0,Secondary,High,1,8.8,46.2,35.3,Fail
3744,14,Female,19,65,0,Primary,High,0,5.2,35.4,45.9,Pass
3745,15,Female,20,95,1,Primary,Low,1,8.6,64.0,50.4,Pass
3746,16,Male,26,61,0,No Schooling,Medium,0,4.5,48.3,56.1,Pass
3747,14,Male,7,98,1,Higher Secondary,Medium,0,5.2,34.5,45.6,Pass
3748,15,Male,24,95,0,Graduate,Medium,1,5.2,76.9,74.9,Pass
3749,18,Female,2,59,1,Higher Secondary,High,0,9.0,12.5,20.2,Fail
3750,14,Male,25,73,0,Higher Secondary,Medium,1,4.0,67.3,58.5,Pass
3751,14,Female,23,95,0,Primary,Medium,1,7.2,68.6,56.2,Pass
3752,15,Female,16,67,1,Primary,Low,1,8.3,42.6,55.2,Pass
3753,16,Female,13,71,0,Graduate,Medium,0,7.4,33.4,39.5,Fail
3754,14,Female,8,58,1,Primary,Medium,1,5.8,40.7,42.8,Pass
3755,18,Female,6,66,0,Higher Secondary,Medium,1,8.8,33.5,17.9,Fail
3756,14,Male,6,87,1,No Schooling,Low,0,8.5,38.5,44.0,Pass
3757,18,Female,9,89,0,Graduate,Low,1,6.2,42.9,56.3,Pass
3758,17,Female,4,62,1,No Schooling,Medium,1,6.9,29.6,40.0,Pass
3759,17,Male,27,99,0,Higher Secondary,High,1,8.8,75.0,79.5,Pass
3760,18,Female,11,86,1,Graduate,High,1,8.9,64.7,49.9,Pass
3761,16,Female,5,55,1,No Schooling,Low,1,6.2,37.3,34.8,Fail
3762,14,Male,25,70,0,Graduate,Medium,1,8.2,62.2,68.4,Pass
3763,14,Male,17,100,1,Higher Secondary,High,0,5.5,47.7,44.9,Pass
3764,17,Male,20,85,1,Graduate,Medium,1,5.9,59.3,55.3,Pass
3765,18,Female,7,56,0,Higher Secondary,Low,1,4.8,23.1,42.0,Pass
3766,14,Male,27,85,0,Graduate,High,1,5.0,63.0,57.7,Pass
3767,14,Male,15,74,0,Graduate,Low,1,7.3,31.0,35.9,Fail
3768,16,Male,25,60,0,Primary,Medium,0,6.6,55.4,65.6,Pass
3769,15,Female,15,93,0,Higher Secondary,Low,1,5.2,76.1,81.3,Pass
3770,17,Male,14,63,0,Secondary,Low,0,6.0,41.9,41.1,Pass
3771,17,Female,13,94,1,Graduate,Low,1,5.9,63.0,40.9,Pass
3772,15,Female,11,78,1,No Schooling,Low,1,8.9,57.5,36.9,Fail
3773,14,Male,28,59,1,Primary,High,0,8.3,59.8,88.4,Pass
3774,16,Female,13,99,0,Primary,Medium,0,5.9,47.0,30.4,Fail
3775,16,Female,26,97,0,Graduate,High,1,8.6,59.1,67.2,Pass
3776,17,Male,22,54,1,Secondary,Medium,1,5.7,59.2,47.9,Pass
3777,16,Female,28,57,1,Primary,Medium,1,7.3,67.7,65.5,Pass
3778,15,Male,24,95,0,Higher Secondary,Medium,1,8.8,60.9,61.1,Pass
3779,14,Female,29,54,1,Graduate,Medium,1,6.0,79.2,62.3,Pass
3780,15,Female,9,73,0,Graduate,Medium,1,7.4,32.6,45.4,Pass
3781,18,Male,10,89,0,Secondary,High,0,5.5,70.2,60.2,Pass
3782,17,Male,4,75,1,Higher Secondary,Medium,1,5.3,40.5,30.4,Fail
3783,16,Female,17,55,0,Higher Secondary,Low,1,6.9,46.8,45.4,Pass
3784,18,Female,14,65,0,Secondary,High,1,8.9,64.9,69.5,Pass
3785,16,Male,24,85,0,No Schooling,High,0,6.3,38.7,50.7,Pass
3786,14,Female,18,61,0,Higher Secondary,Medium,0,8.7,42.4,67.0,Pass
3787,14,Female,11,60,1,No Schooling,Low,0,8.6,33.2,35.5,Fail
3788,14,Female,16,52,0,No Schooling,Low,1,5.3,42.8,48.2,Pass
3789,16,Female,1,93,0,Graduate,Medium,0,6.0,31.7,17.2,Fail
3790,18,Male,29,86,1,Graduate,Medium,1,7.2,75.2,73.5,Pass
3791,14,Male,7,55,0,Primary,Low,1,6.6,46.0,49.4,Pass
3792,18,Male,28,68,0,Graduate,High,1,4.5,71.8,80.3,Pass
3793,16,Male,10,67,1,Higher Secondary,High,1,9.0,47.9,62.3,Pass
3794,18,Male,9,65,1,Higher Secondary,Medium,1,7.8,45.6,47.5,Pass
3795,16,Male,27,72,0,No Schooling,High,1,6.2,54.2,71.4,Pass
3796,16,Female,28,92,0,Higher Secondary,High,1,7.1,76.6,81.9,Pass
3797,17,Male,28,86,1,Graduate,Low,0,4.4,73.2,68.3,Pass
3798,16,Female,25,58,0,Graduate,High,0,6.5,43.7,41.9,Pass
3799,16,Female,3,52,0,Graduate,Low,0,8.7,29.0,28.4,Fail
3800,15,Female,22,57,0,Secondary,Medium,1,8.5,34.7,39.5,Fail
3801,14,Male,23,87,1,Higher Secondary,Medium,0,5.7,88.8,87.0,Pass
3802,17,Female,14,53,0,Primary,Low,1,6.7,41.5,53.0,Pass
3803,17,Male,26,61,1,Higher Secondary,Low,0,7.5,51.7,52.7,Pass
3804,17,Female,25,93,1,Higher Secondary,Medium,0,5.7,74.6,80.5,Pass
3805,15,Female,15,80,1,Secondary,Low,1,4.3,60.8,44.2,Pass
3806,16,Male,2,74,1,Higher Secondary,Medium,0,6.5,48.7,50.2,Pass
3807,14,Female,24,65,0,No Schooling,Medium,1,7.0,78.3,73.3,Pass
3808,18,Female,14,91,1,Graduate,Medium,0,4.0,38.0,42.5,Pass
3809,16,Female,16,63,0,Graduate,Medium,0,4.5,40.2,53.9,Pass
3810,15,Female,7,62,1,Secondary,Medium,0,5.0,23.0,30.2,Fail
3811,16,Male,4,90,1,Graduate,Medium,1,5.7,48.4,38.0,Fail
3812,16,Female,18,56,0,No Schooling,High,1,6.7,63.0,67.2,Pass
3813,15,Female,24,61,1,Secondary,High,0,5.5,44.1,44.5,Pass
3814,17,Male,27,86,1,Primary,Medium,0,5.4,68.7,53.9,Pass
3815,17,Female,5,99,0,Graduate,High,1,8.3,35.9,44.7,Pass
3816,14,Female,6,53,1,Higher Secondary,Low,0,4.7,36.3,21.7,Fail
3817,14,Female,27,51,1,No Schooling,Low,0,6.5,62.9,74.5,Pass
3818,17,Female,7,84,1,No Schooling,Medium,1,8.8,55.5,50.6,Pass
3819,18,Male,15,93,0,Graduate,High,0,7.1,46.2,48.1,Pass
3820,16,Female,26,52,1,Primary,Low,0,7.6,56.4,56.2,Pass
3821,18,Male,1,53,0,Higher Secondary,Low,1,6.2,26.3,20.4,Fail
3822,16,Female,24,87,0,Primary,Low,1,4.1,64.4,62.9,Pass
3823,17,Female,4,61,0,Primary,Low,1,7.2,32.3,32.8,Fail
3824,14,Female,29,68,1,Graduate,High,1,7.2,84.6,75.4,Pass
3825,14,Male,25,59,1,Higher Secondary,Low,0,4.6,79.5,79.2,Pass
3826,18,Female,1,50,1,Graduate,Low,1,6.3,19.6,26.6,Fail
3827,14,Female,11,66,1,Graduate,Low,1,8.6,65.8,62.5,Pass
3828,17,Male,18,65,0,No Schooling,Medium,0,5.0,41.5,41.8,Pass
3829,18,Male,14,58,0,Graduate,Low,1,6.3,52.1,56.9,Pass
3830,16,Male,22,58,1,Secondary,Low,1,6.3,53.5,62.2,Pass
3831,14,Male,11,58,1,Higher Secondary,High,0,8.1,26.6,18.8,Fail
3832,15,Female,10,61,0,No Schooling,Low,1,8.1,50.5,49.7,Pass
3833,14,Female,27,90,1,Higher Secondary,Low,1,7.8,75.0,91.4,Pass
3834,16,Female,17,64,1,No Schooling,Low,0,5.8,60.5,64.6,Pass
3835,18,Female,4,51,1,Secondary,Medium,1,4.4,36.8,39.8,Fail
3836,16,Male,24,60,1,Graduate,High,1,5.7,66.1,60.1,Pass
3837,15,Female,15,60,1,No Schooling,High,0,7.4,49.0,51.3,Pass
3838,17,Female,26,57,1,No Schooling,Medium,0,7.5,70.0,70.3,Pass
3839,14,Female,16,81,0,No Schooling,Medium,1,8.8,62.6,60.9,Pass
3840,18,Female,21,55,0,Secondary,High,1,6.3,49.0,49.6,Pass
3841,17,Male,13,69,0,Higher Secondary,Low,1,7.2,49.4,38.8,Fail
3842,16,Female,9,88,0,Secondary,High,0,6.7,54.9,48.7,Pass
3843,18,Female,11,84,1,No Schooling,Medium,1,4.8,50.2,38.4,Fail
3844,17,Female,11,57,1,No Schooling,Low,1,6.3,36.7,43.1,Pass
3845,18,Male,6,99,0,Graduate,High,0,6.7,32.5,32.1,Fail
3846,15,Male,1,98,0,Secondary,Low,1,8.8,44.4,22.6,Fail
3847,15,Female,22,92,0,Secondary,Low,1,5.8,63.2,73.5,Pass
3848,14,Female,6,83,0,Primary,Medium,1,8.9,42.5,44.5,Pass
3849,14,Female,13,68,0,Higher Secondary,High,0,6.7,37.0,37.0,Fail
3850,15,Male,22,56,1,Primary,Medium,0,5.2,64.5,59.8,Pass
3851,18,Female,24,80,1,Primary,High,1,5.0,69.5,57.1,Pass
3852,15,Female,22,67,0,Higher Secondary,High,1,4.7,72.4,66.2,Pass
3853,14,Female,5,89,0,Graduate,Low,0,6.3,48.1,45.9,Pass
3854,15,Male,15,63,1,Graduate,Low,1,4.1,48.5,60.0,Pass
3855,15,Female,27,88,1,Higher Secondary,Low,0,6.2,83.2,78.3,Pass
3856,18,Female,18,85,1,Higher Secondary,Medium,0,8.9,52.1,56.7,Pass
3857,17,Male,20,66,0,Secondary,Low,0,7.4,52.5,65.9,Pass
3858,14,Male,14,86,1,Secondary,Medium,0,7.8,42.0,36.5,Fail
3859,18,Female,15,93,0,Secondary,Low,0,4.6,56.3,52.5,Pass
3860,15,Male,26,58,0,Secondary,Medium,1,6.4,64.4,61.1,Pass
3861,15,Female,5,69,1,No Schooling,High,0,5.4,36.3,33.3,Fail
3862,17,Male,26,94,1,No Schooling,Medium,1,8.5,61.6,75.5,Pass
3863,14,Male,4,77,1,Graduate,Medium,1,4.9,17.2,6.2,Fail
3864,14,Female,2,99,0,No Schooling,Medium,1,6.3,26.4,33.9,Fail
3865,16,Female,7,69,1,No Schooling,High,0,6.9,39.2,40.3,Pass
3866,14,Female,10,90,1,Secondary,Medium,1,6.6,56.7,51.1,Pass
3867,17,Male,16,85,0,Secondary,High,1,8.2,65.8,72.9,Pass
3868,16,Female,10,76,1,Higher Secondary,Low,1,5.2,41.8,33.0,Fail
3869,16,Female,18,57,1,Secondary,Low,0,5.9,49.2,40.3,Pass
3870,15,Female,17,81,0,Higher Secondary,High,1,8.0,47.8,43.7,Pass
3871,15,Female,21,50,0,Higher Secondary,Medium,0,6.6,60.2,65.1,Pass
3872,14,Female,28,66,0,No Schooling,Low,0,6.0,54.7,58.5,Pass
3873,16,Male,13,58,0,Secondary,Medium,1,4.1,53.7,40.6,Pass
3874,15,Female,1,69,0,No Schooling,Medium,1,7.8,24.7,17.2,Fail
3875,17,Female,1,94,1,Secondary,High,0,8.9,48.5,42.0,Pass
3876,15,Male,15,81,1,No Schooling,Low,0,7.1,51.6,51.3,Pass
3877,15,Female,1,51,0,No Schooling,High,1,8.3,23.4,13.4,Fail
3878,16,Female,6,81,1,No Schooling,High,1,6.6,33.8,21.9,Fail
3879,16,Female,25,94,1,Graduate,High,1,5.2,95.4,79.3,Pass
3880,18,Female,26,58,0,No Schooling,High,1,4.1,71.3,75.8,Pass
3881,17,Female,13,79,0,Primary,Medium,1,7.3,53.3,47.7,Pass
3882,16,Male,27,69,0,Primary,Low,0,6.5,63.6,55.7,Pass
3883,14,Male,28,87,1,Primary,Low,0,7.9,64.5,69.9,Pass
3884,17,Male,1,50,0,Higher Secondary,Low,0,7.5,23.2,24.0,Fail
3885,17,Female,5,54,1,No Schooling,Medium,0,8.9,26.0,18.4,Fail
3886,16,Male,9,84,1,Primary,Medium,0,6.6,42.3,30.8,Fail
3887,17,Female,25,85,1,Higher Secondary,High,1,6.1,79.9,81.2,Pass
3888,16,Female,17,50,1,Primary,High,0,5.4,46.3,38.0,Fail
3889,15,Female,16,63,0,Secondary,High,1,6.4,48.1,55.6,Pass
3890,18,Male,8,58,1,Graduate,High,0,8.4,46.8,32.2,Fail
3891,15,Male,17,79,0,No Schooling,Low,0,4.2,41.0,31.2,Fail
3892,16,Male,15,73,1,Graduate,High,1,8.9,35.9,44.4,Pass
3893,16,Female,24,53,0,Graduate,Medium,0,9.0,43.9,50.3,Pass
3894,15,Male,1,99,0,Secondary,Medium,0,7.0,32.7,24.5,Fail
3895,14,Female,12,63,0,Secondary,Medium,0,5.7,43.8,43.9,Pass
3896,14,Male,5,74,1,Secondary,High,0,5.1,25.3,20.8,Fail
3897,14,Male,24,53,1,Higher Secondary,Low,1,5.4,96.8,76.2,Pass
3898,16,Female,6,74,1,Primary,Low,0,4.3,36.0,35.5,Fail
3899,17,Female,25,59,0,No Schooling,High,0,6.4,56.7,63.1,Pass
3900,16,Male,1,84,1,Secondary,High,0,4.3,16.8,16.4,Fail
3901,17,Male,25,56,1,No Schooling,Medium,0,7.6,42.9,54.7,Pass
3902,15,Male,1,91,1,No Schooling,Medium,0,5.9,14.0,9.9,Fail
3903,18,Female,10,62,0,No Schooling,Low,0,5.0,47.3,34.3,Fail
3904,17,Female,10,53,1,Secondary,Medium,0,6.7,46.0,40.9,Pass
3905,14,Male,3,99,1,Secondary,Medium,0,8.9,37.2,29.1,Fail
3906,16,Male,17,92,0,Primary,High,1,7.5,46.0,50.1,Pass
3907,15,Female,19,85,0,Secondary,Low,1,6.5,56.2,53.6,Pass
3908,14,Male,28,63,0,Secondary,High,1,7.9,80.1,80.1,Pass
3909,15,Female,11,67,0,No Schooling,Low,0,7.7,31.6,36.3,Fail
3910,18,Female,29,57,0,Primary,High,0,8.5,51.6,78.5,Pass
3911,16,Female,18,81,0,Graduate,Low,1,5.0,52.5,40.8,Pass
3912,16,Female,2,76,1,Secondary,Medium,1,8.3,30.9,28.6,Fail
3913,18,Female,9,91,1,Secondary,Low,1,5.5,56.2,38.7,Fail
3914,16,Female,24,86,0,Graduate,Low,1,8.7,44.7,52.6,Pass
3915,17,Male,17,72,1,No Schooling,High,0,5.4,51.8,44.6,Pass
3916,15,Female,28,56,0,Primary,Low,1,8.6,56.8,71.9,Pass
3917,14,Female,14,61,1,No Schooling,Low,0,8.8,36.9,32.1,Fail
3918,18,Male,4,74,0,Higher Secondary,Low,1,4.7,40.7,39.5,Fail
3919,17,Female,29,52,0,Secondary,High,0,8.9,46.1,65.8,Pass
3920,14,Male,17,75,1,Higher Secondary,Low,0,4.4,52.8,67.0,Pass
3921,14,Female,17,53,1,Secondary,High,0,5.1,49.2,63.7,Pass
3922,18,Male,12,91,1,Higher Secondary,Medium,0,6.2,54.1,43.1,Pass
3923,17,Male,28,85,1,Graduate,High,1,9.0,82.6,92.7,Pass
3924,14,Female,20,64,1,Secondary,Low,0,6.4,57.9,55.8,Pass
3925,14,Female,18,81,1,Secondary,Medium,0,6.8,61.5,61.9,Pass
3926,17,Female,3,78,1,Higher Secondary,Low,1,7.5,27.1,41.4,Pass
3927,16,Female,11,59,1,Primary,High,1,8.8,55.9,46.8,Pass
3928,14,Male,25,70,0,Higher Secondary,Medium,1,7.9,51.7,60.9,Pass
3929,15,Male,18,65,1,Secondary,Medium,1,5.1,58.2,39.9,Fail
3930,17,Male,4,96,1,Secondary,Medium,0,5.5,31.0,35.5,Fail
3931,14,Female,17,68,0,Primary,Low,1,4.5,33.7,56.0,Pass
3932,18,Male,18,78,0,No Schooling,Medium,0,7.2,44.7,54.4,Pass
3933,15,Female,5,100,0,Primary,Medium,1,4.9,41.3,45.6,Pass
3934,14,Female,14,67,0,No Schooling,Medium,0,5.3,55.0,59.7,Pass
3935,15,Male,10,93,1,Secondary,Medium,1,8.4,69.1,53.9,Pass
3936,15,Female,15,65,1,Graduate,High,1,5.6,48.7,50.5,Pass
3937,16,Male,1,50,0,Graduate,Low,1,6.8,7.6,17.5,Fail
3938,15,Female,16,97,0,Higher Secondary,Low,1,6.0,45.0,37.7,Fail
3939,16,Male,11,51,1,Primary,Medium,0,4.4,42.5,51.1,Pass
3940,17,Female,23,64,1,Primary,High,1,5.8,68.8,62.6,Pass
3941,16,Male,20,88,1,Graduate,Medium,0,6.0,53.3,53.4,Pass
3942,18,Male,6,77,1,No Schooling,Low,0,8.5,23.4,26.9,Fail
3943,14,Female,24,50,0,Primary,Low,1,5.6,65.9,65.8,Pass
3944,17,Female,29,54,1,No Schooling,Low,1,5.9,55.4,87.0,Pass
3945,17,Male,22,91,0,No Schooling,Medium,0,7.9,55.9,55.8,Pass
3946,18,Female,16,71,0,No Schooling,Medium,0,7.8,50.0,39.8,Fail
3947,16,Female,2,85,0,No Schooling,High,0,8.0,8.5,17.6,Fail
3948,14,Female,1,95,1,Higher Secondary,High,0,8.8,42.5,30.0,Fail
3949,16,Male,24,62,0,Higher Secondary,Low,0,8.0,78.4,72.6,Pass
3950,15,Male,24,50,1,Graduate,Low,1,6.0,60.1,67.4,Pass
3951,16,Female,9,65,0,Higher Secondary,High,1,8.1,37.7,30.8,Fail
3952,17,Female,22,90,1,Primary,Low,0,6.5,63.4,60.5,Pass
3953,14,Male,12,71,0,Higher Secondary,High,1,5.4,46.5,46.3,Pass
3954,16,Female,17,81,0,Primary,Medium,0,5.5,42.5,39.5,Fail
3955,14,Male,25,65,1,Primary,Low,1,5.1,53.8,58.1,Pass
3956,14,Female,28,100,1,No Schooling,Low,0,4.7,71.5,73.3,Pass
3957,15,Female,29,64,0,Graduate,High,1,4.9,69.2,69.7,Pass
3958,15,Female,15,95,0,No Schooling,Medium,1,4.3,46.0,46.0,Pass
3959,17,Male,19,91,1,No Schooling,Low,0,8.4,45.3,55.3,Pass
3960,18,Male,27,61,0,Higher Secondary,Low,1,8.7,59.4,62.3,Pass
3961,14,Male,22,50,1,Higher Secondary,High,0,6.9,37.7,36.8,Fail
3962,18,Male,10,66,1,Primary,Medium,0,8.2,44.5,36.3,Fail
3963,17,Female,29,90,0,Higher Secondary,High,1,4.9,41.1,44.2,Pass
3964,14,Female,26,100,1,Higher Secondary,Medium,0,8.5,60.3,77.0,Pass
3965,14,Male,27,99,0,Secondary,Medium,1,6.5,89.3,69.1,Pass
3966,18,Female,12,77,1,Primary,High,1,4.3,46.9,47.9,Pass
3967,16,Female,14,56,1,Primary,High,0,4.7,42.6,36.9,Fail
3968,15,Male,9,58,0,Secondary,Medium,1,5.5,34.6,42.8,Pass
3969,16,Female,27,71,1,Primary,High,0,4.2,58.5,58.4,Pass
3970,18,Female,13,75,0,Graduate,Low,0,5.5,53.0,49.0,Pass
3971,15,Male,3,61,1,Graduate,Low,1,4.3,25.1,26.8,Fail
3972,16,Female,21,56,1,Secondary,Low,0,5.2,43.0,58.9,Pass
3973,15,Female,29,95,1,Higher Secondary,Low,1,5.3,86.6,77.0,Pass
3974,14,Female,14,96,1,Graduate,Low,1,9.0,38.5,40.2,Pass
3975,16,Male,21,64,0,Secondary,High,0,5.2,47.8,55.8,Pass
3976,15,Male,10,87,1,Graduate,Medium,1,5.2,43.9,27.9,Fail
3977,15,Female,16,70,1,No Schooling,High,0,7.4,45.0,34.9,Fail
3978,15,Female,7,63,1,Secondary,Low,0,8.3,27.5,35.0,Fail
3979,16,Female,4,51,0,Primary,Low,0,5.9,25.1,30.7,Fail
3980,17,Male,27,57,0,Graduate,High,0,8.4,68.6,75.5,Pass
3981,16,Male,20,94,0,Primary,High,1,5.7,67.8,62.7,Pass
3982,18,Male,23,55,0,Secondary,Medium,0,5.0,47.6,48.7,Pass
3983,16,Female,25,86,1,Graduate,Low,0,5.6,72.6,83.0,Pass
3984,15,Female,11,86,1,Primary,High,0,7.0,52.8,62.6,Pass
3985,14,Female,16,82,1,Higher Secondary,Medium,1,5.8,60.2,56.7,Pass
3986,16,Female,20,90,0,Higher Secondary,Low,1,7.4,72.5,62.9,Pass
3987,16,Female,4,55,0,No Schooling,Low,0,5.2,0.0,1.4,Fail
3988,15,Male,22,75,1,Secondary,Low,1,7.5,63.8,68.3,Pass
3989,14,Female,22,88,1,Primary,High,1,5.7,70.5,56.9,Pass
3990,14,Female,23,90,1,No Schooling,Low,0,6.3,49.7,46.1,Pass
3991,18,Female,17,86,0,Secondary,Low,0,6.8,53.5,50.0,Pass
3992,16,Male,13,63,1,Higher Secondary,Medium,1,7.4,55.5,56.6,Pass
3993,14,Female,11,86,1,Primary,High,1,5.2,48.1,55.6,Pass
3994,14,Male,3,57,0,Graduate,Medium,1,8.2,33.2,34.2,Fail
3995,17,Male,9,88,0,Higher Secondary,High,0,7.6,50.1,50.4,Pass
3996,17,Male,6,62,1,Graduate,Low,1,5.2,49.0,48.3,Pass
3997,14,Male,22,62,0,Graduate,Medium,1,8.9,68.2,76.3,Pass
3998,18,Male,21,89,1,Primary,High,1,7.3,79.9,69.1,Pass
3999,14,Female,11,92,1,Primary,High,1,6.3,47.1,51.6,Pass
4000,15,Female,16,77,1,Graduate,Low,0,4.8,46.2,54.5,Pass
